sequence_sha256,length,label,source_class,cluster_id,split
884080f24f5e82f1ce361b84f303d9f116c235252c7f1343a453526f945858a1,24,amp,independent,0,test
e3c9a9870f92786eb0c4074be68df98b615b423260aeb259f87494ca49de9fe2,27,amp,independent,1,train
e6c7883f5a3f969ef3f92d8c93e565588d4edce26f079b8fe15e98c78ffaa9ee,18,amp,independent,2,train
3714bdb352e5d37bd8579c9be75b4c5902f615558c9810724561640ccb686910,23,amp,independent,3,train
c506beffaf109479ddfa74b6603c301401fb5eaef8304ac4c9f1269e8297999b,20,amp,independent,4,train
60d2c2a642acf5f01325edd9adbef0bced5e6590be24d5bba414bde99a6646ef,25,amp,independent,5,train
fc95dbbb6a5d673103f95a13e12d9cd7987a9446999f96f456870fcd36b0a04b,14,amp,independent,6,train
28b418c63e9610aef26902266c65ff104c1ea7b20c04c7d77fc0c47eeccbd1f2,24,amp,independent,7,train
f13caaa51f01488540f5d7642cf8b3085a431ddfbeafa545ce8bcc5e384454d9,20,amp,independent,8,train
c14e8d6bec965b5bf96801c5f5d75ca0265cbd676da4ad9ebe1f6d6a4d17581c,13,amp,independent,9,train
98720073734365e1ecc5985b79989fa3e2b27f1a4a5d6fbe8ea9872477d0f813,28,amp,independent,10,train
468df445542c28cdd6c76a82be9aa8368bf7975418f0461f16371d902688e3fc,21,amp,independent,11,validation
b7cc38f2c0c14ffb30b66f0b04d46fcd211ed27053d5c7d00c71c1c6012101d2,24,amp,independent,12,train
26b56fff99df8a7bcaebf90700bcfffdf2f8fe7f7125c5f7ba8362a48ae073e5,20,amp,independent,13,train
1f371e5c64de50e0f4793ea67df611203f952d7c3ea753de6716f03b7d90f9a2,30,amp,independent,14,test
68ee7ec471adb0d7f3ede4b2f29acfb1556e2f4ec870e59f2e945647ed98138d,14,amp,independent,15,train
38794189ecb78aa4e694e84de28d41ef0ffc223ea5e6ad175c505b564b66e4c8,25,amp,independent,16,train
282b07d17c89b0af2e8ab50bcbd16c3b623f8cc984b00c06aaac34b0b01a8915,15,amp,independent,17,train
661f0db15b7346503c228d8eb0ae5e97d0f4c9f223e2ed0b14e8d243393a1c44,11,amp,independent,18,train
55a9632f81401b7066f85617b07106c11fb23553b466fe88d091d92ed49ae419,11,amp,independent,18,train
af5b8c0cbfa60600912aee903af316fa5ce473ff231d8e0c5f6d1206aa00f575,18,amp,independent,19,validation
60f12dba4f2a222b9ce97dcc5f30f98bbccb735a5ba63867d0d91194291a7d9f,19,amp,independent,20,train
f0c4628cf46022ba1233cd1cae7c3b26252fcb0fe48a33e8895af7f8bb885967,20,amp,independent,21,train
17d69b12f97b9a0af84cb0588c26c8ccea3583039f853d379235a5ed2dc923aa,30,amp,independent,22,train
e24615084ec16b9c2304b4bcea2d005f7a6e9cee5d0dcb23da4165c8b51afa11,16,amp,independent,23,validation
6c10c5805374d4f3ee72ab874653badc70efb74ed656e13ae60db15d55d8d449,22,amp,independent,24,train
54acb49d9b1534775f4bfb660503e38b484f7e36536e812629737989aff826e0,24,amp,independent,25,test
e2ebda039df2a66f83e2f7ef1742c3ecad814a52bd6d17aec520e02a846847c7,21,amp,independent,26,train
fafb616af87f1c01bbe4a28919382909e69b9558537cafbca3f3fd978177ae1d,29,amp,independent,27,train
44dac3aa8fc71f36dcdd8bbe223188324fc3db414b50670d4bc027379b29b5ea,23,amp,independent,3,train
14c3fb3eba503219dc2c0b652945564d653eb5a8bae27cbbf3fc2c594c13b7f0,21,amp,independent,28,train
f1106b8e4bfc7c79f1a66779e2653392c51cd221f93028bdb2b4e7d690178e31,26,amp,independent,29,train
0d03793f99555e1d5af0d4de1eb191a15ecdd0bac60e62519861b70723183e93,12,amp,independent,30,train
8dc5fcf5d326bf1e44d99043c586445959f52fac680008d5d8fbf047016e6f9a,10,amp,independent,31,train
ef571c21a1bafc8e807ffbe6f4d74f3d431e25289e73804f7007d5639bc6c57c,20,amp,independent,32,test
310717e9ed56d7511b00d201280897b70b267b50e5b692cc268d57522e0e2345,23,amp,independent,33,train
21ae53fa85465739a977bfa464a7fc7c58a245482616363f4394297df8efc031,29,amp,independent,34,train
2831ef6a54e1f65eab872c152533b121401decf73b6a706a9abdff211effeb78,13,amp,independent,35,train
7a6e7a52f79c1b720d3501e5f3e35c94e73e07c72baa2520aaedac6f5c15f081,21,amp,independent,36,train
6bfc85085892af54d2845b5d0e84e63b93205a1bd11447367cad0cc363270f15,18,amp,independent,37,train
79052b74d0e24034eb1f66937a7ffee2a019b17305a2e2eae916f66c5d350263,17,amp,independent,38,train
646280c931976a63672084c5bd98bfb5b507ab571ba7006c8554d8af355d71db,26,amp,independent,39,train
3bf7892ef436a124876d26362e4d2e7d80b414772a2f4bad53a39fa058e31c58,23,amp,independent,40,train
d4cf84aa075744e7dc03705f6d998e238d1975f3b9308bb253769d4474707925,15,amp,independent,41,train
9e782af0902ae843961e7d38459c388fbed1e312c2601cbd9611129da6d87d90,26,amp,independent,42,train
fe17afca2080669632cf2227a2fd88138a23f877f4fbaccede99a60a937a46a2,21,amp,independent,43,train
41463233155aa67ce63fe1c3253f42903dc5c2ffaf995165b70b0844b8423c8b,28,amp,independent,44,test
7e8e36d58ac484ed12a602d395542b32fbbe274e950df309c895a029470fc1f2,23,amp,independent,45,test
204aedf928f9be7904244263d8cca662bc9b446ace8d86d127bd480847e86bb6,27,amp,independent,46,train
3f5b84fc8a1f68a2bf800d5a160df996fd8d34ed3fc09c33b4da050e31e43a4d,29,amp,independent,47,train
19e5034de215c5db9fd45bffa02418d66da7e5b4e393484c49e15a7c5205159d,20,amp,independent,8,train
46f298246b3c2f5703514f6f7ba0156a4f9102525edf7ea1bc0e32188e4086fc,29,amp,independent,48,train
afde50f04c71d99eecc222b5e592bf048397832ccbd601d410f768390be151ae,23,amp,independent,49,train
7f123bca2f61c54ace640b399c7ebfdc54ff15f9a6cd1ea346bbc388a3be2909,25,amp,independent,50,train
7be227145031b4b1d66a2386b53088cd5b679339659e32a599923338da45ef62,24,amp,independent,51,test
9150ce5c43588ab4e45ed951c4aef14e98351b74651c42a8442236c2d194f9a4,14,amp,independent,52,test
e89dcf5b280bd89ef28a914caa176fc554eaa76636bfb5b23fd589a190a407fe,27,amp,independent,53,train
e88519146ced1b10d4bbcd02dbc1391aa36fd22119f25f2709943d2cc05c0157,26,amp,independent,54,validation
3701dfc0aef7525f1e4fb14613bb60a3525151892222b1c9514be33517707ce5,19,amp,independent,55,train
1245b631b251495b68fa4b96330bb2d4c6609e503cc66082ca2f5e4a8d04fc84,19,amp,independent,55,train
9f9096fe7aaf9294fc22010317f609df1fd29ffa3d49572aeda1ce2916d1a173,20,amp,independent,56,train
6c6cb3db2f9579053667dcbeeff714666f5c362e8fd6226888395e170f84afd1,15,amp,independent,57,train
ddeb7d598ddfd4d5f796627db15926b3d43ebb254c6e9b244290772ff0b4f9a0,18,amp,independent,58,train
2b074704712b710f548f6bc0c4a5faff17c10a4ee59cf921fa7519b84609b0ab,12,amp,independent,59,train
6f0a6f92ff470cb36a8004ad31c30988ab4ae814ff92668bfae8daa239f03ece,17,amp,independent,60,train
de3ed04b182623fd913c668e3605019c59821710f36eeebb6077e7d335eee93d,10,amp,independent,61,train
3487067bbdc05b91b616420ad801088c438465619fa0d46a5f064faa42fc2991,26,amp,independent,62,train
c2ad09a550b69f41a8ce43de2b0e4cfaa6a22e1d74efe88fc9961588ce1f34ea,14,amp,independent,63,test
255f3562fe5b1322502ac2f67c1bad21161324284e5fad6bc823a82ca37c1a37,12,amp,independent,64,train
dc116c5e36fc1f9c39975097e0675c01ab38fc4789faea7f92ba5cfcf1bea4b4,12,amp,independent,65,train
863a5d2b3a0db4d1462a9230619e59678aeee599064ba071538d2dcc819e00a2,12,amp,independent,66,train
2d8aa18961e2ad63bda1957c67d5d509767be2f11f7e3f43507de6dcdbdccc08,18,amp,independent,67,test
5e298f09a5c20ab0c3bd242529fa46e4c01c8ab4290d71d7cc59a292576986c6,17,amp,independent,68,train
6463b896f3924946db3fe6e6c53b206aed79dd6d0fe0f62b00f5c015e9b8cfbc,15,amp,independent,41,train
af4e207378b4359cca1fc98bfaedef68b96caa3778f5326bcbf1630b121183da,15,amp,independent,41,train
2fc2b401140d9f4e794374b7876421ad53aa55e5f87c8123878afdefbd5911b4,26,amp,independent,69,train
4fafea141ff2a1f4099b68b37e2ce9cd348700592e086f3d235ad6367f22cd4a,17,amp,independent,70,train
78fefb7d22cea15fb7b9651175fb09efe6e75745748182c6da1b6137ed08de76,22,amp,independent,71,train
ad785d080fc739d4e4245944ffc71f5844a61c1add4ac1e074dd2f3c03c5486e,22,amp,independent,71,train
3435380c71f87a709116ccdb542ab23fdea7972680ac5a9f01d0884dfa8da829,21,amp,independent,72,train
3a1907709160404f5277e938982ff8519412353407275cf177cd9aeceb4bbf73,24,amp,independent,73,train
26d4e983a714f5a2c71c9874fc44504cd2be80b1e7bed9c2cb8dcc0d864aa6bd,25,amp,independent,74,train
d011050cabf907415a35389697750364294ef4d7a28ebb4d44f3c5538f46cbba,24,amp,independent,75,train
a8c661b43aef02139101c601212635413f334540e1f9cd0f1505c1eba075e7e1,16,amp,independent,76,train
8abf922002a0d343a05a656d5dc27b516bb42ba770819b1149af7f502448f7f7,15,amp,independent,41,train
a2ce2ef96d75808fccb08d97dcac710d5005b18d9040a9beb09228dcae7ed21f,24,amp,independent,77,validation
7e4367db80c78d6abadd600424016ae961a9caf96416b3e309035298d259c66e,13,amp,independent,78,validation
21139fba962f39fcba9f2c6594a49626f1124ff6dea06421b6750e38bf294711,12,amp,independent,59,train
bf7625e05d4673ae760be3eea2e0f4d859460a83f10b2789f65e8a5886060fcc,13,amp,independent,78,validation
ae5784cd877e09a20a55230f8143130e6e754bb7de2de2396717613766838dab,17,amp,independent,79,train
f8566798c9ba83c232593643a248f3f428448520bc10735758dd2d76694e2b22,27,amp,independent,80,train
82ac2fc75d33f694346d82ef48a94108da70307195a94f86ca8d47deb6d15ebe,24,amp,independent,7,train
1a9388c0e574d0066ddd5bf570fef68467d1e3424bac30e65fb43a2a480aebf0,22,amp,independent,81,train
0d516e50845c184bf05b5018de4fe4f4384f3d2f137b54f032ab7e2b62e4c651,29,amp,independent,82,validation
eb6b660c88677985c179d5bb3d6eac6926e4faeee076b3daebc91be4b1236575,29,amp,independent,82,validation
ef81b7522f0d4a691818fd28373443603e24300a2929d2d3abd83b61fd1ad0b0,30,amp,independent,83,validation
118ef7af08abef9a9fb366cb155051703a7aa633ded3f6b9c49af546e324e324,16,amp,independent,84,train
d4c59405180c8064e9ffae33338c3cac5644f457026147c06aab7fb2de43ec52,29,amp,independent,85,train
8e49f5b2dde0c0c6f79cbbf0aa569acf720a3abb2e442fcca0678f5ed7f89fdb,29,amp,independent,85,train
f4e9fb7f706115142123039803559d9a968eab38aafabe1c8559dbed406001e1,26,amp,independent,69,train
d7898beab6a8bdff006853db2672b691b77592aa8b019a7acf1647d1e0c687de,29,amp,independent,86,train
a9e6a2485c8a980719e0404f12d32afbafe295cad9912c3f1a139d383c40f014,29,amp,independent,86,train
c5a22578d652f960d2ed60aaef1f3bb31b140acfd73aabf7933c899cad17d458,29,amp,independent,87,validation
afdc47069ef6275cd355364850ce756f3c651f27c1ad548efbfd9e04af9369d7,29,amp,independent,87,validation
bbe51292f50c5ebef499b8cf06dda4efe87e1b3fd8f0d6d5bac30443f2a00880,21,amp,independent,88,test
639fffa9e2a68aff33489a4c8b5c1760f0fa0350f9dbb0aedd8a04d6de19465f,23,amp,independent,89,train
60c20b1db7893e4d2f6c8fb5a26e73871521ff4670c4c5542daf5fddb037c766,22,amp,independent,90,train
4910f39b5e19bba48e0059bac522a5c1bb36d898a668a66127dced13c2f1ea82,19,amp,independent,91,validation
856219d7632bee30316af2e5dbda34ac761ed154d468452c63781922d275f7e5,20,amp,independent,13,train
e87cee76bd4c229b493d90ad4fa04497fb604c4f03fc981dce633c842bd064b6,23,amp,independent,49,train
f0ae31334669d37064a805c0e0d684ee66291a261547bbe511dc1437439233fd,25,amp,independent,50,train
ef75ac6a6834f462311dbdaac9d259b2252affbf1fb8366591029e4191beea5f,24,amp,independent,92,train
1d749cca487c7a51d884a7f35a433d6638e87f6ba1423fe439281c4290533530,23,amp,independent,93,test
22f9881ba0fcb8a579165a788dd5af7fb072a943a7749a0a4a42e6798b944d24,25,amp,independent,94,train
685303619fdcc752de1552ee580faafaae58db0b41fb5f16c47b6598e733dad1,6,amp,independent,95,train
eea59dd855c6d1ef44e4101da81f8ee2e81352056ec15d03b4c8fe6bc228acf7,26,amp,independent,54,validation
305b084b23d5c844fea471367787ad0c9a4ab4ab36c060bf356f328d422df646,26,amp,independent,54,validation
02bbdc7c18c1bee4aa0dc158153808819e21b54be29df96b43495d0bb8733bb8,26,amp,independent,54,validation
03a78f43c0aa0383e1c19613257f5c56797956f9ac26ad9e1ead28f2a2069b73,26,amp,independent,54,validation
9edd053a369d2bcd6b09ce543cdb810dc7d16767e88423fe9893acfafe974177,26,amp,independent,54,validation
d548a94163ab272b7cc1a2d2d14dbb5f66f0e514bf46fd4c3b521d8788b2e022,19,amp,independent,96,train
60a3d174d58137477ebcd07fad783a4e4ddc1799f55ba9e4c166109d5ab1d5f2,6,amp,independent,97,train
fa3c29fd5c973ef20a6b05efee82b7aee3a170aea15bc0df024395be1548bc56,21,amp,independent,72,train
66aeb261d84c1b93b2249c4cb5f617cb506cb1287c815b9a5db76640267b5b8b,29,amp,independent,98,train
29e17cc4e00f5dee154edf886757298f17c55e2fe69d537de300dfc29ede59f9,29,amp,independent,98,train
f0be70e41352501fbd1249fa8c367655f6d96856fa9c990590a107dd9099982d,21,amp,independent,72,train
008f41ba56b50ba19e7a7f456862565d4128836eaac087a1dfa254fedc6102b4,14,amp,independent,99,train
2d17fc28e391d5d38e9bedb740720dfe2971fe7488370c3817382f3cd13ac5fd,19,amp,independent,100,train
ba6debb115ad45a8a827d6e6ac940efa934464dec6adc43b188a83813db19bc5,23,amp,independent,101,train
397ad0271a3bd5af48f33c472baa93716a9e5b990e24b4d7cffa9d464ce1dedf,29,amp,independent,102,test
8b15a6b7f08db682e21ce116acfa56e6ce08d6d9fbb4498934ec62f8805eae7d,20,amp,independent,103,train
22f7dea5abaf2f6ca03072e78a20481dc8adfcb4a2e1f9c1d370a0bf5b6d4145,11,amp,independent,104,train
df2b0dc0740aebdac6ec7a3993f2f310660fe29a3499c7e7e71fb93cc3edda70,17,amp,independent,105,train
1a7bbc9b87b56c3e1b615c2b248b15acc7cfdc2df433ddd89c723ecbd7fda379,19,amp,independent,106,validation
375be5770348bbb1d1d1011812fd9f714279d7aa0284866c6fe79d8e23948a8b,28,amp,independent,107,train
c7931e1a76d2415b180b5ef2ebd839e1f71cd415a3247ad3670508e502e522fb,13,amp,independent,108,train
251883c7d2492ac6dc4878a7187d85be8c788092b43712322796c0d6194e2091,21,amp,independent,109,train
ae431f8f7ba41dfc2083c45897c93afcd42c8b9520e8100767ce72a1e796d2b4,13,amp,independent,110,train
c4e3861aa8264a3f36715442242af68a47105b89d9ba775f85d40b86a40dde50,24,amp,independent,25,test
b854f2306ea6b799aeb40269220b7b7b47ccc8685784026fa1065bf4e00a59e5,24,amp,independent,25,test
281bbe7cb4edbaf2eb92cce0be6fd07aa939351cd2e020301488cf07c6a7f9bb,13,amp,independent,111,train
5dc2b2594445cbbdb8f43894de96172ad1ca5d3b86a9f6b43bb7c5170a90130a,26,amp,independent,112,train
11000a224a0dd7b6d3d2528dc1c9a3a6b74d1e82cd0ac99a27dd3909672ac773,24,amp,independent,113,train
214e266a02fc6e72726686fc29e085e9ed0ddd9fac0b1b4f0f51450da8a2ea07,24,amp,independent,114,train
33c41ae1dd93531623dce41da84c5ea59a9b730c114e243ebc54ab03bde7ade2,28,amp,independent,44,test
7313c861b9b04f9f3f0d8d900a55ff1ac15adc5c20621b2235503d62fda9b6b2,28,amp,independent,115,train
9c279c59207f45f79ebad659fd92adc2926fdd20cd605e38686d2e849ddaed84,28,amp,independent,116,train
d8d38325afed0e6900ce3f98af7a10e2eccd5d4ab36efcea1d2bdada8148a31e,21,amp,independent,117,train
de025a47203409540a6fe4a3dfd1e30b9927f0a6ce64203e0a2b7c9a27135b52,28,amp,independent,118,train
e8b37ace75ca4c50ca78f71de47fe5d3989bc33f04932838153803c41af121a2,27,amp,independent,119,train
6f373011415aab5d13db7206c86977b4ded3552163e3d2c5de568f55ce45f825,24,amp,independent,120,test
3cda94ef238fde8d4930c86bb09c95ecd5492f5e48aaa46af51591b89b3d83a5,22,amp,independent,121,train
abcf540c81de64a6c7f388b01a28073d4514cd83f703ba6392eac8c389363320,15,amp,independent,122,train
9a700956593fe2e64287547fc858c9c5980846b109ec143402ba77a82b4846e4,22,amp,independent,123,train
93ebc43afa4ed5dfdd0cc622105de4b818df8ebaf96babd512ac8dcb4fc2c04b,12,amp,independent,124,test
7dc8edaa614846dea50e869258db4af6f5eaf218b1b8de789a5162b3676cba9a,24,amp,independent,125,train
9f1d92449e25b4792a71110513f4dcb9c0120600a8b32c097ac485ca017d9b4d,13,amp,independent,126,train
7906d422c8886eb2096d770b0057f8d3fc51a29747ae6e09ba6178da06f4da7f,13,amp,independent,127,validation
0e79bcc27523fe93ff2720534b995f888aed8ff369a3d5473e391b57fe60483b,13,amp,independent,127,validation
529692042e20ddc396d7b2d14c123e7fdb587d2b083ee4633c6facd2e5938eb7,13,amp,independent,127,validation
eff02b791d6d60edb3aebf339e7819ffb8e6f7823453bdb0e162fd2e668681f1,13,amp,independent,127,validation
0f0ab540690741b945ebac0abea1c2d4413a68441af16292c43a82a3cf51995d,13,amp,independent,127,validation
b92d6872496dc8263a3ea7b645da39f33010b75f69e5b9f1ed2fd7e6841cb402,29,amp,independent,128,train
853488ecc3854cbf2cd7325dc5c7c283be38c90339dbda5daa3af2b6f8105358,15,amp,independent,129,train
d109526ef5b890b80697cd3cd8944f2ee794444705879a789d054b1317d35c8d,18,amp,independent,130,train
cb4ddb14ef67f2d561101a012e366d07b34492bd02a78e09eaf2a2ce8da57c2d,9,amp,independent,131,train
5b2233afa953f702e757480f518e018e7093eb209c32061c9c9556495e1dd0f6,8,amp,independent,132,train
822a0a6021ac2d8dff7612dbe23920adab16e688ee97816d6924a8c705d12b69,15,amp,independent,133,train
5b9cd3b675802f0bff60380e9d2b88c857d4ff271ab9d0a5222febe0d7ce6c3e,15,amp,independent,134,test
969e6282fe0f63e3854152a5bf7dcccd4c18ca423763a26e28b59472c62b6c93,27,amp,independent,135,train
b081a7f7984ac768a261c27fd0b29dfd9cc6b155aecea88dafb84086c432d65d,20,amp,independent,136,train
6fd0f3fb3b3c6712d200e4da68236d97d23055d75baf523f25068640f49f3609,23,amp,independent,137,train
ba376c9a76a463be87b30d89fdae7212028b66f0ccc4291b67a5bd4f15d05c19,19,amp,independent,138,train
cca189966558961f02123fffa84a67a7ceeef322ad399a509aa7eab01501ac35,10,amp,independent,139,test
05ad12de0f362905e96a901a86a1b3a5d1247f02e2d7a2e5facb1e439ee99667,29,amp,independent,140,train
4c02492740f7ec699ce7ac6b1edfd33a6285b7712c89ab3127d98e1ef715397f,18,amp,independent,141,train
b63a7d649d47768756410d3c2a449d393dd08256f7ef587f59fa623dbc7d032e,30,amp,independent,142,train
996115e20df73046aaf2e7603fc74a41fb5abf55515d798ac124b8150914a7a6,14,amp,independent,143,train
16597785316702936d561a74bfc553d576fdfed4b3e2ab81bcc255fb3f063431,11,amp,independent,144,test
377429e76a5d28a79513ae209c01eddf9f588fbca719c276ec59327da4b1cf51,6,amp,independent,145,train
8ad9bb9e5971b53a141efaa8be05d4c88b8ca333776091e19ba74b1b5ca2defe,6,amp,independent,146,train
d6be0a1a750cfc4975cf2f3f5155e749b5a6bac26756faf19f5659065ef7e684,9,amp,independent,147,train
8bf32c0f1a465e7d0bfe3a24a54a1d2db5976a5d84206fec7babc24e2f96ed0c,23,amp,independent,148,train
642499bb823395212f50248da276d8cb10dc3884801ab259865147645216d2b5,12,amp,independent,149,test
71f0cf805aeef70acf19ee72f1a63c3f4dff0092290a29049bf126b978a73144,30,amp,independent,150,train
e5d88064e6d5bb0d0347eae2baa87365ca15e8814c403a672bb31db10ffdc6ae,30,amp,independent,150,train
88f486c425fe38efa7766e9829b2f528cab40453d62997b8b76f842fccda7484,30,amp,independent,150,train
ca4867d063227b2d28e987ecc3ae5ef3d89886f7dc7d397233dff06d43da7993,9,amp,independent,151,train
9ab3c2e62663f14b38bb517b06c1e16ee8031d3d869d0d4b241950acd3ccc630,30,amp,independent,152,test
12b20d6fdacdebeb3396cd70a8e907f30ef7becc71db7f33612b5dc5211ccbbf,14,amp,independent,153,train
644b8306d561ac474530e13d197ee3ecef08289cf571eecd00e9dbeba6c26449,14,amp,independent,154,train
537a79f38a4fcf4dd1154ca031cbf4a9bb249578d3a6e020bf713db07bf6ed63,25,amp,independent,155,train
36515b6dc563fcfdf122743f1250176d41eb14eb72022bcfc849a6c0c53fe04c,25,amp,independent,155,train
e347a7e0b963ee94ffced28831be90856028058cd9b82d4e9bff9a7c741f160c,13,amp,independent,156,train
89677cdec332c475fcc1ad98bdef79040955727d1007ed230199c1b47b94f5da,19,amp,independent,157,train
ddc466fb5731580d19f0b1d421c1f97781a909e9c0d1fa8a4148ff72ec7efe09,10,amp,independent,158,train
0ded2389be43d922051b35e570138e6eb16727f2a0a2857bc4b26427363635bb,20,amp,independent,159,train
86af5022f0818d966ed0a060480d21a16eceea6325d096e186217a3f0ae9bb59,16,amp,independent,160,train
ab4d2665e0c219298f0a9f113a1322379117a97e97354da3a890b1b68dd58e0a,20,amp,independent,159,train
16899adb4bf52e066b544cf483c4b0d2b302bee5814b92af6a4e7b18af1f54b7,14,amp,independent,161,train
f0c4a562c0944b203e88cb9f7baf00b89d0d3eb3647f20362bd58a897a6845db,20,amp,independent,159,train
ee32e468ba68990445206a1db294a2e37475ca1e60d96d687fb545580c81c9e5,20,amp,independent,159,train
dd4cf551bd69cef6c89d8531499b0d48834a2eaf6897041be624bddf5198d1ba,17,amp,independent,162,train
ba95b4f4da98b37e0d6b60703cd8137e7e45fa7f2b1df1abe07516cb9bd1d2a5,15,amp,independent,163,train
e46c317218e61f7d39d04aa0b1920cdc60d9fa0e229dd99efdadc32f01afdf83,13,amp,independent,164,train
583841f86fd3d5ed1d413a5b88706577736dcbd8142ae66820c58c0f7f8118fe,24,amp,independent,165,train
71feb4e4a39d67a07d18b08fc53f822cd04662e04639802b42e9f49f318004b8,24,amp,independent,166,train
40ff2217adf19839faea20d168e4620bb3e59212d4d24bad52f7488d691b659c,24,amp,independent,167,train
1a3939daf14831c3e6d88d8a51a6990ef586ca84f05fbd06a0f595e95dbbc660,12,amp,independent,168,train
a19a9da14965776baa502d1062c82e0282ca56a95d82cdeb0d5602c00d26bfdc,23,amp,independent,169,train
cdeb0d0ff491d3916a0869cd43007d85f76a3cca2020f143968cd38363d02e2a,26,amp,independent,170,test
43cbddd71a934227b15af608d222cf7fd229807255e94a79a9c21d557f7111e3,23,amp,independent,3,train
68ee9afca138f101094bb3669abb8a216bab7a3c846f3348333ff1e9c6e79cca,23,amp,independent,3,train
9d62b810de52e7185ce1eb7148f26016fd5552594b6b1bc9ea316c24d75ba042,23,amp,independent,171,train
41a77092a66383f269710bade15e86fb47176f47efb1d466dae887a7d606b434,23,amp,independent,171,train
e02063f6525cb7ec7b12fdf42e72e2769f7663c35efaa6c5a14b6e3ce3c5b222,23,amp,independent,3,train
38a30970edc840a1af247e0c5bad573bb889c21e349f0b9649071a56f5c198d7,23,amp,independent,3,train
3ce1bc382cad0208401a91a193bf237b2a6b4a6f0fe1f194bab7654aca7ee26a,24,amp,independent,172,train
d959a1b8eee3e159bd06f892feb279f9d062b8082c7f25e9ac8fff1fd5f237ec,12,amp,independent,173,train
e7987f501baa95de7c6ba2959c0ec5123468d2e8cf542403395ed15e5ee5b289,12,amp,independent,173,train
e3c9f1f72c1730f5d468647b496aee260f7aea6161a2a593f164a504f1ad1f71,28,amp,independent,44,test
1d0d5f3e404af7e042b2d73fecc0dcf2a54c74d3596c5e49de92c60e1705ad7a,21,amp,independent,174,test
9dcd9e057c686592c5fc7ba19b9a1d6889d9971d73d20312c1e6d69885a1cc2b,21,amp,independent,174,test
1bc4708a525880261e9f7405a91c8e7ea6b74d058abe4cabf228e077ae576113,23,amp,independent,3,train
2beea87c03afc68763a753eec10b5408b7fbd2eeffb29dc76d3edf38fb3316fa,28,amp,independent,175,test
4b572f6fb73a3ef59ebf5a1308316fc166dfa27638be9de807952ae8304b9720,28,amp,independent,175,test
db02b7f27c273afbe8c81e4cddeb327c90a9212ad15cc08a0f327761d27cc1b6,15,amp,independent,176,test
23960ec754caf1e0fe76c0afca0789398b5a132d11d7547752773c79feb325d2,15,amp,independent,176,test
95da3c76e2b6ff6757eb118bbbc73314e823239d92bc1e464377228fe1b05590,15,amp,independent,176,test
5bde81c615aff3b05c55732e418d583f4a0c31c5e4e969f9e6554fc94dc2813c,15,amp,independent,176,test
4b6ead9e08bb250787dece30a80405eada0366742bff100d5c8d885010529941,15,amp,independent,176,test
5211c271a63710157076d7896e375425014b477ed4ffe28bbdb6be2e4cdc1b2a,15,amp,independent,176,test
2ccdf319f562974b5fb9a1617844695d53eaf4976267965dec44dc834ea7a2be,15,amp,independent,176,test
9ffedb04fa9486feb5485df3fbd9e014f468e08c75073a40d03b61d449fae794,15,amp,independent,176,test
098421bfb00ab2d1207a1eadb2466a19f68b2e7cb8243a645eee393a369426d1,15,amp,independent,176,test
60f29d4a4f6114b1927ebf67ef4f2e1f3e7d44aafff676bc3499e1d42b3cbce8,15,amp,independent,176,test
ed35756453f7c9517aa8f395b84ae74116d93848bc86ed86465b24d4f57e3c9a,20,amp,independent,177,train
959e51d550f9dd67e50c6d193ab8bbdd54e93ae98180e962d982c8be877b1a67,15,amp,independent,122,train
36290742f04d6181824df91b425157998dfa5a2d55c43406d822ac89a83668b5,23,amp,independent,178,test
d6fa96fca2635c7eb7cfaf243115156c0029400e775309addc2c8dcf06d2be73,24,amp,independent,179,train
c83ed6a4a38ffd2aebddbd1f22dd7211cf61fcd4d919cc8af611ba3ebf46125a,15,amp,independent,176,test
08c143a2d87c7b29a8649fcdbd9cb0b6b9cdc20c82f3cd42e5d391173c6db994,30,amp,independent,180,train
3679650c20140c2576357afbfe7d7d672bbfc0182dcdc099aa45d5f93ec83179,23,amp,independent,181,train
71e8fd3dee69a62aa595badb0daff1e1db6593095f54e3ae8973196489d4928d,18,amp,independent,182,train
6330ee2da2afd89419ca20f821ea4ae5d155e5349b2a681d84cc23924329f236,25,amp,independent,155,train
86c32e0dd264cb07ede8f2176c3727f804aa320832cc84509ce8bd5627bdbb5f,25,amp,independent,155,train
a262ee890cb114358bdbb5bbc2c7ac3b5a25cb86e6873c8eca9f95a2de615f80,15,amp,independent,183,train
7d48f85014ff51615cfddde5caad628222ff65ac877e8a6f2297958cbd14fec5,13,amp,independent,127,validation
ba0ccbfbbf35c0b7bdcaccd5f8b4a642738612e2d90d98891978e2aba2d7d664,13,amp,independent,127,validation
d266e5a5acf5f3a4a9507f3173b5e9fc4de257f94206e2296f4cdfb50142e4c5,13,amp,independent,127,validation
ef797f10c8ad9b7091ee5483ed9331b05a45bc161f6f4d4778d9060a66019307,13,amp,independent,127,validation
187a23d07e0254e8d7f965ed1e997255cb45400cab10eecc6a7cc7025274977c,13,amp,independent,127,validation
5e79a9ef68c96c5911123bb8397ae2b5907b4c4ca2b632423f23f422dab04d06,13,amp,independent,127,validation
6747ffb65623cce8e9197f81fc9c9a37b39b397a85b192ad718d94629a200b34,13,amp,independent,127,validation
265fd45b7436e3240af5e020d38b0f0856e4702e295fae61aee1251790b28644,13,amp,independent,127,validation
0c6408bb83804a3e8b9123e0633f83861fe2fbb28bb2dc31509b55f1bc43b77e,13,amp,independent,127,validation
d724e0e571e980abf9c83051323c0d192bd469576c74c9a5d1f831b4c84aa1d4,13,amp,independent,127,validation
1a98033ea503c5fff1e5fa4eb01ab53955f52cfca2161efa01c1e6cd53bc3bf5,13,amp,independent,127,validation
70a1e9d7e6e2eaa726350eebcb5e83d48df67c98263eaad056864491e5ce34ad,13,amp,independent,127,validation
08d764aca4d8bbdf9b944a7852db5b388628dcea102e57d74aa9abc514458a17,13,amp,independent,127,validation
dc201e20cb18975985fa53a42ca1e7825d4c5e1f85b81c03416d83bf02ad0b60,13,amp,independent,127,validation
50efd4fb0a923843252b3f5c41ce391fccf3d24a633473b288d945eeb63b8a5d,13,amp,independent,127,validation
9ecb3678cefc5040c5b8e8c2bab4d889aa9c6c762d6ee19b2298f23ce3529361,13,amp,independent,127,validation
53e2b31fa83fac07b3d16f4c2da434374d1eb53a841b6a8b1e39bd6e4fcacc65,13,amp,independent,184,test
0a127c7164a2d680b0bccd15ce7032e8b80168715c8eb59eb361eaebbbf0a26a,13,amp,independent,127,validation
561af40e92dda92f3f3959d9648670e26ab3f0ad972e9ec772edc335509fe000,30,amp,independent,185,train
3161fea425a30b6e505e4ded4aa6092b2c18f7c870ffba57bf4f911051d2b973,12,amp,independent,186,train
b02980eb6bc1a0a55687770f30fd23dc67e5cd2075aa3856c23ac6e2e5c3651e,30,amp,independent,152,test
6658743e070b4cf9dcfedc216f9231009f233b8586b4e592a6e12ac22eb611c7,9,amp,independent,187,train
98a80d8e82fc645ad8456ab68eb7a9a02ff3d6124e12258228478c07bc4aead1,6,amp,independent,188,test
65f21655487a06bb359321e6de677fc07c6a4b71ffea441be682eb49f46e373c,12,amp,independent,189,train
c1f6c1e134fef8a12ad13dd96212fad0863d241d74e9f665c07944c4ea0d6eaf,9,amp,independent,190,train
4eaed28f03e89b5eb1f3aeccead517c47b9c2700e439156c917cf1e7f33a73d4,18,amp,independent,191,train
f0599b7ed2c12978b8105a407dd274ce7f59b6520a3a52666ef097716e4c8b3f,22,amp,independent,192,test
d2f0f35d46a5dffaea3042c5ebd229a6d24c856ede833d1ae48c3f9172cab7f5,10,amp,independent,31,train
c83a7ff844070120ccf2b4c9be16fba56fc9cd795978b34d072c39452e73694b,11,amp,independent,193,train
afacf787fb5bc5de5cf81fd15526d55a7db72e8d58eddb767a227bf2d86c104f,8,amp,independent,194,test
dcfa9d92a637dff27e27c1d0b7c55b2123d80e03b109910fc3c666529a011192,10,amp,independent,195,train
a91e16e957c1a5cbbd41c1a3c6bf063536303a3b12eff07271364df756ae799c,8,amp,independent,194,test
ec89081144cc84669737ed4bea10c6032460ed8db68bd080fc2c88dd440689aa,15,amp,independent,196,test
1058df5a6214468660e3ebf8f8e77ecb9b795e435d16356d3a7230c308e2f2bc,11,amp,independent,197,train
843b08771556c6ccc2a96baef42cce9127763670e2f936f176b47bb52a65c8c2,12,amp,independent,198,train
873acc532fb8d22e387de4f9f6af02847ed99341f0137e2f211352df3a600d4a,12,amp,independent,198,train
e51ed86bce34561b5f9ae67e92172f6428c539d09fed89d5d94c510e47bc97c6,12,amp,independent,198,train
2b3044f8d4af00f7e225614f10eec8615ae2fe8b588563dbd33d02a442b0b928,11,amp,independent,199,train
577fc9120f22338c71d17ff5e6f527ab009c6ab0fe705fa218bdab728a79df4d,27,amp,independent,200,train
be5526e1ce8b84747912c1f3998817cb48bef8d006aff9cc1be697a898a69164,9,amp,independent,201,train
e288044a862f43a4dd01b33176675a2a00f4676cf4b9ed85497aa119a9e916a2,9,amp,independent,202,train
a771df5ab57d7e5b37dda7e14a070802e374dfd99bb7a7168c2a5f1baa312a29,9,amp,independent,203,test
57cd9833d540e4a50337a2c74a690479ab2b1784cc510b5fd046fd049e7ea7ef,12,amp,independent,204,train
34e8518814ec1d775ae665677265fcd7c1a2030200921725b42a85f816cf9340,17,amp,independent,205,train
7d65c61c956b5dcd3c8557af57d1515b32006a80625f3276eba0d87dbc9c99e2,14,amp,independent,206,train
83c1a335e97bdb6d5256145ca367a0aa74c5187fbbb6129a3f497b681eac83aa,18,amp,independent,207,train
1b363458769fa653f08c6ef542569d45e5bd306b8283af8fa740d08bbffc20b5,19,amp,independent,208,train
5d7b9f7a9c9e358a4f70f9ba5dd7c830a13c0302e53165763266415ddd76e89b,17,amp,independent,205,train
e48bb5bca62eb93bbd43812fd782eddbb9decdc2ebdf672d358269909763d311,15,amp,independent,209,train
cc3140653c67b76668b1cb19f67d3acc616ba5af4e44a3ffe743de49613f2610,30,amp,independent,210,train
dc4137af68c2741733fdbd764e06bd1c111cf2b86817089c4d58e9833063c6f6,14,amp,independent,211,test
a37387b61fe76eb4ea91ac84fc0fc53bfecdb962795617bb85e7cfe6a4b4f1f6,14,amp,independent,211,test
91d590a1f99ae39cf0e0b79104ff3ae7f0abb6a2085c78e0fd475eee1eb76aaf,15,amp,independent,212,train
9f64f4e8425806116c3903bf8719dd9417a2a769f637a607668b56a70ef1fd6c,15,amp,independent,176,test
be2c51d1786659391e412d8608e691e5c05c4219c751518a7997499b987e0033,13,amp,independent,127,validation
f7200477c994447df53435f8b138088213f796a7ea830370715aeaefb4c47ec1,9,amp,independent,213,train
0c297f089ae49c4ec4d88565f24ad29e854795e7c4d80a2beeb65aefacfeb5fe,30,amp,independent,214,train
38bc99b20d5f51f12b1a5cd6c7beda79f25557f4e52424fd8142d30e0a607a9e,9,amp,independent,215,train
8ba0749232e93890193c8015781b1c818f79c528d80fd13ccc935c1c3eb48a23,13,amp,independent,156,train
b635372d030c4fcda878aafcac4d598af446579d0d46fb381e7663d863d56019,13,amp,independent,216,train
e4c0b0950682cae43b1b8dc8ca0f3201fcee123fae243bd98dd4800f156f9d23,17,amp,independent,217,train
4856d2ef8c482862b1d3631970b4f26aa8f9d63f8c2eeb415a1513dc47b9e2ac,9,amp,independent,218,test
d051ac8fe67185b834bc666dbcd7e1c44345cb8240607ecc24a4e37c8af5a83b,13,amp,independent,127,validation
e353c890282b45596b60d1e493a03e1c568885effafea9376f72ebca936f49f9,8,amp,independent,219,train
6cf077b55db19d52fe5cd8c3f7820ca6000dca568e9ba4c3f433b1480269260a,16,amp,independent,220,train
b6bb0647810c84c4ff9f289fdcd92dc05c9edc6e644591be38fec4475e977023,29,amp,independent,221,train
889ec544cf0dfd5cce251df25d4eb31bb0b65f66c3eff799f24a83a0d0d45776,13,amp,independent,127,validation
7c7818fa3c677e665ea05e027d18613167ea294a94dfb24a1505021d2fdb2f17,13,amp,independent,127,validation
5ede5a2c96bed92e53faa1676ef9deb629f2e15dc6bbda48d689b48af20ddcfc,19,amp,independent,222,train
78edb07862cdd423296a90c9cc2cfd9f16c407318b6abb37921ea5f7506a79fe,13,amp,independent,223,train
5552d5e5900e378d1ab82d12ab78b504ebf6abc1256c0a863cf58eff0263f08c,13,amp,independent,223,train
dca97b04d6f9e669e406aba3b91d1d120d112d74da1732a75ef6215e2d2d55cc,13,amp,independent,223,train
3580445031066a641251a18aee3b3340b67e71de3c807b7afd5470f2703db944,13,amp,independent,223,train
4dbf68c910698b38127cf4bb6c693419687e3016792e8161195b49506af44a1f,9,amp,independent,224,train
4c32f6eae655169c4552ee4eca040ed151716c516a30f666547ad4490e8237d4,9,amp,independent,225,train
cf3b58dbd7dd73b50a18274a0d013075c98e5e6941e1f8c8c76cf6146b71a3ad,9,amp,independent,226,train
f2fd09938bcca3fddec0b0acaf7f89bb9bcf2de4f5d53851968c2b547698b0d0,21,amp,independent,227,train
a536cb8599ea7f2437961fb9181b35a7db242137645b432f6fc54f7662202da6,24,amp,independent,228,validation
f5cdda3d04818e3c3d076fc1aca86f6fb66e5c7e7bff63fc3abb7f10e9cbbc9e,21,amp,independent,229,train
8a09fe17b1c5cdef30f1005fa240a7f4caf3ef54c54dcaf5f529216775eada35,29,amp,independent,230,train
88e8d85df1bd5b3e62db096cee9fcedadff568fe2c7ed2963d159b3247449aef,14,amp,independent,231,train
80d12f2ae3f2b532af65d100f76d01106200cb3c978d4f95f43e7200c2606d99,14,amp,independent,63,test
73064f7e3b6be1edf0996c7db12668046c28c195e6fa7f9acaf202a4795bb71c,14,amp,independent,63,test
7eb38a0d179b611b0fcb142236878598d70f09e36e4bc975b7e0b03e11a0d831,12,amp,independent,232,train
25f13be3351f2b2db93d3fefd81d1e779359ddcd3b119038857f24de2f03e2b9,13,amp,independent,233,train
4357d9c341b8eb5356905a24fc40f5106039c5130965369e7e739b1fcf54c5f3,13,amp,independent,234,train
aaf1613cd30bcac086f5c80421eac9a0d3af5273a5fb1f8505984e1808ccd6c4,13,amp,independent,234,train
769e650709ab2625fa1979e8b2610e6c6228c8d4a68cfcf1dbed247f99e9c8ce,14,amp,independent,235,train
257fc44dcd7e4428af0314c75b8651572ea221b2208278d4e7e5df496e9f9895,12,amp,independent,236,train
f525dc60bcfda5b5e9754edb4d4b30a25cb76f4424014a700227f6ca2e736c44,14,amp,independent,237,train
9a700e73d38d36510b52516ac3c299fd20fa3a648b49273e3658f524d09d828b,12,amp,independent,168,train
01838af6fcc889ab7de31026acd75c62f4fa476c29871afb77bae0b70abd42d2,30,amp,independent,238,train
f990e42c635631e75b2915a024606362dc1f9110b4e10b517db9cd09e4325c66,30,amp,independent,238,train
8d953de4e24a314f15714cbe935ea905de132c7414a52c81ed807be09057d241,30,amp,independent,238,train
ac520083bbda34f23dc8b06e0e6bf2990f651488cc72578e4ef17c85c51c6da1,30,amp,independent,238,train
954b423d7a006f1ebf2baf08efc999fa27f1ffe6e644cef83d6370ce15777472,30,amp,independent,238,train
720d35bb539aa24fcaadb6928c6f25467daf2759ccb94f5ec4e883b60df27f7f,30,amp,independent,238,train
649047b9012f4a63892a1c173b84ee5a4c42e1cb38340b9086c3759e42a952d3,30,amp,independent,238,train
1c1f00845bb97b6425ba5df5d6297d1c6bb0973ab9a8a31556b8dae954d7b1b3,23,amp,independent,3,train
d88eed6e874dc7d56f09dcbc1613fb84710ceda1a5500976808f4878f9c8b74d,24,amp,independent,239,train
1be07cde6b4df346af7a444f71d07b8a4fe62a2bb91593f5bfd05c35b37e229b,17,amp,independent,240,test
209e69f83df8dccbcc029a70d5eb9d93501bb27aecda748ec0d6c6b331903366,12,amp,independent,241,train
65189df1c95181b1da2eb78a33128f0349abc108a85a635ca2a3bab54e8f0c92,26,amp,independent,242,train
f62adc24eba4ef84c112e8cf0219b8c6fd0b2d47e8d054fd4500652a69604b65,9,amp,independent,243,train
9320880d7cdab7cc5b82c2678d3ebf8634c7384c1e08c55ae66ab245cf9be6c1,10,amp,independent,244,train
5cf1a3cc40c48a32defe4bc717ec465383927c4b846cc0e90cf2dcabea1801f5,10,amp,independent,245,train
8f53be4dce7956f63281768888cad9dfe7a1d2f9b2060d22d042f0fb168db33b,29,amp,independent,246,test
76804997b2ba5b96e568a7ea007a9479ddd56eb0f5b4d5e4c41587b28c3437b2,26,amp,independent,247,train
d7f92491ddd7505d947da82bd0c269c8e13a1c0a3a7a1384b1f8f35a9f6925fc,26,amp,independent,247,train
795d260ffd6f8dd6cc25aa21d3a59f0fb12edb3f2627a283928611d31182b32f,22,amp,independent,248,train
71a1d3cba097215871a5e29d1125f59d8074978ccc5a617051e14e0480cc0a90,22,amp,independent,248,train
1ba4f767c015dc9b9a1bd64b10b4ab0ee8fd0925354703e040e127986ff96690,9,amp,independent,249,validation
9086a81a0de3a48b71352a8ef7589e3c2a78ef22870281c03e60b0c046abc112,14,amp,independent,250,train
c45616275dff5d72acc516785d38256b4ab685b60db00614fcc354be1ba880de,18,amp,independent,251,test
47999af0e880d40dfcfc53101855fceb76777433935b6c62a9745e7f659e014b,18,amp,independent,251,test
da471a1aa20300cbe46b773645545699eb4a926d072df6c3655ec2bed8a14148,10,amp,independent,252,train
baf1ef89637a28eacfb9e6865e7ddb34acf175468e4190902fe71e66d9bc646b,14,amp,independent,253,train
b1fd2bd911146165c9fa674391c559314cf69e68ee9df6d895c25ae07d91b72c,22,amp,independent,254,test
d52b3515b34689e41d50a3ca286079d66f202e23f78bbd9fb30a022b55f65d0e,17,amp,independent,255,train
606cfe1f592c13963c78fd2881f0f1c259b1d783f5dca3b8c11ca86b8fd1e0a3,14,amp,independent,256,test
b3af5806c14ce48bb7c13b2718150c36f4bf07a5fa3cd2c9aa93f852972c4077,26,amp,independent,257,test
87ab317f2a2bfa0ad6590db8382956286672b42168494f3e70d1ba6c272e1048,22,amp,independent,258,train
62572b60eff8f185bc07ea805447c64a80a191e077c67556b0e22efceb1b8cb8,15,amp,independent,259,validation
f6928e21129d69a4b0c724bf382541a0ed9e1f07224938131781e6617bc79f4e,23,amp,independent,3,train
2fea976d877496b923f6558e28aaec98458d317be60f3ace4410ea7fb916411d,11,amp,independent,260,train
d774e910a61a864ab3741f3cdd941aa9a82b6fd93414032115454bfe9476bf79,20,amp,independent,261,train
b454e6d78b2585cde623f01fd8563c2e5f4fb42ea123462fd5c08f16827510f2,20,amp,independent,261,train
ce8a62b7ec216f24ae7b62b08a27144500af0ee42c5d951459ba494b1f09ecc4,17,amp,independent,262,train
866d59473f78f7c994b875216589c9f23e6cefa42536986b1bd357722aba84b2,30,amp,independent,263,train
95882d82cd9bcd5a798e2f2811e0a2b09337d23acff5295bcda3e410d5ea1e07,10,amp,independent,264,train
1bef8809452683ffa0d3060563c208dc91c9995c2a7851bfc3590d946350582b,9,amp,independent,265,train
943b069a5e28798ddbd67fe26ff5a00dd5f08d3e142b0d2f3320934760ba0d94,23,amp,independent,266,test
37a7a4e00acc4d717826546c17ef35c07f1af134d8ae584f955f5a246c9d0e6d,19,amp,independent,267,train
5c700bb8245efec55838c8aa61c0479233db7ab7bb37ccd43ac39dc53c4b962a,17,amp,independent,268,train
16032d07b187aa447eea3ada8c59fb309e33cec135c90f67556418bee8cad58b,18,amp,independent,269,train
e3e6c30aac363721d798e161b74983cea5fc782b4364ede923f0f584e29812a7,25,amp,independent,270,test
47182b7aa379aa9fb5b8df3a8968f2eda1f817c1e02130696210c882c84353ac,10,amp,independent,244,train
906ad15a8260685d1c5a1ae0883bab26c366d6c2e7e511b596a395b043b7a3ca,13,amp,independent,271,train
f4f7aa50f674d84dff7502eb4921062a0eb1aeb7ee96a0bb51479055178d81b2,9,amp,independent,272,train
639da8ec0bbd764ac7d64f30dd0c2ae10c1435740580b3a96b188a21d1099f93,18,amp,independent,273,train
5d2ec85d96b4ea2b498f30014d84d65352e3facc553f5b65dae86a26af001dd2,18,amp,independent,273,train
1cc3f795399629dac77fadcbed956e1942350843fecedcb7f51577c35b2cbfc7,8,amp,independent,274,train
190832e6143c0d732a9cc77a44e2ebc8e1bdde57452d30dee677ae2f177729e6,9,amp,independent,275,train
7564ce9f121ee5a081b5c927686863b1ab16b69f2a24a18494ea858859efc8d6,23,amp,independent,276,train
2ee24ffb07a2ec2cdf64ee7796edcc10308abe5ab2762a4330d84f172151f610,21,amp,independent,277,train
5b63814d5cd875b70e5ec208545c6bcc60d6653e004e12ae98f613d840f3d4cb,10,amp,independent,31,train
0e3819350b5e694856106c544eadf61979b14f20ce93d30bcea672cc71cc7808,10,amp,independent,31,train
d6d909005f1397d581a380a31ac4ed13d2aa3587de5d99ec196f18fa4a9b4868,10,amp,independent,31,train
45cba1c1a3ce8852f800e86df58256a8a890f7252f162012b37a71fd0c704e6a,17,amp,independent,278,train
94275e9ea1ad7f4fe96117c4dae552eb91988badea054d623d364176eca32e24,10,amp,independent,264,train
c3c89aa2fa16799f3348c7904676764bf61112cb49e6a2617f40eaf26f33e1a8,12,amp,independent,198,train
3adfc8fd2ebf2ff86dfefe9bf261aa61bff5d92f3dda34948a47f5060b933fa3,15,amp,independent,279,train
e0080259a7740b73d8127f7eabf22a92ea3ad1ecdfd0fe924f1d3fac3f2b2246,9,amp,independent,280,train
c7278bb895c3c749bbe259dee0bd96e04245728875775489bf2549824c818365,9,amp,independent,281,train
35eb1f0a152e97dda2a8f97dc99ca966bc77a04e44f20564efb6699e605e285f,20,amp,independent,32,test
abc6571efe3b159207c8e84de6d4093ee1452421ac35b37934bc68e9dc3083b6,20,amp,independent,282,train
24dec6dbf3c20b65f821571e6d8ec719a2aebf1fb5753eb5c0387ad80c0b69a5,20,amp,independent,32,test
fb0c7c4428a4110ba3318f83a9f27580af90eef18ac5c498811ade80c1184bb2,20,amp,independent,32,test
cdf83c17c68d1a437d554fec65f0e2ed84289895a3111d9f4ba6d71030d58e9e,20,amp,independent,32,test
81020a75c509fc635c062b943ff41796626096edf97e903eb1b3e8d7f721e85e,20,amp,independent,283,train
86be0755ffaf8ecb0b16884b51f73ed9b346aa47b9497cc28e8856bd78351479,19,amp,independent,284,validation
473ea19cfa963b0748566632715cc6e4e5870bf7b9288437dfcf6127f15c268e,20,amp,independent,32,test
1a3788d646a8d56271ba8c1fe24d4e6be53097589698a7fae34dfa2d0204c2fc,20,amp,independent,32,test
90db001a988b80bab0eff543083a6a7f81bd2ab2dbb44bf5a54ca83d4f1abe75,9,amp,independent,285,train
d1ef7ff196b71a3c93e21637dc97a420ba6f9adf90a93ac6f609a11d7a5b45f9,17,amp,independent,286,train
ff17554be7f1eac03b07d34a9a052a0f736f798479a7c46cb9bbb20f0380c1e4,12,amp,independent,287,train
efae5a6270777a4d78bf9005cb905f5d9bfe97808edf335b1e91b5ca4f2db5fa,24,amp,independent,288,validation
de75de4409cadbfe1b8ef698666625e525de1f5aca0389e0e4764c72909fd631,12,amp,independent,289,test
155f526ee064f652d1428a9b28d86a288163435c0cbbd2a6cb649de7643064b0,9,amp,independent,290,train
f91e1f6c24f2d1d7392a8ab02682b858e3414493309698973050168933d91cb4,30,amp,independent,291,test
9941c07bbc79f2e880f9a717b52176ae4e4de405cd9c112beee2c760c92f3092,9,amp,independent,292,train
dfa676d01657fa32d3c06c8f3094a8eb3a8ff904d6f27453fe2aaf46a586e879,9,amp,independent,292,train
b82413aada2f07a80a8e730b78ac51efaed4e17b98722b6c10391cc66f82ab25,23,amp,independent,293,train
0b4bb5071de3a8a07ebb19b4de8a1a24bfe6ec6eced775730babb0446a7b8402,12,amp,independent,287,train
d51984793cdaa11fa60b26d5fde6d5ae2d83419e691a500da2cd6a2c96631e3d,12,amp,independent,287,train
22272b70577c5adad1997a1f60ad1f3112c1b33a24c4a376ac91cbb0dc399f3d,12,amp,independent,287,train
1b3d1c5b06484a0dd0c99383628017c4f32270b449beed0c4ef5e072171fc427,12,amp,independent,287,train
a243e5077991caf37fe011d0f57293289591153f1b36e8e8089e50dea0594d53,14,amp,independent,294,train
e0ec491def778a2a2488d0c56c4ad55f2e0d6b80491c0ae5d14765a487c2c0fc,9,amp,independent,295,train
d95b3958f69f8bba171a7afede3ffefe440ebb6cb284a1132fe61a3d7680ae76,10,amp,independent,244,train
73118d955cd954f5cf46338b2156193fe457e0b661aab104342cb500dad82ef6,18,amp,independent,296,train
77d6dd1e67e4dbce9d78a4392952fc63156a0f543eec3e9307cb7d99406c77a8,9,amp,independent,297,train
6baae2f031ae6756a9fdb063f15e635473b78e7fddf6f24c12ad6b2992e32360,13,amp,independent,298,test
2e9e4825ebe137092e13fdeae41d68d7a8e356f70ddaeaca9385f4374ac4bcc5,24,amp,independent,299,test
77ee5197ef574863f72ac9d872a12753df2bf94c3dcb9f9b0ca85850fb771904,30,amp,independent,300,train
732c83b730caf2d0b2de822dc328194ce1a43dd29b6ab1c04256da439a591d4c,30,amp,independent,300,train
24855561ca47d3e37eaedd5e7b714a5383d9343554733356c8bce6239db3481c,10,amp,independent,244,train
a4ea8317cf955cacb467001f690da3e711df0822654a4c6e13421830e812117a,21,amp,independent,301,train
686d52902bfee62af705be29dccada9cbc6c5de82a202e9b75f4e88ec35920ea,10,amp,independent,302,train
8c6895c45c627f031bf3d139a65ac17d7f78f20cb0d94da33abb62e6d578473c,20,amp,independent,303,train
778591b834daeefc11f85a5bd057346d07a163a01326d215e432cf58d0b011f4,17,amp,independent,304,validation
92d9e51ab9966e81b944c8eedcc9e2a989d86072765a59639ca5495e5d6d4854,19,amp,independent,305,train
8bf20450f6eee21e6dc48cc1d153adb838feef8a0c71a61ae60acaf7d2cba8a9,9,amp,independent,306,validation
0f8891cba3da094253bd628b18e6e6c3b234ad11c04c8a332be961f200e01784,11,amp,independent,307,train
2e238159149a315b6543f8d7faa184d5edf71c3ce742ac59474e561ae665d148,9,amp,independent,308,train
79ee288505b1a1e75fbcdd869d0378c074f01065fa5759add6596560ac271abd,9,amp,independent,309,train
44f773076d451f825959c4754ab031e7872e20277092890f28d2342e3886cafa,12,amp,independent,310,train
b1b6fea62e7c561733bda71d81019ab4b61bc8ec6cbeeee60587406dc4011d0d,9,amp,independent,311,validation
2aee9deddbb184dbc2aa43e9fd4ad00ceed1949a8ca33391f34dd961e0016a8d,10,amp,independent,264,train
8c86ed2d41158f9b5f7d868fdc52fb6a3804c38ebd208aaaef5aca62305f4ac3,12,amp,independent,312,validation
b58babc208d0202563be2ba75055b61910cd95adb709c9613ffae181ce0bbe03,12,amp,independent,312,validation
f9e616ef02e6e72d04ef15d0d6cf7fbb2d4764d8fbe45b4baaacf1a989b9196e,9,amp,independent,313,train
64084f880d5bd0a7a985bcf2fdb837948687108fae1a8d4aca57e7f64c433da5,9,amp,independent,314,test
691f5b364300d53dc440dc5715fe0f71a0bdfde77dbd1f9d0f0fd54e53793131,8,amp,independent,315,validation
80929e866ef6a90147eeb086f93ae9c28b21d4c0325b5dbe35547c0ffa79ab70,17,amp,independent,316,train
6b21b61bf97f8c23fc1bd99bbf5a4c8247a44a12ec3797c83613481c091d7246,9,amp,independent,317,train
5ce98ad843fd8f2ca396694e95692c0a7459fe376dff07c1d9f65d6a551ffb70,19,amp,independent,318,train
c61e2967f7e5aa4d555f7173048c1524f83c8431da69a404820bbb988c6d923a,22,amp,independent,319,train
a8a25ba01259fa2c002836b98c337b86c6304f3688a35b7513609df8f5f465e0,9,amp,independent,320,train
4c793cf8fbdc4dea0de7747abe9230afe748bcc89da599deee8b430078915e23,10,amp,independent,321,test
2d4cd3ccbbd5733b38a95a221bdb24ad01d687d2b3136269390c6c1c17dd8576,9,amp,independent,322,test
bcc112ea104448800de258219551d0ac32ab5adefe5b4a4f07331e4ae73d73a6,11,amp,independent,323,train
d25f037675571778027a19a94feb32cd680a4901a15cd84b4b62120af5a386c8,9,amp,independent,324,train
8e9288aede338b3bfd8f4f6e7cfa2bd71ed64bd2724e2c981a41e834af6ceb5b,9,amp,independent,325,train
e9fc4251cc60dc817cbff3845858488b2903da498ce20e021163a7e1e701a61f,9,amp,independent,326,train
2edec2553d4a2f95ec16241cd1e0781c1d44eee7993b87c94d2b34d1d158b280,15,amp,independent,327,train
9a1a2484becf9b98022c1a45dd21bb61239656eccbe5d510619a81fa238defbd,9,amp,independent,328,train
b290a7c40f5a467a528356e73693f7a9456a046d2e6a37d3fdecc5125f860472,9,amp,independent,329,train
25a05ea8e08ef57ab5886452da3474b678062691f679bcef8bb167784d68541e,9,amp,independent,330,train
feb4b87e1072fd482df537e6de58bbd6c43cdb08ee48792353f5a201d94719ca,9,amp,independent,331,test
5422eabf7c2a07ad99ce68ba4f1c59f6abfcaf812e394bac2fbc4fb797d20167,12,amp,independent,241,train
8c07060d7974a6c003ad476c10d799516077df0224d0cad4fd3aa1e6e2b114c6,30,amp,independent,332,test
d523f0b092d98210b2bc991bdacafa554fcbd274f43f919b0279bb104401f723,18,amp,independent,333,train
4750732a3758ccd701b1c51f7ccb26f471b38fe0e42ff3fd320691b4eaa4f6ca,12,amp,independent,241,train
3ecb05b5aea06053fa89c56312d227cef57858031731e1be6bf30b3d73182454,12,amp,independent,241,train
6328af005f3538af68be7099d6d734f30fe53db9c60db9fc6cea840e6150b51a,12,amp,independent,241,train
9021674566e3b4e9accaf0bb133eb5530464bb4c360f9f10d5eb13f05f672ef6,12,amp,independent,241,train
701a7b2aa2ba39d171e598264885a41364c7b8227d5b8e9c2e52b887fc1bc94d,12,amp,independent,241,train
589ce049eceb3e61d9671dc1a202f52bfb786b0c256c84bd539e978171635b96,12,amp,independent,241,train
18de4fc50d236850346912f8700854aa7b7665bd1b62410fa56b53976f0b58ac,12,amp,independent,241,train
8f34f35871e525de98b4ea9a1cbb9550bca91fc33c0bfe02af210bdfc1caef83,12,amp,independent,241,train
ca74c8a6966a2775a9faf7b57b5827bb325bd1aaa9721b26f2cff9cded590720,20,amp,independent,334,train
9c06c87e8cc4052199a4056b7c3d744b9edd59f1e9f57f02407d6a248b6e67e6,25,amp,independent,335,train
cb8795bd9fb20bcfc1422576a838ed7a7c51302d76fd67b9c1710828f40b0381,30,amp,independent,336,train
1c9d69202f6a0cc9cdcb442ce6f5fde7118f7d78ed80132b99084e42ccd2bf87,21,amp,independent,337,train
44bbb91e19cd28a74366439d516e816426a8d3a2defd38d2993b0169b1bfe08b,20,amp,independent,338,train
59ed8103d0cb847aab401ffe68d9f82c9b850638904544f44da5c068997e0301,23,amp,independent,339,train
6ecd033ffc281c21cbdcf0038d7c844690ae9707f09c4670fcbe45bc8fae2591,30,amp,independent,340,train
f4ba51ee2e89cf86fb72e0cf5fcb0a5edb7dd8b0f1095b55c32a7bea832223a4,30,amp,independent,340,train
cbfaffc3604a7051a09cdf031d3752eefa3adcda2e2321e12d7f8368e9c46051,28,amp,independent,341,train
da0bb3014d92ca096d90ee331a2aba3558123c38627df75bc88500998d8248b3,9,amp,independent,342,train
b4008b2d36567fadae568c7a9e6c8e897fef3744af2ef1812c87e4db107be2cc,9,amp,independent,343,train
c5bfd6670a3d960a3875f4e1f100789f162a0228c6013f0a450643cf59a0d607,9,amp,independent,344,train
3d7842fa56e7a7494e7e4fcfb0006ba45dff16e1c3a8a47659ece4fcbfa7d063,9,amp,independent,345,train
d59774bfc3536e72d8253a73fbce6ceb8010090d030ac90775a59a721a7c4fc8,10,amp,independent,244,train
eaf154c1cbee215a3f6376d7a633fd70c2164982b421c9266a47980d4d9cbab3,9,amp,independent,346,test
e28056713638fd3a727685b4575aa91ad49beaf52ee7968e57ba296641bf331c,11,amp,independent,347,train
62257a2b8eaff19762085eb0e811ce8ed2d4c1d111f087965afd4640e075885e,9,amp,independent,348,train
525baa2bc3b8708128a86753f0cb3cd4cf22e26756df3097aa3d30144a6201d6,16,amp,independent,349,train
35037bd97a6c00de07f33b10bf2e9eedc448cab290b160a0eb35498b92bfa185,16,amp,independent,350,train
5787607f7b76f4cc3203fd620deb296cf26608cb994867c114fd66a022cf9654,20,amp,independent,351,train
132895b7ec593015c69c1565dcc10bf4180b4051ca90f08a1590bb5accb98583,17,amp,independent,352,validation
123f58fae1182c6973e41d3ae069648d781bcc00327c0494c2494a737615c85e,22,amp,independent,353,train
33bb3483069e88a7a44e6fa7f4384976c2755b823062b64c32becadf67fc14f8,15,amp,independent,354,test
92563747f5221782267397211debf6244166ca435d30d824fd97cec5ebcb6518,25,amp,independent,355,train
58c1d6532300a8f39a7e77e338da85b53690bd0e7bfec90632064f45eec4015e,24,amp,independent,25,test
54923ab9e85f5320263c39ab3cf12467f51bca8bf95ed7d313a181f35ff10a2e,22,amp,independent,356,train
4cae4d7dc1ee974b5cc40859723c6e9284c0ca62cfbacd887dac506047a73db0,24,amp,independent,357,train
34176bfa84373c64315adbea91bd549cc8e89b8f92706e61ba66e5ff59daf875,27,amp,independent,358,train
4c4da6ea880eebeaa58ac3f440d92f5790e9829388ed80a60316036ad497a073,20,amp,independent,359,train
3065a321ff366aad37583d2d41771aed7c5f8d365ed3a685b21d4af57bcceb11,17,amp,independent,360,train
4fd0b2165ad21fb5ff6033bfc11b480de84a68157d761287c4ee4d75f13b86e8,17,amp,independent,360,train
5da561195b61844c8c73afb499c31ae196fb04c10c082686b1e4d237804888c0,24,amp,independent,361,train
300190dbab8a375240d77f6f991eaa91f817ce64994781b76ba6c4abf62696cb,23,amp,independent,362,train
1919164c838e5f122f7f2b67a6330ee11fa0eee8aad3130f3ca5f5400527e542,20,amp,independent,261,train
8b2d22711fada4dfaff05f645941d69dc9e5627a5535ac1e68320d55d9879a03,24,amp,independent,363,validation
fa380aff913e5468e2ebcba1d28ede5de9d72856c3c2522a185a045c1c8e0742,30,amp,independent,263,train
dc45b2c0877dbc95c0f7a7a6155b42b196a4cc0c908f7972fe91dad47ec33a2a,19,amp,independent,364,train
08fdb885c8e3352f2139b1150194aa4fe418260672fb3063cbaac4588b4e6b36,19,amp,independent,364,train
a84fbd85a088538d8f9da85960fe3faf1690e0344fc350159661c7aacfe58d2b,19,amp,independent,364,train
d67555bc8162dc757c754aa2c6e976427d035ef8956b822c51cb5967b94a5e5f,15,amp,independent,365,train
83e6ef5d152ce5644b96daab46c9b5f16112b99209ddde9071def4ebb0875149,28,amp,independent,366,train
25e05088a1011d4b7f1537cb6092b9d23f5b57370d99068dec2bf6b3ce2810b5,21,amp,independent,28,train
b43605f0f6291fae2704f34ff7ee4a6e98f8457ba81bbd8ed5d051468c525d05,21,amp,independent,367,train
ce41727c79a36a67cb0b0a01c23f0aa19c6bcd62ac77bab2f1f11544cac5b778,30,amp,independent,368,test
9adf403af1a73e5044e8aaba0ccfcb55253c59c821b17b935b705845e37e5bb3,17,amp,independent,268,train
ebde7aa9f4f9d5e77a69156ed19513569a8b0cc8bfd1740f9e97578c4f77c567,16,amp,independent,369,train
ab13690ef043d46563dafab48904f7a16bc0a42d77d3f056cfd53efff3682cce,15,amp,independent,370,train
10234bcfff7febd27ec054bf39e6632563790a3d8ee95fec7d3ee9ffe149b309,15,amp,independent,370,train
6eff434e89f2a1461b5384cb15f2795627d76981f04e278334cfdd1f3fecaf94,25,amp,independent,371,train
5ae69a0eb51a13a521e19bc45cba172a4c7ec725861bf979373ac2f6f2cb1593,18,amp,independent,372,train
f707ce069c7197c0239d97c0822107bef802475b47e54e1fc780ef7f677c1fda,18,amp,independent,373,train
94b13ac7d5dfd0865e67cd5ee9be43aa917e8672ce647d8198ff1bfcaa0e2903,24,amp,independent,374,train
4eac22a91008f7821771480bfa46d5b62856f48814e5015cd12dd0b9dc0e70d0,24,amp,independent,374,train
dec65b0eaf8141ca58cb3e50466c2625ddd5e409f4eb3f390140b28ada3b375e,30,amp,independent,375,train
1ff67a24986fbba2f0e02496df98b9774666ab038abe1adf69a54fdea219deea,24,amp,independent,376,validation
312eb918579777f1934b1aef6f090dd94179381f4bb9a4da3f6c3a774b2d9441,24,amp,independent,377,train
66cec8d2089499283ad595fffced376a1dacaf5a18788f6f443797df7d9976a4,24,amp,independent,378,train
06f42a79104c46e2850329a1192f14d1f60280e623f67671249a33c67d8489bc,24,amp,independent,379,train
08499ccac20c43717d58bc09047d88eee6493972bcfd7bc84b7fb36955527c28,22,amp,independent,380,train
8d4e054f00ea5a171830fc36784bfb4fa96dee9c095d087f46b434d26015a4e1,13,amp,independent,381,validation
0fac284bc52cd19d52162c3f0ba2dcaaa3b3aaeb4e7da70ae79babd3e8c337f0,13,amp,independent,382,train
f223b113903b5a6ae07e3f6653b7bcea471ddba96d54f6451b808aedc4a43735,15,amp,independent,383,train
88fa7a2f99a5c5de128af78df3e7c2c628a37bcff58f7ee1309163c29d3ca7fb,13,amp,independent,384,train
1720a65fdc0e3225c83e84d33b0f8af770c856addfd202a5a936f29d468a1f48,13,amp,independent,382,train
40aba2a3c3dcdc68c22eab8f822612197b8da7b88cdbbb2685f9c44b4b195332,12,amp,independent,385,train
3ec1280c940a7883994ae2faa143b97a31070462718f796347afe1b3ef964643,9,amp,independent,386,train
700e83296d878b22d132635da20c8baa68724e7af03759d801196d2c0a596010,24,amp,independent,387,train
cd99fea90647ae0d222690744195d8e9f919f0a4535900f179752a15bac6c6b4,17,amp,independent,388,train
473ee7bfb4515e6b0194489501e12bff907d0eaecc8341a97e9ef45cd5315f72,15,amp,independent,389,train
6384e2571b1ca5b048cec436c562317ba43ef189d6ebf5f6909c5fe9f24adf41,9,amp,independent,390,train
c79e76531977d29be88af5824cab25c62af6a11e24b3c955321b2b7966026974,29,amp,independent,391,train
fdeec5407883273d85385b8a1b6696809f3c2a635bbf97719439775a80790ac1,21,amp,independent,392,train
00435c9c7d8721edf5e3864ce3ed59301aee06809d973d6b6b7547e737d7de34,24,amp,independent,393,train
a9ee89b36a179ecc3ae6fa5d4baf67f6e643cef46f2f4f99321b1d51c89dbc55,26,amp,independent,54,validation
709ff90ddca7b686dfd07a313d4852f053a237f95e414d4b51428e73f5275cb0,28,amp,independent,394,train
592f401c04b54298660a572be429bdf7b69027cf47dcaac7cf5966a22653dfa3,14,amp,independent,395,train
5772b8b902a3bf06dbfecd294c60dc7d5f05ec3c23222a2e3271ce0cdce38e98,14,amp,independent,396,train
6dd6eaaccc139186ed999aa41d2da85565a6d2132132bbdd7f36fe8ddc56f297,21,amp,independent,397,train
a8420ebaf233a5ea71b5a34761476abf0e619066eeae95315ca9cce9f33b4410,14,amp,independent,398,train
b976b35b6427f9014bf1583b536464a361c4b4709b2728dd0111d829950a5805,11,amp,independent,399,train
62fa79e63e46a269fb8faaf673de72911508d7c647639f6f009190d5b86933cf,13,amp,independent,400,train
c851cba6b9684285c744ad5cfc4b81abd2b02273a7e5ede4ad5c5bd87287c949,6,amp,independent,401,train
96a88277c54866cca5ceb8ae7e69d18d2f2a085c2a1dbff65a76b82f7a2db28f,13,amp,independent,402,train
e33e868ddf8630441b6703ab0aee516fbe94e991e8cad7df9fb5fc2518f22ff7,23,amp,independent,403,train
de7e7137dc935b197f09602b72577217a7e70cbfa94a995464f6fa538041124b,23,amp,independent,403,train
af920a91964d05e716f2fa9f97898c29324d1034ca8cf864f73128645fdd8e2e,14,amp,independent,404,validation
fefb4190cd16ed4bb27d1f518fe0c6eea02e0ab9f45a6cc323010dc43ac9e471,9,amp,independent,243,train
bd45173a145b1ad74f810d05b479f315459a0a2c98d1913c0efb202ac355bdea,30,amp,independent,405,validation
6dac18d118d3284592cdac91ebcef6407e065ae0d2ff1bedf15bd2d3c715d003,28,amp,independent,406,train
6ad7c9ce2313225d7335af2b488af17cd4ad88282fe9f41afcc1d7703a3ea40d,17,amp,independent,407,train
bed55c8771eecda192a9d3023ead1f5c9fbc9f9133cab44f959e813121ceedd8,17,amp,independent,407,train
68cfeb0b74654c8d9b6dd4fd3d93e527eaab0ac455a954d52b05da3c79ca71c2,13,amp,independent,408,test
597ca1ddda72769135ecc0055eb076e055d38ba284d4cacf6dd0dd96967774c8,24,amp,independent,409,train
587fdd9df7863f14ce854343f8eb4189cfbb37ec83592a4911a1aa01de646870,30,amp,independent,410,test
d07f3e39c40d22801c033c55bbf75802409fe787011e81757cdd1680e32005d8,20,amp,independent,411,test
d98a64caaf5d417d3283087ca28539cb237850437144a0a7a5f73300c9849e1a,29,amp,independent,412,train
a75d9d29981778c6143a6b0c3d60325f3c1dd35fbfd5206fa46071352e12d28a,22,amp,independent,413,train
53be95ea1450dfc54f44662ae35184bc99876bbfdacc6feac0091bc4bf4a6536,22,amp,independent,413,train
b30a63b499da558874606e0fca5a608ecf3b36ab884f4ab3047adcd5e43de811,22,amp,independent,414,validation
9855cfe2a0868ae517052e72cd2d3fe471ddb7c8b2ea3ec69792413dffd2746b,23,amp,independent,339,train
c98fb6a4521287e6172a6cefbfafff8a12f81ee58039bb445b6616171bb3e074,30,amp,independent,415,train
fe9fb416378dd400a91972406495759f865f7f4b006eb1472cbfdb44809ef756,29,amp,independent,416,train
cc9009d4093be2193bd8d96e2d36e8d0fda0f73ccfa48f39821451cd92d422f3,19,amp,independent,417,train
7eff24a34244e4c0f2acab3b049a56ef1b23f57747cdaa2d8ee3e4608c6f64bd,12,amp,independent,418,train
37db6df2fe279d2b8db3feb1551d42848be67de4abdfc6df0ed98fff9e62d86a,16,amp,independent,419,train
166ed865216b382f5078ef89162ed0321c1d3f867e994990b338e8b71429e63f,28,amp,independent,420,train
02f6da9a2bda298f7c22172e453d8730165b2a5d8f52243b28f8fba14498dd77,18,amp,independent,19,validation
c31d86763bdcff290a1eadcc836107e59e9866723f574172298cb6d8e6d6cd43,12,amp,independent,421,train
14cbdd15c7b4141af7489d9cdbf0dfdc4c9c22326a47e5c8a03d2fe5021edb0d,18,amp,independent,19,validation
1b4bdfb79ab24af68cdf524cd3b5999da10604f760c1e36915e5967da350dcb9,24,amp,independent,422,train
b73154c310942d23f21581b0ffd79017cfd03ba51b4eb181272bea31f5abc82f,12,amp,independent,423,train
f8774ecde99524491451a8ac3aa06b2ad542a60f6964beead09b5cae4833b020,28,amp,independent,424,train
6e36d17d7bbc477d6e36185642a297cdfe59074bd5183eee98ff71ee850f63d7,8,amp,independent,425,train
d11f0fd2118dd574ff69bfde7acb3b4dca52fc7b7124c80c75fc9960280fb89f,11,amp,independent,426,train
8db61ac582ea4543a9e475cb98d981c8fd3b547ceac77370bb6c22e109f11dbc,11,amp,independent,426,train
c56ecc321c6445aba5d62480098ad10c3768c81de818727b6c8f9083d55001dc,18,amp,independent,427,validation
10844b3b24d51439d707d3f6afdd1c639a0b8e631bf53a847ad2e9aa378b74c2,20,amp,independent,428,train
957c3b57d50d45d9c571295e53fb79155ec258de97d86adecd9e38b312205120,25,amp,independent,429,train
4916dc6cea377ec147fec05eccdaf5a15abb7605ee849268676e7762d0e61fe5,9,amp,independent,430,test
df4d8e98e16790c379ac91783a1c23c5902f6c4ecefff70d44d3d78f39eb927e,12,amp,independent,431,train
b3a8546ad1e40c0619fa15db946a16479f5d7a1624e51cb151b0cab8ec600a81,18,amp,independent,432,train
eb668b8229187b8ad91013601e428dcc921d94e7001a735a0e15b2db9920e1cc,6,amp,independent,433,validation
07432c0c1e4f88ddb23b39a168c9583b80e19ac010b28741aaa977912281dfb3,13,amp,independent,434,train
845c35546b248623619862be3fb74c045917892218d5e7dbfc755cbe5870e517,24,amp,independent,435,train
c56cf1b5cdb976e5034e506c8fdade9ae4379fb4148b069d033d5436d36d986e,18,amp,independent,436,train
b66c75c4782579a93f0656dfd6dadd8b57bff1fe0132483a9f0c88597529d19c,19,amp,independent,437,train
0ae53cc1e8e0d9061d1cb9846371db54a10c52fd44f003158cc287574238f3bc,26,amp,independent,170,test
805fdbdd6385d4557e538a8cd0b508b760dcc1cb96d0241b4cf8e95e7f6e07f4,23,amp,independent,438,validation
5437489d8e6da77c9f81a875e13b1c53f8b943b62e8bc038dee92d6ada49fe65,21,amp,independent,439,test
5097c826a694d1ee855d88583b737ab25f7682b84979d21b6ea5d442b453227f,15,amp,independent,440,validation
45e9bd215cfcc4bcf929a7e4bab81fb7ee0020a64dd846801851ffefc0252bc9,26,amp,independent,441,train
1f0a2b8b92c7980ffbb30c8e368703d0cae9b126cd0e9a4a2ba6060587830aa7,21,amp,independent,442,train
0b3be846c324a4048b35aff93771b29e3aa66ad9890ef39859bc5e0e0f5f52c9,15,amp,independent,443,train
466aa3eda729537721403c9c75b7a16499eed12df2f32785d5f9a8aa6a8db923,17,amp,independent,444,train
a6b6528b4113617bc6056a4f634eaf974312cbcacd377ce9574866aa0f301f92,18,amp,independent,445,train
09cecd504462128277be8e05107d3d9c663a8bb1767b0dab2587d4ac56cf4529,6,amp,independent,446,train
412848ead94b257631a6508fac7461c93df6e7bdaa5c67880d2c66bf2b8c239a,20,amp,independent,447,train
701ed81b1eb2a026ed27c449718454d9cd1e7704ee0d9bb939bedcf92e671744,19,amp,independent,448,train
abc2460b9fae018ca13b7d4e0762d2de33cf80730a08d5b66d115c8398c9825d,21,amp,independent,449,test
ee2f7f02faea17f57274f3d3a0710bbd559711a0cf850b63c58e150f8176e726,26,amp,independent,450,train
828ab0661a5bc9dfaa4e114011f57b9dd7402370ffdab160866b2ab986e8dd3a,18,amp,independent,451,train
7948a08f1144648872c9cd388c3f98f35bd5824696339e3b14d5038c7fcc6445,15,amp,independent,452,validation
41a65a02936f3e3f2e6a9b567f917cf784b751c9662f8b5b2080768b95e0e15b,6,amp,independent,453,train
3a63f0f352c25e095e55567e693e537a891b73af0f9e25ec8f8cb129c35afc02,6,amp,independent,453,train
7e412190349aed2b5deb3fc6961486d2ab76dfa8472495ce0b76c9efbc6ea653,10,amp,independent,454,train
3a3a7ab94b10efdcf84192ead451c18b541ac22c4b381bfdb07198ba2da5e730,21,amp,independent,455,validation
f69bb930623c2ed7882ca683f198444d481de35be97c4eba72317057192061d4,18,amp,independent,456,train
b8eba5c6a587faa6a807e90d48cbcc5753e9d646a22634dfcd862494e8301d33,15,amp,independent,41,train
35451243e0e12c739fe264884ab4f713b5bcce709bc19a8341ee5a1e4952f7e6,15,amp,independent,41,train
33910c8b750c7ba7fd636c5ad717b1d1132c9c77a2f398aa213ff50695816fe5,22,amp,independent,457,test
a1fbbb245aced4430ab86ee8acd6527a2a2462ebf7109eae44e265ce88de9a6d,28,amp,independent,458,train
f4a5019de454a43736eb39e544e7c0a200f6b369ec930ab6a8e078a72d74d798,30,amp,independent,459,train
4a03a5fbb217d8f13567cbb8d46fee0730c0d8a47b0ed3cd38b2411b953506a1,24,amp,independent,460,train
e12c7d21b4b0271c6d63bb5453431c5add2fee79b284f4e036e65cf8435a36fa,11,amp,independent,461,train
b52700db6931b3d7ea11612ed1a7669c42b1f21796dfcd243f4dd94a0e7b1051,18,amp,independent,462,train
0ceebabaf0c75efd993fec0bc0db2134844c66485e28bfc26d4471d6b40dd5e9,13,amp,independent,463,validation
df18b4c6606a4791b4555f01157fe5c061a2bfcda4c13bc653fe6c657cfe233b,12,amp,independent,464,train
aba63ef4f74e1afc4ce023818f1a60834af7e65751229806350b4901e7a28b34,12,amp,independent,465,train
a9cf25a34b8c440f0d9cd1a60f670940f4e817d51d1ee3c3e983664f68e3ebf1,21,amp,independent,72,train
8a8fc697ba23340c17ac58653826c0e667f94942a08d81c0b7a9277240c95ae0,18,amp,independent,466,train
58f614e6f9898ac8f7c8473b2ad508388bbd9923b3fcca926f045d837895b761,14,amp,independent,467,train
7e4ff9389c8680e86d2731399a9c72b9902f375ee69e2126383de18562f20000,30,amp,independent,468,train
73564fdf56934975ba68dc5856d857444949203be12a2a983df9a9cbc390e0df,27,amp,independent,469,train
4d6964dab9ae1ab4b2cb43b48d95d23ae35ef45f6f077158dea453dbd0b12354,18,amp,independent,19,validation
9e3f35c0d2b2ae84d2cc1148629118f177d1c9d7f1998edb1c018f4c00c8c54f,24,amp,independent,422,train
43086b0afba308c660256571ad96772d4041f288f387cf92f29989c8e3f5fb1f,23,amp,independent,3,train
131edc518f2da914fc4d5185beb15d2fb08f7129e5268f47031c20c8bcded468,10,amp,independent,470,train
6341a5e1cdd209cd46f3e51addc6bfa904a31b953ba81caba40c217dfcdf6cc5,14,amp,independent,471,test
e4192fbbed8dfc270d4699f7a70a439b44d4bf0b745094c8f0000dded6413b36,18,amp,independent,472,train
56ab421d628b148c3442ae307bc7b1182cc8ad543f446564f5a91e1509709392,21,amp,independent,473,train
b6fdba6740d422b272871edca77d75357499656f172029f11c9eeff3fa12528e,20,amp,independent,474,train
6c9827ac96691063a4b8de7a9763a63c3de96aea7d07f9edbd550bc95b3f20da,29,amp,independent,475,train
7982af98eedd3745f55f8d0460def1ce0c60453af765730ff6d29e6352dfea83,29,amp,independent,475,train
065d75f770bb46a996a5ec526495375c88ec47cdeb64d3fb282199cc323ac928,15,amp,independent,440,validation
71c31ce9017ef1139c2da2d595be9f7e4d10cc43db57c5747f1265c929fd27e6,13,amp,independent,476,train
fb3567cb466fcb344be40ff27f2c64762b9a6d831dade8e9d1a2ff3929aca5b8,18,amp,independent,477,train
88f4891fd7711c692b173be3ec0b4eed0759f8565de244291c4a8507787a4264,29,amp,independent,478,train
8fe4c1e71a0412049fb3c52676cd5632b42b524de4af3d1d8f3a66a9d547f7ba,18,amp,independent,479,test
7f837f503304b7380f2975535a86100c7cc8c46ebf72d27f574c54f844e3c933,16,amp,independent,480,train
6bbcbd8bbd7599ca53ff0e9c69bd50fbc6b810ef70b81e3585e2c9976523860f,13,amp,independent,127,validation
5823bd93e804da1579889581b5948ff15d90bfb30580d37ee3fc6153fdea40a3,13,amp,independent,127,validation
060258fec0ab4bb23d0c5e1119412e58bef0cf5d9b5162365aa864c94a5c6cb2,17,amp,independent,217,train
ef2d8115f94c256609bc23fb6ee05ed4bd43bbfc88d44d2442292a5521051a90,26,amp,independent,481,train
acc96e6324809e6c8b2a4314617d4cf915b9b02d47dc87434440ae5934db8615,17,amp,independent,482,train
86a2a984043d818a00799e89b8053c65da3cc890bd1240e0f7eb037595e57148,8,amp,independent,483,train
e4578758934202b495f156773b9ffde632405d5fd49f24350c9e09056230b9cf,25,amp,independent,484,train
9215914a6fdc3b8c2962a0995d424791ee103ba7cc08b3b3c1d2b7d2c1237ea1,25,amp,independent,485,test
c6e18ec0add2ad60cce567687b866f2a09afee278cbd17a1b18a59105b65008f,25,amp,independent,485,test
74e9ce9d25224245a35fa72ae024740e13284414c8708ae9f1a354551250f166,21,amp,independent,486,test
0461ca1a36a0f5c41ab4faab8b56ba77d8e3baf6f1fd21e604048c3bdf9a07cb,17,amp,independent,487,train
44358a902554b9711c74ea89e6eb0ab101013b74ba1d814c9fd50175e37f4432,17,amp,independent,488,train
6c276f7e4e0401c45f8f85a79e35f9e7138474e02f062b5447b79e9cb5a3de2a,25,amp,independent,489,train
51ed8121b5d61b28d007363121a05d2cb1145a4e9871047d558188b76da1c7fb,17,amp,independent,444,train
0ffb85a2db4a90874fe8281262bfb6721a4f41c231d8867741229c11a49160a4,17,amp,independent,444,train
bef7d48ecf3570f57ab737f6c19b12cd26a651c56bd5abaad59568ccc5c2c762,11,amp,independent,199,train
f055412289030e28c468f1cad67335b34e198b3375ba46b29401d4af5f90fcb6,21,amp,independent,490,train
d0bffebae2e97ec7f28209d9d284f911251304e31ad12638254f7cbfdb6e87c3,18,amp,independent,491,train
61876c71bc0e635652a12437150f9e50be03c0803a4a6b35e53cf1571cd00fea,16,amp,independent,492,train
045bdf1be2981d97cd8b9f8faab5909aacb955c9e115485bf475c8bb70b52449,29,amp,independent,493,train
449aefdf2b447601be76fe7b8efc9333081f00578ae3cd62517911048029ec90,11,amp,independent,494,train
d9f96cdd5c96aa540548572a053c0307f83168d783728b559c4b4a7ef931767e,9,amp,independent,495,test
449078b0d575de7b097f6d7e9eb9d64c10d0c8556e895ad79088a88ea5f9b3b2,14,amp,independent,496,train
5f06831f815e149271d189d218df98c1217e98d4ab9fc61136a6e162b199d6b0,12,amp,independent,497,train
17d2b26192c28311639678e8d1b8b9238f0ec6d63933a686e58b7c1d73533e64,12,amp,independent,498,train
a9b8adc3522dc8b04c73151538d79cc2b7d356a90eb057410c23d0855886d5cb,18,amp,independent,499,train
404a89c4ec6e822e4ec6cda4771cf27ccf4a1eb67d6b98ddeaf77499b6c03330,13,amp,independent,500,train
92b3c7e78c828b3ec84a51e29d2674c7d18d146fb6e6492b2567144fcecd26a8,28,amp,independent,501,train
8e08941e80ea40f53aaffd0b3644cf619f3a669db3725c5e44fa376b4c35e816,8,amp,independent,502,train
10e3164088f6fa65b0cb9cfc2c510885ea581544263a9d9aef34bcdafab560e0,10,amp,independent,503,train
8425957cf0b23d78c89f6ba978c1891761bd77a966c4c9290e3062a53612ae17,21,amp,independent,504,train
695f74106fed8d9368bee95ec3504829f3e5f35ea9b7ab33760c866334960e69,13,amp,independent,505,validation
22f40cbee41059292aa4b50b0f9d7ce10ebba13242e7b1f1f437e3e37deac8ca,22,amp,independent,506,validation
4cc3570c3e081b822e5862f8d7c1eb8e77281e0896a62849f71f8d26e041ef28,14,amp,independent,507,test
e2a1a57f9e330baaac79e3bc05a97b6ca80c1f5184c86c5975176d82476e1a82,16,amp,independent,508,train
0ffca1b187aed4557b4a9f20e606066b8c0d0caba9cb813bb91b2731453dd5bc,16,amp,independent,508,train
ce5c19b295fae155976a08ca13fa86f9ce9c67f6c4c5446e08a3a541fa5f92f7,25,amp,independent,509,train
078b635cb0c02d5e132e0ccb842a72eaed5c17f7d6133ced4000f5c6d2b0512b,11,amp,independent,510,validation
d96a0e3d3e206d98d3a6aebdbbbb8c79f1a41eaf2cb16c719a7bcc10eb3efe4a,10,amp,independent,61,train
bbfd2e5e00bd365d8862d954de022607ae69ef1719c4968ee83c74ec1cf9a23c,18,amp,independent,511,test
c85da182a1cd3298fc9ec5a7aacdaa634386de0b7c1bdde26ca0e6f80bdf86f5,18,amp,independent,451,train
8338608f03835fb27cdb1514113265f08210b0032055df8fbe3b279c81ba0fe5,10,amp,independent,512,train
b2ed1bf849eca2b8ae543c59eaecbcf1bf8e14f85401b14b86c02e5ac335014b,11,amp,independent,513,train
80b4e507c8203f8cee72083d4b469a445e32173dbaf0de4b28c1b5cf3cbef911,11,amp,independent,514,train
0ad0806715ade87740321b77c39ff6d39e98ac083acd8bc79f35770c5e0765be,12,amp,independent,515,train
695f2a08b66ae737a7526e9ea173f7141e4cf81f1da6d06aaef59baea76a5637,14,amp,independent,516,train
096a3d8a06b2caf9c5e83371c292c2253bb69f0cc129f003057473bd1f19c1d0,16,amp,independent,517,train
4af8a07687323dca260d34ae9b5f6230cd37ff9cba9d4d52412e7202db2ac481,17,amp,independent,518,train
78521ea35a7553e59a8c9b3667d1847c0813c4528734ad78c29eb13eaba9428f,9,amp,independent,519,train
a5507c180ddfd3f1880b25dea35e345b855a915ed7c876452019bfb83b11baa8,12,amp,independent,520,train
b1b21f83490f62ac8f64d4f9b9541452fd7edd125098967d524b0a36fdc1abb8,11,amp,independent,521,train
b5d906c0130055acf1d7a05cbf3189d6993afd3975506caf2a4cd9dcb3eb164e,12,amp,independent,522,train
f18ef8872c99cd63f73a08049b3d776c774281d9640bc02eb16a0c0e796b1316,13,amp,independent,523,train
96e454695b67c2fc7a9407c5b47d34dedf258b582103135ea3e9306db3d80f67,17,amp,independent,524,train
ad49738ddc9ea282f541a4d462213ce512bde2d3a9aeb89ff414a34398985d30,4,amp,independent,525,train
7861673c09ec2b4931a8a09d7fb3f56cfcda09c66d58b804cc8b818fd5846840,17,amp,independent,526,train
ef65c09423796ffd32021091ab2761eb23bb9f534b61fa4d5280927aedc9e152,7,amp,independent,527,test
179f01ec4093c32d4bb60aeab1a9c37c689eb43520b50e66a9cdd32115c9b2ae,9,amp,independent,528,test
6fa140d719eb7058f93aba4357b94df44caf954e539b3ac6f6f8b007724f34fa,10,amp,independent,529,train
8965ee02ec026268ccc73dc49ef9e42d73139c15588f20438517b2bc8e53a632,21,amp,independent,530,train
c1c4909e4f01704b120c7a2fb2d2855951ba158d769a8a2170922e40a6a84681,28,amp,independent,10,train
861c36b0ede88cd8a6c4bbd2cc7f0c28e8c62da3d9704ae03e0292ef4aa56fb0,21,amp,independent,530,train
7a6519501a823249b5721b71cf6cf002e4806ac4a64f7e5f82b26dce6cbb2ff8,28,amp,independent,10,train
c2b804a3e57be50f9164401625c31679e6911a538a23dab30669f34eb5e9df59,28,amp,independent,10,train
616765ffc70bc83ea9b2de54c256e3bfaaaedbee4768667bcd0462831ba9bc64,7,amp,independent,531,train
f848fb8d177577c2232ae6c2b06c54df8816b75d493eeb36204b33cb6b32531a,29,amp,independent,478,train
12a1d1ac6fda3d9d17dc788cc33d6c39fdab3e2c2010b018cd25f2fda5f5aa4e,27,amp,independent,532,train
ccd6f93e5a5b4b5c1bff531bdbbafb3d2ffb49a905efad0ff0bd2a66536d93b0,27,amp,independent,533,train
59276a70b7028a81dab1baf0385c88411128e5dd6e32eec7ae57c9d58c63cd33,16,amp,independent,534,validation
4c87bd282f3fe4f5613513082a3f7ce2d960d1cf39feec195f837c7f9171a070,23,amp,independent,535,train
56db8241f0f41f9eb749929c2aee6b1cd7910a7deafe004057b3aae133da3c87,19,amp,independent,536,train
796a738cbe713d887f26e191071707e0b3ca6fea198ef8c42dae220010afdea1,17,amp,independent,537,validation
351905db1f28bf144fb721ad6e9db60893eb00d6fc4a6a12b255154ac1a0a6c4,10,amp,independent,61,train
dd06c24b88056de6610fa75abbf923c6c79eec3baa9aae112a726b6c2a64a123,12,amp,independent,538,train
935799b4b7747e5cce1b9d8be91cde3d65d6ad39494cece780a807f45bbf165f,13,amp,independent,539,train
87822efb1e1eaf86133c117a234873f9e451102107746b1c8fdb884772d95a8a,17,amp,independent,540,train
0ed3a7968e083aed46fabbd4cf51c6c7a1c05c13ed1059207633a72737f5851f,13,amp,independent,541,validation
7d54dab5154f5e25239fc86f0752ae404c62708658d4df20752b0c1f949f1ef3,15,amp,independent,542,train
48b01caca2a75d14edff2fbe6ae03d00a0c011c5faa352fca37b476e96fe53e7,17,amp,independent,543,validation
1f9091e9d4718252461e09e0db1c3b6073611558906cdd064c76ac9b385c5afb,20,amp,independent,544,test
914b0ee4b138674bb011334409482d159eccfd92250a3900183e59e14af0b309,20,amp,independent,544,test
b20f53be000a62cace28b7b0791e24e2c28cd35c6df85cc62173acc4a739498a,20,amp,independent,544,test
636bff1bd1579baa303b6fb21c5c9e2dd2419e294fe13c6d1dd154da1e15e391,20,amp,independent,544,test
d6f24c6aa508ea63ec3d9392e401005724b8e3a2c093921278d10981dc0c5a7e,20,amp,independent,544,test
cea49ca3850b237114bf97d1c7701aa7e064f5c42e939cd2f869144a2e7540cc,15,amp,independent,542,train
a29bd0ca705bb843463cf9e0a5ac92bddfacca6c5a2aaf3f2ed8b4b314ad8b85,15,amp,independent,545,train
b13e64545ba214ca025ec8ce956e4598576a848f897808c9c7efda109396efea,16,amp,independent,546,train
3fdd1d4f528b3b73f279134826ecdb5149e94e9b92e7626dc0949676b9e1faae,28,amp,independent,458,train
2565dd9f5472f7b01b3a6b57e4226aecb2f9e29cf40fc8c806a6d683b0a143e7,17,amp,independent,70,train
987e8e208375a7ce4841e394bdd39f6e0a6d152fbcdf29cff8e00e58ebb37bd2,20,amp,independent,547,train
47adc0f49ca7bca690f1932a5773225f3a6be696c57babc3b2d55f95cd2f22f7,15,amp,independent,548,train
a321ccdffeed0d64a1e173cd11cf285f68d2deb3399b35c752ddd0e435db3ad5,26,amp,independent,549,train
1e6707144cdf3d59790511c6ba7246e667c7cfdee118718b142a08c5ab640023,20,amp,independent,544,test
29a597ba85d1354c7ebabf27550278e8a0d20c22004bb69654a9b02ef3d82ade,14,amp,independent,550,train
bc1e61e486c98b041ab467387f1228e001ba3fc3166efafc7f6292bc2f56cab6,19,amp,independent,551,train
e8a4c3238054479133e0bd5e0da859726877411ab2de85d483b45fd52edd0a04,12,amp,independent,552,train
4805b735b8a29d39f782548af87a21918b46f290e46fb1d4c298de2ef79a11a3,15,amp,independent,553,train
cfd92f2c3d6b167fd2dda077f1965a06d3b046e7b9c13e264e4c7336bee7938d,25,amp,independent,554,test
c7ba0031ab7f969ea6349937d84d8db8e3f7947ea285792a2d97ad51556fd883,11,amp,independent,426,train
4ec04fbb51f6cc656b0b3446bd051abd152e1c7f20237ed5d4a22e666eea626c,11,amp,independent,426,train
8c58fd32dc4e67dce0b0ed02793bf1e6322b39cee5b90514c1f1b80211d1bd43,22,amp,independent,71,train
128eac1031e4c5b4a6ae3564ddeb477ac0095ff226607d1b7af9c44c39d67493,22,amp,independent,71,train
922169e349c4151b0457f1c09e050cc004dc59dfbca724cdbcf2f9f228e8cfec,22,amp,independent,71,train
d147cea2ffa8f152693568184ed91c28c8ae759bd0b40e98b092b0273dbef70f,22,amp,independent,71,train
38927189fb7c089ab83b44058736de8dfda6ebd97b6d19fcd0e33bfd86285ad6,22,amp,independent,71,train
c0cb49098b7bec4b86e770614e08d5bcd4d3bbc3aaeeaab29535ed5823422d46,22,amp,independent,71,train
093d85812c09f0af1ddcc1892d0788cdde1bda80326192955401dc4a29d7b257,8,amp,independent,555,train
d23df5b3294af8fd8c264c79b169815789faf587a02cc2264194a6420c216d19,12,amp,independent,556,train
6ef9b6d551e25a105a6fca3e12be899032c9aa1e3633d8d546904814a733f677,16,amp,independent,557,test
6e8853e55fbb9a754169849e92e11d433ff6f03cc15f7f1b90e099b5fabc2775,16,amp,independent,558,train
7ed55471ca1ed2d16bee51d07dd07d4a3b6bb0cee024062b5a1a5f7e3ba301d9,23,amp,independent,559,train
ff5883cf7daee54dd9dd8c35cffa6512acd5c7c5ab957615c9e0d9ba16ed515f,19,amp,independent,560,train
aa240ec82c4786c1a6d9de054c6d47debcf7b1b3c053d0e5d6b2d24f57313e26,19,amp,independent,560,train
3cc1505a8ad48ad7eca8ddba37b1b7ed8d908cbdab97388bf7a39cbb34d1958b,28,amp,independent,561,train
a9439445e7c834072b41122ab5d118a1bc4d399b7916c9d67a02f8a564ffc3ce,15,amp,independent,41,train
45323232a9da7443f1f3772a05f2a440b388250339ea9c9d425766370ae4b91f,15,amp,independent,41,train
a2640fc9ade7979239321a6aae555bbf686d3790b687eda39c3dc7c0e0d777d4,15,amp,independent,41,train
92e98f334e76f8b7aca759331291b0205024ba8bf26e1231d4f100bc48172fea,15,amp,independent,41,train
0a2b407c18c22209bba05a3696d36b25ea95b67a23f567375f40e47a0c2c0a89,10,amp,independent,562,validation
ec5e693a5e8354aa932ac45f56231d3e8d648288025e5d9e558f957dd9178791,17,amp,independent,563,train
9a6e7d589caa222b307f9ff9abc599597aa285ca6b3bc493b8080b20d808a45b,11,amp,independent,426,train
034840b77aad145f01619381be98d5e0648fb90e8b18732de5488356173047a8,17,amp,independent,564,train
ad9367da0dfba18db2b609de9f233fcff0330ca4730e83a99f1043a954a99f5b,7,amp,independent,565,train
91789faabdfc9d7b46c54e7798b2c1c7431d140643f931265276a23fa7378980,18,amp,independent,566,train
b66283b12a5ffa2ca4d297c7c09b88d5faa24e3a12178423ede4ae565813d2ea,13,amp,independent,567,test
abfa893f235e81e8ead920bb1ebd217f8d9f80a2a05dd31d7c1576368ffe926d,13,amp,independent,567,test
c6018c3229779817bba662d2efafe2cc651d875a72a5a83ab94cd56f99b04201,26,amp,independent,112,train
0bf414c57858ebb97df9c99f65bb694c676c08855f16c9a800323e36a859fabe,25,amp,independent,568,train
de682fc4162abfbbf5ca127d79cca89ec372dc3d045b14caef8ae00ccd1676d7,25,amp,independent,568,train
dead06cecac9455cc3b7afada82f42d1505095dd966cab076b1bdf5715f9ce46,24,amp,independent,113,train
907db31b6c170c73f4982de9e5046bd015922dff8234b53afa8ff4648057264e,18,amp,independent,436,train
1556e2791d4037e0bd0182bebebe19690a59399a3df55b4605fafbdbfb256238,18,amp,independent,436,train
79f89af40f5eaa9fb792188dcca07526f4ef7b2d2735b59cb1a0616b85c289f8,18,amp,independent,436,train
084f0288cab402aba004a4b93b8a971b1c9976ba2a37bdc3fc7999d70173fee9,21,amp,independent,569,train
1397c5398122d1542029514a61b49cd53480af62ed2d1b616f8b865d3fa05043,28,amp,independent,570,train
2b8ce4b2106fbb0c8990fdb778d9024f3772e3108437270c290c1076190e715f,19,amp,independent,437,train
b727d56d74b937dff2400d031bf630f1a1f1067d0f4a88422fd99a94b2ac2c73,19,amp,independent,437,train
d6bf662d0a2ee4e760cad10f2400f89aeabf68cc14edc8a509e521bf56a72bb1,19,amp,independent,437,train
51b06534e94e661811c9f8f95fc1d44f97e138253b9b453c0b0c3395e853d179,19,amp,independent,437,train
3a271f915598cdea3f208e3b041f1b81397309ac09a67b16f4b928b16478e6c3,19,amp,independent,437,train
d347c0c261a1ee6eaa2e520185bd1f3aa64cee20100a340528d0eb1099ad1412,13,amp,independent,539,train
7438d269c033c295fac6753a626bce54d666fa82fe9ef05c1cbecfc65825fa20,18,amp,independent,571,train
f82a1c5ecfb33f87cb745bcf0c1636f6c509507429767fa0db8435dec3f71b7e,18,amp,independent,571,train
b20ff1122bf8dac3b4b284e9976f30b2f1791d684fea1152d02796ed8a6c12b8,18,amp,independent,571,train
ca59a9637bc44e1763598ab02c161e124ad6a2ef3ee98e6b5b225f788c018cde,17,amp,independent,572,test
fc859d79aebf6ebe1ca7387ccf6847f8916ffc8ec0e5a19076b48db01ae6bec6,21,amp,independent,573,train
32cc2cd99d5b31b421c2c4d3124442ff04e4b68be88f0607bd4497daf5ce5d08,21,amp,independent,573,train
505bbf37695cd9737fa33b4efc1d746fd28f1230451c8f22140aa2a8d9ef6523,21,amp,independent,573,train
6c3429d06ad949a2881ceaca77f0ddcf964352dc3206b9d2c8699556057ef8f7,21,amp,independent,573,train
85977133671334f44d902e1dad2523229d1c752f66718ecba64f374a8b52c6cd,21,amp,independent,573,train
d9de43e0203258ebf0648c4fb47278fe6131c7e0d9a02a3d960675bb287fd111,10,amp,independent,574,validation
63676d1908a3c8edb5b5426302cd481aed28efd15d06dec69b3420b6535303ad,19,amp,independent,575,train
20d76ec57de0d0723d2987a4ca8323bcac6b188fdca97c9883bdfc8eb54feeeb,23,amp,independent,3,train
ccd68e5c768f37b8d9a50f0ef830b6d90c7102b2e95a586cfdafda3e9cd0131d,21,amp,independent,576,validation
ed85dec355796b00558e32653809637d1984aca3cb68e598f618f740ec20144a,28,amp,independent,44,test
0a88d509417fbbca546da428045df81b669d8532109867bae33415b5f6519a50,13,amp,independent,577,train
29a4517df31e8377175a2580bc070039953eb4ff3c1cafe4b62f054562d07dd9,12,amp,independent,578,train
9cc22255efa140f33509b79276d1d9e18020d0fdfbe3ab373bbc523c07fe4fe6,18,amp,independent,436,train
3ab3462f5f2e98e9939d8eb051f2e98255e953b173d1c8d1c654d3b5f4a67915,15,amp,independent,579,train
e314ba47ad0553ad195373e1bfd06ce0e39b2006072f53c1b210e1e02b6063e7,15,amp,independent,579,train
240268a264dd1105d89544d9d4832bb53f5fbf7409ca5b6230f49547959ec983,15,amp,independent,579,train
16ec0f1cc93d2a6458dabd412eaafd3680660bc069d364e7dfc1767cf764d87b,15,amp,independent,579,train
e1709af763a8f3140cd9ed6acffd65199e251b61aa289a54564272526a3efce0,23,amp,independent,580,train
cd7f4ee9381b15c90e4a6aca546ed1fc2185c67ec28ded7887802871a1791597,25,amp,independent,581,test
daeead4ab3ef8a2eee4fd6653417a9da77707c94282a854837533d1805aaf781,12,amp,independent,582,test
de2aba6467bb2ea19715dac93709c6ed88b80678640ddbc0b31c558e164f3302,12,amp,independent,582,test
80e858f3b4e5b4d991f9a19eb6da562eef50b50abb9b671498a80810171c53a7,12,amp,independent,578,train
999f454e8087fc435e65903b4f51bc4c63244246cbc2aa9a2c77f5b1cccbe441,12,amp,independent,578,train
cfda4ef48f2bf9245bdf060cfe0cd456a68eb99c5e663bcd97712e55101d6586,12,amp,independent,578,train
1f2da7712ae6acde6ab2577b0770918dc61b688845cdb62b7a3a6e9fe96a009b,12,amp,independent,578,train
a05b9581fba99dbd7b67579266d9c9d2544622f55481b02ca18022626d66f0dd,12,amp,independent,578,train
ba4d63dea147172e9de5ed83a0ae3b20785e05dfa380d1b50522c3e659e4f8e1,12,amp,independent,578,train
a6332a1f52f22ec62ac3ec880aa35074a662969f851a4cb9c19f12e56bbe9561,12,amp,independent,578,train
a7984bb47eb98b8d6b5e46369ac366cdba9f7c9d255929571ba2e2c8658ac80e,12,amp,independent,578,train
c4f2a8015ecd568a88a8a291a318acf134b1b796421cb373a2fedaf9cfff2ef2,12,amp,independent,578,train
891d16ea136c005fc976d87e7da96a8c80d21009dab660e2bd429840bb7116f4,12,amp,independent,582,test
8a3ecf3f1c65e344058f27ba0d0ba0fd252c8b07175d5492d7418f6f80677ab0,12,amp,independent,582,test
8a604d3d2e6e3e36fa2eb04f8e6e692f8a17cda5cff3c2902fc09b4c21312efb,16,amp,independent,84,train
0e2d842de1ce6380d28155884c40b466e47cd2e4f7b7cef8e6146d85ed52d7d7,16,amp,independent,84,train
8c2a5494d202244f05d8bd41a86c7fb045ed2895f47de444629eff075ee31840,16,amp,independent,84,train
40835d8c564f6953ea76c2603fc865ccd318a38555cb3dc1938036148cd24510,16,amp,independent,84,train
df80de34a01e53e0e32491b2dc003a13ce138b2425d542f16d4294069e264572,16,amp,independent,84,train
7effea01ba2cac77b7e924ebb678bf44a067d4a67755018b13c58f3238a50022,26,amp,independent,583,train
99077ae150d1baad50380b283ad7a5e5d1cc3bbba776a1ba7edadd78f182287b,26,amp,independent,583,train
01e13888508fcf1c6ecb0edabc3e4b881396ca07fde505113e0cde34acc31359,26,amp,independent,583,train
8060e5ee64a9ca8269a05f1d3fae7822b80fd4178c4d88c3995d2e7cc3642326,16,amp,independent,84,train
3372f66d3b4380cc3ddf34bf19733f4ad0aab44f1e5e09e3f3f2625bd8d82999,23,amp,independent,584,train
0f866e4bcda0a918161718d5a0721bdd1a1f885a4088787d9342dd6e442e035d,23,amp,independent,584,train
10a95e20a39861e33841b066c463dc989a64d4922ad9617f5d71ef37461edd59,23,amp,independent,584,train
b6a1bf1f120121caad5230f52444da5085bf7c8ca5d1fbb2043b3c54a1be44e6,23,amp,independent,584,train
0e2fe358c2a24da80c2c809ca555d9c8bdea8241397bf8d009f8643234ace152,16,amp,independent,585,train
b100a8f5a1f6cc0525d5b1010847884cfc7f8823f96f37c7747a1bc8b90e1804,18,amp,independent,586,train
f5176649d2d06305c040f3e89697d8c89ad74f7174adfbbf0671e35df9e25218,18,amp,independent,586,train
55b8a69a35cfc654fe3b56d4ef5f44eed88fc9da72350b07f3fb7408f27c3ecd,18,amp,independent,586,train
71270690a8a8866fdef7be72b8ef61af376b9c83ee7d833694e7ede92da48610,18,amp,independent,586,train
a37ea55c301344990ae13947bb1dc2ef8c8b0d5f3b8623c93f1b915313c92597,18,amp,independent,586,train
4821aed3428de38e01a3ec23c9dfa3208b97204cfcf984b58cbe68e51d2e3679,18,amp,independent,586,train
db4c37aedc8c762e47e17ee61b6cdf3224089cba97fc2c406b736eda1da43283,18,amp,independent,586,train
afbddc1c3904967d961f4091021e84cf7f64a763513e496ea8a97c130ad1e902,22,amp,independent,587,train
5b133eed3046809b00037bd102e1e2a167e9b7b15d613dbd22ae356a29192bc9,16,amp,independent,588,train
04c508e7c52a4feb77d623eb445cefd01f80fd5d2fa6a8773f328575a2017aad,14,amp,independent,589,train
74fd2347106f3637607a9f502ded76dd38a5c2b799712485f37b8d8b505d2c22,27,amp,independent,590,train
73ecdb63258815d88a3ad0bfdf21a6f502ee008900acae6ffa4566b92c20c4af,27,amp,independent,590,train
2e1675f954b969268230df6eb5818b3c38dbeb0e353c21c92ac39e0d4a971311,27,amp,independent,590,train
ae28fcd5e62f1f5b448b7d264762402303f573eab246545484879dc858d0d128,12,amp,independent,582,test
e3f1d1c5c66ac8567811475d0a96ce71124a76417f07fc4a18ce01fdaca9a5df,12,amp,independent,582,test
781b3057ac1dbd3e2620435c884917b0563cc5614383857b146e3f700bcf8b4d,12,amp,independent,582,test
b9ef9da050510ad0186bc911ef9333e19037d94055ba591233d1b4e7d2ec0194,12,amp,independent,582,test
624e68fab34d833a30a424a709bb6e2682c4770154a0c637f08e86571940cfda,12,amp,independent,582,test
2b19a037d1c7294887c2a9fba360cea987ae7afc460f58fd119918b43d75aac5,12,amp,independent,582,test
c8bb7293b9bbd253b8fdd7e50c9898e34e585e794ffdc5047405411db8a6a8a3,12,amp,independent,582,test
45d07bbac15fb37284459df7ff3a2da624923717be0090c273034e7b31e3fffe,18,amp,independent,591,train
f5827bba43842ddeff2b7a413883f8220627d3e23cd95896c3f1a2ad0361790d,22,amp,independent,592,train
4018f28bfcb855751b2eafb915bfca975c6477acba73188b3a8afee2f90c6130,18,amp,independent,593,train
558ce81b844eb27013f5b81a72fbe946d21940940b32fd317574c4a982994058,21,amp,independent,88,test
92b4c56a0755fc2d8b3705ff4a81698796bd6e6c5efb6c0bbbacd4dd67b3f418,18,amp,independent,182,train
e39bede18e9259f273f0e98045f8f4c9cf646e60532588e167c0bb1b9cef8eea,17,amp,independent,594,train
4f3b2437d8572cb565b7247da586bfb3ebeec4441c66ee82fb15de435b348347,13,amp,independent,595,train
7f2d677643aaa6dddcd1d4caf216d2494f8318e1046cb200e1e0159bdda3313e,25,amp,independent,155,train
6c9117c9e99872880e0a1738da05ead56c637cfde84d0c17455c0fc19deb8c09,25,amp,independent,155,train
ea619365398a2b41c6dec3893f51ba6bdb3fb166ee9189ca8e643871b383f989,14,amp,independent,596,train
1de0ebfc0fb33e3eadf3b68bb3a9dca81e30fbd9138b89308d188cdf2b16f727,14,amp,independent,596,train
7105fc5b35edd92c546668bdffc9b180887f0e0c7218954532cfb037fcd68288,23,amp,independent,597,train
d94d144f6a893f19e60d06562ee67b975422f95c195bcca03a05aba1daac5977,16,amp,independent,598,test
cef58ad29a3a63ad8cd6f47673ed08fde26f7093bf1b9ea2436199c229f32d73,8,amp,independent,599,train
bb9e896e60120251047a8b94429b165aa23872cfea990cab9b5774dd0498eb35,13,amp,independent,600,train
6fbf1857bfaef24fb3eac690546798ffd87911561cae6ac2b3ccbeb835d7bbca,16,amp,independent,601,test
46ea883ccf513da22d029e7b1da3e60e46af7b3698a30afda0620a4e16ffdb6c,16,amp,independent,601,test
8781e1438358cbb11cec467836e2f353bfd7e9f0722144dd975ad16ec00f87d3,13,amp,independent,127,validation
1d2989a0c53abdbe188bd405a841a248d67d83393086a40f168fd25e2e229025,13,amp,independent,127,validation
0feb8fe26400c8936fd343f936d41b276d90e2591756320f76d6c89f65eb2584,13,amp,independent,127,validation
a801b8817bf6ef2536c3ab23c5cb36a2bc46de155afe22d7944705de26c8ae24,13,amp,independent,127,validation
6e2ecc298801c3d5c5d8e193842e5d481bbc434d78aa1fb9f498199d306f3773,13,amp,independent,127,validation
6a49497edd41dc7e0bb264780f275f7b83af7cb9ff87d4420bd8968cd23da529,13,amp,independent,127,validation
17863bc5fe95b644a1bff4b7885e2792464613086626d0fdce505a51391639e9,15,amp,independent,602,test
c9d58bb0cc5eb348b7666cef8452e8a7892b6cd4fe2c8ac98550bcef247b022f,8,amp,independent,603,train
6702bb6ce1afb6ea0a06b1d327d8278f8174b50ef8e6ca573a55b66543f68dcd,12,amp,independent,604,train
cb624b5daeaf2757c1cc8d628701454985e9d617a63c3442f586febd25e37246,11,amp,independent,605,test
c50150ca07febbbb1a0adbd6267cf8f80726300092b48d3fb55f5faac5e39278,11,amp,independent,605,test
e05fc51a62188806626298ff47efeffccc09e2d94d4e5db83c69cb899b3db6aa,18,amp,independent,606,train
818b3e77ea10eb6e6d55115fd48cb8d3fb61a01d7fc746e9ca3b759cb87ca40e,14,amp,independent,596,train
354010e0c6d4cbc8c2e2b5aa1f1c29b83047a72edc9848c4e92407b84e1461b5,18,amp,independent,606,train
3b930cd50e039cfcedce32383c848ed4fd0cbebe236fa67493c8428c735f970c,27,amp,independent,53,train
fe270fb39fb95f6ddc9b8b3583033b1270fbd8bc7cf974fc25dd9673d5e0e737,23,amp,independent,607,train
de0f0606ce73e5b9215d2f33c068e24927a55988b25e25ef1cc0c917316ac1de,27,amp,independent,53,train
360f7c2fbff3cfd9e96d120bb9d82d70760faf5362be847e9b37c300cfce4746,19,amp,independent,608,train
dc7005eda4c25e184b863bc55a570b1c1f7e24b1b448740415202eabe7aa185a,11,amp,independent,609,train
efb01438aa809eedf0164bd8c4c8484d8ea7bf5c683f40f249c2e6e81e7e6edf,26,amp,independent,610,train
74d94f0fb536e9acdd14c01265eea33f571923e624002ce7bc86e787f8dbfb5b,11,amp,independent,611,test
403e1a1b039cb79a5244bcf5a47112e2364a9d0fa86a9436005edbee46319f51,13,amp,independent,612,train
42a5fac04ad74c7274d1994cb3a576d0975dbab36e1c9841ac0be9c99702f5fd,4,amp,independent,613,validation
d9e9abe7cb4c555049af39300fa83f6a71506aab657e4cd66c5a83afb3bbd053,18,amp,independent,606,train
1c1007f9890f2a0416fb133734733fa02fbf4bddc876cdd95278f7bfc52d1ab3,12,amp,independent,198,train
e8e8bd91ce7da5290171fbd3a497115d5ba269c060acabf8d8d709c13f26d40f,18,amp,independent,614,train
fc88840a8a4109af5595f8054967c3a8122cd6a592457e8c2b4b51fe75384205,18,amp,independent,614,train
18a149e6a091f0c497b7b6da8351aa32604bc02c5410a6242b63e4257045ffb8,12,amp,independent,198,train
fc2b10bafec44663d07190161532d5ca7f41c346f64376ebbc6aee11e607ba52,12,amp,independent,198,train
131a1d7e96c976128fbbd66f139d42097924284e988eca4f5b546ab77b40daa9,12,amp,independent,198,train
370a7393b4350268238aaf429fcb7b0571034c70511b1b2263b4d846c8d584d9,12,amp,independent,198,train
74f003bb56b4e959f9ea0d6d66b401481b60460ecceffa936c112b4a2c1393d6,15,amp,independent,615,train
cb7067364ffa9d59d92d75b60e993fb4331a0ff1a088979cc817714010ed36c0,10,amp,independent,616,train
de918d5a9726edd14ec07b4169fe657216f6396487928fef3311ab2f87c8daad,10,amp,independent,31,train
0eee7feba2fa87535869a76f55e1ca5e6497355be95af04d17460bc8c7ae22f5,12,amp,independent,198,train
d7aaedc354de9bf800a6fdc1955613c81d306b04ef7aa5a4d9d699decc5ddd27,18,amp,independent,130,train
5952c15c5816e1cb6ca34489ae63982350e11f794ca4b7b0046e16c147cf7049,12,amp,independent,617,train
6c3c1ad12f142f6886da696c8bf92218e5660b84395d2d5a75f5618e0fb60b2e,18,amp,independent,586,train
972447e510481d2e5ac165bfe3908d95be19a9d9e04c810c21cb7d7ff780f5e0,18,amp,independent,614,train
34f9939ad3fdce8a3ddbce32b214130ddccad6cf4ff4fd85bb8b16d391d4ae09,18,amp,independent,614,train
f5086d274f3b4ee0c8fc44a7d8952846b06c39588349c2c400991d404510c625,18,amp,independent,614,train
aba7b2d5f495063d2939045656b206115ad92b46fc69b4875de48ad9eada6e82,12,amp,independent,198,train
bd07cd8042789db6bffb691e98c338eb63c90b7419d0216006b8611b95f4e644,12,amp,independent,198,train
f95cd9b83af8434403c3eca4625ca889ab4e61c6d154c3e0a5f010f43d9ee2ab,12,amp,independent,198,train
5d16a8e88dc9854387029f606cb2d53aa6e2eedcbd179e3e42c61cf81f66b0f7,12,amp,independent,198,train
bc266ba7c3832af07c2d4ef475000651ce7876b33269f8305ebb51d13c4ffa6b,12,amp,independent,582,test
5da350e6d06af1b279c65cb8793a7f3ee40dbc291262c590df0c52f29831569c,18,amp,independent,491,train
a84486ade1f1dde984e3ae1c897c52d8d7a91e1af354c104f4bc7193ce8ecca1,12,amp,independent,618,train
1db23b097e25e43eff4c00b5155ccabe80d8d5677fc0ec4f30588314f079b4c8,12,amp,independent,618,train
4120a302005112715724e14f6e1c46efb81e359bd65dc176b6701859a64e6fa2,12,amp,independent,618,train
f13cd3aad6ce4d9be1ea3feb8a0ad8d8ccf665a264a1a81c2d52b9017eff9651,21,amp,independent,619,train
a843b422ffa65f8bdebc7cc235c8bc5d223004a4960094bbd4d1c92ba38c3f4b,18,amp,independent,620,train
aa27b9a74f9d1d3ad5824057c0c571d499e8e2e87fb49ee83f7b1a321cabba6b,11,amp,independent,621,train
e33bae6389c6d49f023e0d6efe5b5436cbd771f1b487aa842b47319e4a880435,13,amp,independent,622,train
38cd7da947cf0a200bce3e5dd3b545a9101994cc4315b8ab0b247381938326ef,17,amp,independent,623,train
822e7079da2fe6f7c28c260bc8be51c65a9580ad94663a0883a2043de5e1f177,7,amp,independent,624,train
dce5532e14644c79f7b3a58e939b98ca3daa6551928de762b34b7d13db507cad,19,amp,independent,625,train
93acae86e604f9bce84d089f0b6e802f627f55995e5f9edcb2c1123aa4baa9c4,19,amp,independent,626,train
d964e72182c9e4613ea086c81e6aa6398bc0eaa24df1348f69ed36c4270e40e7,15,amp,independent,627,train
81d0eb69f3be58fcb0a88287ffbda12e4bc9782681ea1fcdd5a6af73136e4742,15,amp,independent,627,train
edf1578f9a3a5814191ca09417e87723809395a4c5b54348abcb3b67d0ecbbd9,15,amp,independent,627,train
f698a2b987624b34e36656ce191643532d6ede449b61db770992f59d611e8b46,13,amp,independent,500,train
bc802c44e17648c2dacff8cfb1f2f66e471eb6d10830f25c4ca40e5f99fdb8e7,17,amp,independent,628,train
a4f6fb852b1c3c92a0aff8f45c47befdca57971762ff43881233392b7576b7d2,18,amp,independent,629,train
7e9584f3069fa1cb6b8adb92dfd8f72445ddf745a7a7cde11fc94da822669f27,21,amp,independent,630,train
9867969b7c92190e881717d730b3868574b8b5e1a50c80cdb7431a5fa561d2ad,25,amp,independent,631,train
b90219de490b7ca11c2e9aebe9a5282f47c684adda3ada68552611c31684330c,25,amp,independent,631,train
23ffe23ac7e8201a821bc0690faf75dddc83ebf890cf58ae7446cef2fd387b07,18,amp,independent,629,train
f7d2b494e0f53b3563a877252ec4cdfa4936501f324656b968e8704f64e43626,21,amp,independent,630,train
bcc8bec53c8aee8df6a474d779b67f230265c9e28d25c960828985a2b6e2bd60,17,amp,independent,628,train
bcfb86c6840e7872c43b91286af1f2873501de2f42d954f4066de4f334ddc38e,18,amp,independent,629,train
73e27e54f6b1f21521668578b98bfce3b7cfabfcaecda0f9163c8a006101b39b,13,amp,independent,632,train
dbb133ee08c451cc7067e4697849c2580a966381fd1f709d895af59431ad08e0,14,amp,independent,633,train
a5dd3f8afbbf382a053edbcb10be14f54b4e963e5b464bd7507209fa367ded3d,15,amp,independent,627,train
1d25a2686188fb0eab0c213e3daa404b0065c22fda5ebf2238a2593f4c5eca9b,15,amp,independent,627,train
23381c04bf360b3dca06440f08300775101dc6868ec329a5ba5632897866190c,15,amp,independent,627,train
fb874d8129d564adae99c76c42aa7ab857116f4c940991b92ca3c9409f416d00,26,amp,independent,54,validation
da3c002198127edb10b688d563a7c2814eba87053d2712e493abd859b759d481,26,amp,independent,634,validation
984f0582b7e34efeedaee3f1758d837cb001591f552f06b42608e2f895435320,26,amp,independent,54,validation
c5134f9ea6c61e5f67b43abac740c2de16202e7332322177c8cc219d4b531481,26,amp,independent,54,validation
82d5f0d524bce4da24a63e010a776ebe6f3a8c619bf304ccfd53b74e1ebbea8d,26,amp,independent,54,validation
58cf21ec785abf45439131d11381d946c068d4b0e21c9407c0a439e59921cd81,26,amp,independent,54,validation
b851b9010c51ba39e42f91275c8d68b482547c9a7583c26225a35b1e47c73c2d,26,amp,independent,54,validation
e7c710f1b89b12638f9e891eca54e6872cb80ec3e7de1b9dc69d673db1dee901,26,amp,independent,54,validation
9655c6dcef70e40613abc14e1748061c13a9b3d7137958b5f27f8625566f1ab0,26,amp,independent,54,validation
68290a56862086730a2584de2c763593938aeadbf69509d0ffdc07e6d7f34de2,26,amp,independent,54,validation
dbd94c2d24e251cb692cb2b37b9269b2cbda3176c2be92fb97cd705be59efe2d,26,amp,independent,54,validation
a53818dfa109e8945f042997bf05f5f69eb2a8b93f5b60a2981e90814bfc6e4c,12,amp,independent,198,train
ce4b222887b558a596b46ffd0b7f6e16dcd1b29b57c71bfec7b33e7c009270bf,12,amp,independent,198,train
2f188f759f70f7089575a26a60a44537da71b3e6ce963b53bac60be726da0610,24,amp,independent,635,train
a4e3d1ca4bcdb1494d478ded7cd7e850a427a48ba02b75e88bf0877c06cb3a20,21,amp,independent,636,train
217c75825d8bf6bb3cc6f9a442ca66d78e4a9dc982898243e243b633a75e5004,14,amp,independent,637,test
5ddef356d2648b7bc2eebeb664d60300767b9a8bab40c8cc7b2403eab593d99e,13,amp,independent,539,train
9ae479f599517fdc883d90e73d5f27b004ad908141e1e1bae78e9990a778e5a8,17,amp,independent,638,train
209e836c300fd69de5802f5865ff5983e6825db0e78d019664740f97c78227de,14,amp,independent,639,train
ee9e60f4be69498bf8c51a9f0b0350ef23b4ee102ae669fcd4a358316165a567,12,amp,independent,640,train
b98d896dfd9298bfc8a9d34a4abd11a89f1ea774f17a2193eea1ffc428c93ba1,6,amp,independent,641,train
8622544b44f1fb769d5d083ad70d7873d7d724be3c144894e824f3f23aead6a2,7,amp,independent,642,validation
f896950e5f252db483d46afbb2538756493b1c763c7a9f7eefb052e6ec328fb8,14,amp,independent,639,train
eec03471fa8b2aba9419877eb60332aa56bed09a357332d666ad63d14f0d3afc,14,amp,independent,639,train
a2c623083d7c11ccf5fad414a6d96b7912e4d7c6c1aa3c91d1eb33d572e622b7,14,amp,independent,639,train
f6b6f1ab2f0cdd15d99483b63e685be5cfc0db7f81fbd0a7b76bd1542c604bb8,12,amp,independent,618,train
0281c9447bd567af728f36a0f5b0f241bdb20e7b13dc5dc8efa75d3a35caf221,18,amp,independent,643,train
86b9824a3d6561868fc7a92b3e584db0f58b5cebd1573525e0277ee6be4a8c83,18,amp,independent,58,train
63897bd658529e7a9aa6d6196b543ff20c61c1c8a7c07eda5414da7db60a607d,18,amp,independent,58,train
31858781831b9c99b671aae3786b2b640a0db4f1b6b477a32180134574844aad,18,amp,independent,58,train
0d77fac013c870cff97a363c949ef2ace474402be3124ea4f526de5b1628ac6b,12,amp,independent,644,train
1f8910913e8e099996f2f6aa78cf004277340e5a1b12674d95d35ab59095339e,16,amp,independent,645,train
501f15515c0e16e9386130fdb4b040ae5f8a4685033405f47f88c636df7304db,8,amp,independent,646,train
7b50ee31819b47160edcce295e2d054f973707820512fc512976dbada83a8ce4,12,amp,independent,647,train
668f226aaa6103ba02e6a19e4f392934eb0e6d68bc8fcc49f62d78ac10f6ea26,16,amp,independent,648,train
4f7e02ae62b51ca24d4166f95bf46ef629c7b905f08e00331bc180f8015813cb,12,amp,independent,618,train
6ef0ca107dd1a07b692626cb466d5d5ce58bd6511a8fee67f7c98f6d5ba69223,12,amp,independent,649,train
2ef4506760d923d16e338f6c515434816060994934a1f595240b897643ad441f,12,amp,independent,650,test
17d9bca43271bd6adba440540eaea09f48c222bc2d12c75b3449db5f98344c7a,12,amp,independent,651,train
405ffe8d6870579e9635f3ac48a73c1c368c6a3bbc21342464ac5e74cfbd6498,12,amp,independent,618,train
7d4ca47fe79f491d68ff8d0b4903ff8730682d61510407d218611d137446c9b9,12,amp,independent,618,train
026861bcff6cbaa31c57ae6d1f29b0d22e40475adcd7ff1dc26d8f86d4d1d928,12,amp,independent,618,train
c5094d4306a49b97b7d2a4af7303372dc0e6d20cfca7ffe07808aaf72ed0fe73,12,amp,independent,618,train
d91081569e7caa853f6d6d99affa89ef20c0f8ac0465f44163f8b6fe1ff14f79,12,amp,independent,618,train
bf083e54f60a25bdc2739756f97ef192068ecc9325551437fc55ebe79e6a93c5,12,amp,independent,652,train
cc0a28259dcfe58486b1e8c0479af4e81662c3bcf5539daa777a192b3c9b3768,12,amp,independent,653,train
086e61b44e2e22f5ef0c43a3cf31dab2d2f4256ea2c8b43b138fde4e70e9c617,12,amp,independent,654,train
35b0a55bdc894faa605452325dd04a8641458bca869ade4673af117e2839d737,12,amp,independent,618,train
6626e715383319c9a419ecb08236ebb2c82554629c508b5449c0d166d28fe081,12,amp,independent,618,train
51f1d449e8e23df7ba8aba05d857dea5b0f16dbe827a741e3e389897187cd5ce,9,amp,independent,655,train
39fcacdedb1bbb9c9d935c8a5e6a0613f4f138b8a78fe646f97bb874c54c9bf9,14,amp,independent,656,train
2660b892c88cba5d3170df4dc8ab3a7091ae8387f87868c982ac21996a0cfc02,20,amp,independent,428,train
0674a8d7b22f99028bff8052d7a8c3db2cc7a9483d5b5e560e58dc5778df170b,20,amp,independent,428,train
aa047ac6237bd37ac27887920708ee9e7f10fd99fb5dbca63c927bf2847ffbaa,12,amp,independent,657,train
ccb9acc0d5d9b1362f5a168dde81cf99fcbca8aac62f76864c6034533c92b61d,18,amp,independent,658,train
d638396a4e1bb01ec2515d7ea325cd67e0917650ca83026056e36f73be6eb0e4,7,amp,independent,659,train
ddc8bac109243843fae4dfac7f035246046a9b42be608d314e798cb8a37cf8a4,12,amp,independent,660,train
b18c31a3d0c6caefb21be08189f20b814e7cd66a0eb59f395ddd9b9df7159407,11,amp,independent,661,train
2496092e941d6e104ee08d690c6d32ec8138eb678071f3ae441f6f3714915e18,12,amp,independent,660,train
40fd79c10b7c4e3aff44407f23b304253634016cd3e0a33d2ccfe51de6ebe21a,13,amp,independent,156,train
885a95d8acc0dced749aad6ac4afe816570aa3dc3c5eeb5e94856dfe5539d274,12,amp,independent,662,train
24418670555864942d687239c890a87541b3ea0274e5c2697e079de9a63c096e,15,amp,independent,663,validation
b5c9a4769e2901e30a8f663659d9a4dc9b74b7f95c59ee7f97b63a742d9e2ffe,8,amp,independent,664,train
8d4128c5b2d5c97c4b57ad9b0b7e51baea0c7a12a2177d7ff8bd2abf48eb756a,14,amp,independent,665,train
52322fab9fd233fe50d7e1840e547a45a00ebe3481d8ae9e22f053929d621c7b,18,amp,independent,666,train
53b8868dd3bce556deef06a86058ae8ff6f50fa7ee112469e44aa6d3c2617fcf,21,amp,independent,667,train
31493ca9672f023b8833addf0a5e5a59f3d6825c4224f6cc0dfb5d6279033d71,12,amp,independent,668,train
7d32f5011af2e833d7495d92db3e9c4cde34a529c46657503adb60e70b142339,18,amp,independent,669,train
8fe148b938a28ae7014eaaff9996677d1d867a573a7a5d31de543f27e3f07393,12,amp,independent,668,train
97930bf993b25dadf5faff31a1711817d5a2aa4d1bf8e1a9f138806e7d6aac87,12,amp,independent,668,train
e4779ae32371aa305cca3aa3bbcf6b5e424859e0a650954ddc6f25b18798b95b,14,amp,independent,637,test
36d4edb13f29bfe7d09543aba1a3508a40d7069f86b67bd892b86e5fc12305c7,16,amp,independent,670,test
76c42c9462a285ce454e24994b462848922c879677fe02425968a2d4cf210610,16,amp,independent,671,train
4c36343c3e32aeaf5c8d88ee9385f7220451c86c7b8371aec6edbbca3448590d,18,amp,independent,672,train
74785e912b15ed6bbca34286c238d4b727315853cc103732e2872f3b158e86dd,18,amp,independent,672,train
e68cb8e237e6b0c1e353df0dd1124a7fe5f809e72306bf2721a31d3e8713887b,19,amp,independent,673,train
85af463752aa3d30b247ad7e9821cbb11acfe1968a892ecbb3d9ee21715905b2,9,amp,independent,519,train
62368fb6ddc4afd025e0b6e303213822e6c4d48f31106ed33408171bc443a744,10,amp,independent,674,train
8abb4e4e30b94e0e295471eea45b34855adc263597e14345c25cbb1ebc495624,9,amp,independent,519,train
b59cca4e276e31247e31f6c766368c1a111819a740f66be2aeac02e88547def1,16,amp,independent,675,train
a508077e18dac330add15623201b5292c4edae209727209ad04f4da0e869cf68,11,amp,independent,676,test
5d1d0bc24cbac9030105032cf566f7c737752afc88685bb2e45abdff7493eaee,12,amp,independent,677,train
463d3ef63cc2d1eda32eb7b49f57a8413bca12ae9836ed300ab3140b0cf8a007,15,amp,independent,678,test
5320779f9cb6f194d911368803774ac8ff3aef196f8247336a9e420ddcf927a2,15,amp,independent,678,test
53c83bfff7d632fc07c8e145fcdeab8fb999d84050042593638553438388b578,16,amp,independent,679,validation
8ee1895bf1d856d4936db5ecc528666e6ed263394aa26b55a599076ce0226bd4,12,amp,independent,680,test
eef526b7ebbf16caa0f5e7903019a38556aeda65f04dff3dd1857ea45dcb1552,8,amp,independent,681,train
7f8ae76b238ea65f5cdb69fd2e71bb4c7e51d7de4428527bfadd045a4868ced4,11,amp,independent,682,train
2bf3cfd3cb4eb952a3a10cf9a9e04e1a4632eead4ebb3eed5fd78ea4b6901f08,21,amp,independent,683,train
eb218b63777aecedb45649d1307acf774d1575301ff5831ba26a4546e3fde9d7,21,amp,independent,683,train
dc1ef1e960c3934786ffcf7b4bafdc4d22204659ec7b63ded422c5a6107a739e,21,amp,independent,684,train
51108d1cf51d17a08519a031979b74630b962b8c497d29452365c7fefa302949,17,amp,independent,685,test
499ec04a410335a6343280090248e5642233e322fdfd53b88401fd316cf3d4ca,13,amp,independent,686,train
972c56fcdc2089e39df635382a16c53bd571e10a0334783e1235b016981b2080,19,amp,independent,687,validation
ef25d8aa5bba53e43876c0f7b3874fcbe3dce374b5a3c1d224359022485be1d7,26,amp,independent,54,validation
0acea9fb7258d2a0552fc1324cb36d554f80ba371731f7461428398f7b74158c,12,amp,independent,688,train
34f2ce7de3700f42a0e5d4534ae1ed0290341ecf0cb56b267e61fa0ddfc934b7,24,amp,independent,689,train
1541e87b316698c59c074a0520c0cbeca360f4588e124a80b85046169c013e57,14,amp,independent,690,train
1f341259b4d0882226df13304cbdd3ce3fceff13295dfd3d6a6071f7723a337c,13,amp,independent,612,train
dcbb44db99b4cade32528085bae0ebd6a348595e271093afe99efcfa9c138c7b,14,amp,independent,63,test
c61b0fb5c9a29090edea2a0157b06d0adb7bc2040e277afa809ee047cb093787,14,amp,independent,63,test
e1195e69c10f67737e8ac142271a8a5609bc27f921514568e335226d86e9b685,14,amp,independent,63,test
b8dd48a352a8e908de99069defa5b21b8043384d0f4cee036b14f12445b3ca4c,14,amp,independent,63,test
1b14806eb60d078093a865ef757f7710654a7a78a8b724083840505c15396200,14,amp,independent,63,test
86e47aff7def27e7ac808f021f8d7d07fd0283f6ba111d8f69d043f5cd8e8aa3,10,amp,independent,691,test
0831700325081882661e12728276c97d0821e79876736f8f5bef7415c81f1eff,13,amp,independent,692,train
86b9f9f3259d27d679c41d5cc31d06bd0f41207f9d9c3b89214a70e173100ae2,13,amp,independent,692,train
0664119d3bfef53cd78775786ce2784e47985d2784cce92caa5be2299f8d9574,13,amp,independent,693,train
4fe5fb9fe5bd6b10e1df234fdcc111f08d3af5a56e285424982323cb5924fba3,13,amp,independent,692,train
efe18cc99836b90aa7e132af8d779dc8bfc7b2c5bd8201409957907f88a52057,16,amp,independent,694,train
7dd24dc18cd6bf4f2a3c83f14418c6f54e588349e5cacace2d86946fd576a7aa,19,amp,independent,695,test
109ea37dd2fab7d10e698e1f1859c1efd95cd7201b26e597c06d7522c49a8e20,6,amp,independent,696,train
af0f4b0b64e6904e0fb8176d226668fd72f56d5e22f8112349126c1b6ffaafd3,18,amp,independent,697,train
0a533682c257aa76a36db9c55bd536d8a900d5640399a109377fc0c3afaed4e5,18,amp,independent,698,train
1ec94fe5f5554f7a0c1485efc6a4fcaf7a433328e393cdc913967d78b7189e1e,17,amp,independent,699,train
d4cd3ca936cfb01309687168622868f0fb0ce516d7732d62cb8a52fdd6ff7a18,21,amp,independent,11,validation
bfadfa72684160f1884dde49dd12893de7e4debb797d55071cc64f57d65bb272,9,amp,independent,700,train
28ffcc46cd970e94cbd5287c27ac0200dc71d30b57319fad898c3341901bd149,10,amp,independent,61,train
188fa49a0c7479ca9efb2ee4a1744adca01289255c263b1509c95a4539b8a7e9,11,amp,independent,701,train
76b8e7cf5f715ff38b51d81505a5de00164c85a304d349548b353b486766f81c,13,amp,independent,127,validation
7429dae24e8e152f0adb836bc4d9c7afa07734f080cd0baa1c618013c21fe857,19,amp,independent,702,validation
51a828e04b06f43f618def19694ec4c90b1ba3463194d723dd24a9d039f446bd,14,amp,independent,703,train
bb1141904ba0ba6a0d9e42bc1b92881b65bc803382d1b5dda33eb272ff7bbafb,28,amp,independent,704,train
001e8a71cab44cdec15c07742e6e709e172a63ea653314e9f60503f038485e74,9,amp,independent,705,train
95fba5d47d930756f97e71c035d2c217f989cba2708c06934bc5776575845774,9,amp,independent,706,train
9009c906cb66e9b6099aa3a0be3c4d8769d5eddee80d11ce7dd000edef882124,13,amp,independent,707,train
0c1ab99f9ab0d33bd14fd54f190ec8d866be98c14e8f040d09f1b6289f8d8648,10,amp,independent,708,train
7b156c8ab57e514d338c81930503069cc1cf096a35b4cdcc1d19e7a25b2de17e,10,amp,independent,158,train
3217de1c0707ffee2970d17ecfe4d164edd96aaceded504182f04da8ec34337c,18,amp,independent,709,train
60cfcd73f3ffd2c8ea4dbacd36646e1cc24f58eaf94f4180741ff336814ba205,28,amp,independent,710,validation
a340f9f662c073a9057791c864b5a0d1763a07fe03f21ee3eb62901792d482d0,21,amp,independent,711,train
a828c12d82109b3bd7fa75b0fe6fd24f6ad265cb0146bb5f467bf9a5c78bbb47,11,amp,independent,712,train
e4264ce6183ac9751a4dc3a204b71cf29c43313a48b60b0dfb3ea9cb839d7d8e,11,amp,independent,712,train
2372c1c9a9fa5d4f28f21b8b3a5e10606cd00a3de857918391e80053d8a69fbe,10,amp,independent,713,train
3977bd465474d7083a13612edbe7adc97eb3d413e8b34eb8c5fba9d4a01fbf79,9,amp,independent,714,validation
1a6186eb5edd8a5ffd2e1cd121daa77648fd643c525352c9060c2832f337e640,21,amp,independent,715,train
532dfd41d91c473eb75df2706ac6e7277f04178032e4e2e6a54ed6548343e98a,21,amp,independent,716,train
c0319fca9e246d5cd489f8aa386e13db453d2a1e1960a5e2b9490557cf73aad6,19,amp,independent,437,train
7905f5eb12e9193d42c96053cb3fea3c0e3a1682cd1d69ede6de007dec5ee9d0,28,amp,independent,717,train
0f907d3fb821fb0962fecca6b0957ce54d02b952ea20fbd6eb61e1e69976b8cf,19,amp,independent,718,test
11c5f576cf671fefd4e0637b222cbee722c0ce8dbbfa41395f06da1fc765225f,25,amp,independent,719,train
15bc1f0ec843583296d1f796bb1ccc45242f7efd7492cab402b0f936c9896296,13,amp,independent,720,train
86a9e3f801a69d6e6be4e80d99054d68a357f106a2b851e5529b5a95a8678df5,13,amp,independent,720,train
72d78b3d11bc97ad499ab53d5a6e4090d0b32e6b4d71151fcef3785381ac14b9,13,amp,independent,720,train
b5057151ca1412186782e1758ec12a768f15420cf08e4851566c004411d73522,24,amp,independent,363,validation
1ec3ef6fbc1db6b754febba39b78496096cbe1024e0f4628152c64adf2649e56,22,amp,independent,721,train
e77437d79e4f1e47a391e922d2b9f97770143bc62653436877d3f2da6f496299,28,amp,independent,722,train
34010906c585854ba7ba1d3cc764d1a4d739f44f6b0a14551e98b7ad07ffe2fe,16,amp,independent,723,train
7d79b6ab5a30729f820ab7f8e4b301cca2ecc977a18db48e7b2219454f9c5722,13,amp,independent,476,train
73122873df2facc2cae85f56d4b2a5934a1432f28a10974cc72ed6eb5956b645,18,amp,independent,182,train
9fade91a36949120feda0d8d0026451bf5fd160b3522c16fb64f5e419eee15b7,17,amp,independent,594,train
7357cb518f47fd96590a0c73daacaa0e4c5bc67a8dd407996ca4a0c2e2f5074c,15,amp,independent,724,train
e175562ec7db54a7677e26027f80ca9548349ddc80ab8f01e46d6e01a7fb25f0,13,amp,independent,127,validation
e5dfef967bc2f9c4e1d0e464a1f12d0ec6de2b4fe9eed00264512221df57f7d3,11,amp,independent,725,train
05426679595517a8438b18e08db3b3ac4770ec7f997cfc541c915dd988bc1375,28,amp,independent,726,train
9d085844a40e803564c81a4f40d62a3685802aeaa3fc330054759739c2f5e8b1,21,amp,independent,727,train
e946e369130a068e4b1a152a130571be2e41d6bfcbf12d278e0a2159985d01c5,11,amp,independent,725,train
d9578cbaf29bf55e6907b87bd756c04ef04b4026215bf95e1d90f96053ba2246,13,amp,independent,127,validation
b7e60188b62ac970bdc137096704f0c811da82df226ceab4b77a714d5894375d,13,amp,independent,127,validation
8ec37026eb3ba614387f3ea0d96af65f6f7410cf055fe4b5c1bdc2f7afdb91de,13,amp,independent,127,validation
6afa41548f764f3d99f1db9f75098f16137925331c1e341b1fd3f978eeb6cfcf,13,amp,independent,127,validation
a264ca6ace906b6afe8a6661f7ef1eb487997312b2eeeeb8a3d8fa4f1c4fe9fc,13,amp,independent,127,validation
66447c391d035d01e02978225d3c84ae4d281ee3c0448189dd5438dc77a39801,13,amp,independent,127,validation
48b7f27e7208da7e93e1605cd93bda7d9d19ff56ae8230ac7e03c6a8f2ebe0cd,13,amp,independent,127,validation
f7f235ae4bf8a3407167d223b13e124ab005b2539e453541045fc30a2e707137,13,amp,independent,127,validation
77b8b7d9b1893f50232785506ce4471bc24595583c68abc4fd61ed69b862467d,13,amp,independent,127,validation
9152149044de0e7f1492ab234eb0ee34675485ba52135b30de612cb8126c3d34,13,amp,independent,127,validation
fb4927a248d7d34b39ee75fa6ca23a39a7f96eddb52f2083147f3b6e0c172478,12,amp,independent,728,train
f8278542377b9fb0879c63d7c594568064150b34cb67baaa968ab74fb39c3fbd,9,amp,independent,729,train
e62daa3a19bd699371672fbab3edae01552bd825c7d10566dd349d65e609df41,9,amp,independent,730,validation
64b5ad44904d3608d9d8f4ad4085e83de14990f92d13267f801dbfdf06fa96a1,18,amp,independent,731,train
e9b9aa0d8eb74758ed8af9c507c4903cb9b9863d39f8f884077d53e177baf9ea,18,amp,independent,732,train
63251c7660528af1d63017de3ba352ef8d30358257e5e5457b61ac50a990bf54,18,amp,independent,733,train
3d8f9d5a2d56526d432747b2ecc77f47d77057ac1a2d0917225a94e50e25d975,18,amp,independent,734,train
d1ce4a88d73750bec11aef9a9207a3148242c7196f214988929901b790c029f1,9,amp,independent,735,train
c186b179400361e4fe44a7fbcffd1ae983048a3883f10e535c0e87591691d02f,12,amp,independent,736,train
3c8f60b9d7faa7058c81842cf8b679f4111683573c77294dd295e9e1b585864b,18,amp,independent,130,train
1d7b2f50832b98938d5b5d5d5f5a8f14fd58440f0cbe9e2c94686694d1098f5c,25,amp,independent,485,test
5fc701100dd7f51e34f1a8df7a0adc3ecc77789df53b48998259db191fdbe236,25,amp,independent,485,test
5d6d658e56403f4649752e2c971e5cc10a76ab66223207db76b33b31f4a17580,25,amp,independent,485,test
19985d21c032331a1b52044a1aafae95b0e48670808b0f876f398e354eea31e8,25,amp,independent,485,test
0595036940441e819d6e6653a55d282a857230d9a78901d11358190c3d2633f5,25,amp,independent,485,test
f0452c7f003de9f9fa7bb8c02cbd8d0c18df4e5699b1b5d45539cf9aac1e98b3,25,amp,independent,485,test
c7828148fa8a28d3d98b4ccd1f903a0d860f17365337d4b63e818044f1f1bf4d,25,amp,independent,485,test
d47f8387772229860295167073f49ab6693a4c7ecb98d54df8fec0d588fd193a,25,amp,independent,485,test
504e304bf320ebbc9a2f3e10ad315339ac960ad8b5edd8035a628db9cd82103a,12,amp,independent,737,train
cf2c884b41725cfd8f1bf3f5b5520acaf1945748241f6dc77b6d3966827d2066,12,amp,independent,738,train
ce22513f2196db1c9fb80f9ecc3f73f094a5691770d1cb188ad81eef6c8d3818,10,amp,independent,739,validation
c87228d18b87df9a77b2b88c2513401d28c04505f7eb7908f1d96782b58a876a,12,amp,independent,740,train
57b63d7da3cceea8b9d1f5b98c70e41bcd5a63089fed0f37ef9c378025cd0786,7,amp,independent,741,test
4e2d8cb1bdaf367352a5cb34c396c6bf309559ee8563c844e30bd3bceb36b848,9,amp,independent,742,train
ddcf5c9c8cbb58a21aaf91ac9fcff156176676f5285470fc0bf34d2184a0fb73,10,amp,independent,743,train
32a280455064400efc27bf14e3ee6116a332edd7125137570102b3496067fee1,9,amp,independent,744,train
5ea79beb7d7f3bb98ca2d71b53193d9974c01a9b5bbbf6169563b2ebc5b957e5,18,amp,independent,130,train
e4c13dc3d91fab43e051f2abbb2ae8f19781db07cf91f4fb701ac741832a1f1c,18,amp,independent,130,train
2a45e20dd2d2bb14c842009d427615de3e5dab1d1542d44114f287215b003859,11,amp,independent,745,train
39afbc80926ae9e36f57db9dc5453c1b5dc1595596df75e69a97cbc1be57dfc0,11,amp,independent,746,test
a9af56d5a0c74c911d5b2c7f42ed13fb02e5dbeaab37ecb3d9c753baaba62d71,14,amp,independent,747,train
8bb3f6530c69d63123b55d4041fc6a55cb5fef73ada66b40fbd59136beebd16f,14,amp,independent,748,train
da84f52f2c3681313fcc1156f9301c6ad6489390836cfb8f7dfc6da48fe857fc,14,amp,independent,749,train
ec402a2718cb59e81ab928b5394679849b69d511809730d486ea9087830917ea,18,amp,independent,750,train
5d972f4b56b4e9a9b5900c4c1fa6936d53383b214844e3e31a31cf1d0f09f180,11,amp,independent,751,train
a4508174fc02d5a17f5d9ed080b2bd1bbb307149bf092cb616fd8c8fecd6c8d3,18,amp,independent,752,train
c6c331fa595e0aef78fc9d65ca570b224a14e2bb1dfb232cf4f87040b4909a23,11,amp,independent,753,train
045317f4ea442cdd3dbc9cae20afc381b13d48f618590e9757804a8df91cfe3f,29,amp,independent,754,train
00f14aeecac436bbc9ec54fc9f4f2b440ddc50b8f379f39a51e6b87aa3be98ca,9,amp,independent,755,train
47a5ad07ff7017bfb36af1b5edfa98b831b57a121d51c67b54835c50449a6ecf,9,amp,independent,756,test
ee4d2b2cb2325e99c5a8e9cd5d58d9b69a2b2be310f3d06c9890ef88760af1c0,10,amp,independent,757,train
86a294052d8d25640ec6fb2d4a846b0fa525043c32a193a0d640f90cc1101d99,10,amp,independent,757,train
3448cb260013d8aa2a1160c2223f340f967f086903b693166679b62dd40d453c,20,amp,independent,758,train
53df0cf6ff4d9dccc279eace8a25b680ce636f879c6f1cd01bc40ba0b3f66f2e,20,amp,independent,759,train
7afe543d696d9a0018ca88faba79f0854379e9913dcda332c1cdb77bcce995bd,20,amp,independent,759,train
ea481337a021f1934fe8cf23277ce582f62520df75e5f0594743edba4b652a97,20,amp,independent,759,train
d6c9b3aa866869459d932250061aeaa42b4c58c1a9c856384c66bbc71e66572f,20,amp,independent,760,train
6937b50144de5e7310bbf1d3f9196723885150a61045602d0251db6d06286907,20,amp,independent,760,train
00ac63bec2250fde6554231d4545c771a3894d9b2849cce159ed808dfb320caa,20,amp,independent,759,train
54d311d5bb1d38c69abbe1bc35b5ab6bb935e5b06ca6397d527044f349f1adf4,20,amp,independent,759,train
e46b3447a997ef493a259868ee5ed8f39f791bde793d730a73347d582de9a4a5,20,amp,independent,760,train
38a3be8f0e6553f49ee0ba782accd3f462ada6166f6d626b0928b9b9155d85be,20,amp,independent,760,train
77995b515bae8c43766d0fb70188fcca4a488868ec14bc7a4971645b52a6799e,20,amp,independent,760,train
a0330954397afbc5d4fef550d53bd2ee1e0312c504cd12797b90912463b0ddee,20,amp,independent,760,train
bb8a88cb045f295f0a8281da8e5d064e20b3cb545b125527b63fbb061a8db1dd,20,amp,independent,761,train
0fa482899f39f85d242363285e6acb9cd37202b698aaab611451e585f25b5d22,20,amp,independent,761,train
9b7d4062442d46a073d395670f3f15a99f7b52dc9a7ed85aded88377b1e478d5,20,amp,independent,762,train
1d649bc172cd1b2d078f4470983a3cd248cb47e8a7cf6e9dcf281f036309a2c3,20,amp,independent,761,train
a43a5b59d33de1dad140f9037e302a4e089d58263faccb1380fe022498c8d8be,20,amp,independent,761,train
659e175d37cf7ee42b2a3b667d075430a4a26e79161c5704bbc9e96c26075a67,9,amp,independent,763,train
7a74ef24047e68fc17a7545451652c9ff7a6b932b0189945addc5fdb957acd36,9,amp,independent,764,test
88f6e2d0525a63d15ffa5f3011d8111fcae3e1558aa4e9ea983afa5d3dcc08de,24,amp,independent,765,test
678db194e0682e1a823dd2caa657720526a2a408279a9266ffb654485c227ca4,9,amp,independent,766,train
171855d65ce20db1c8c44ec0091dfaada0c673b48052f220c1dd3f05d78f9d26,10,amp,independent,61,train
3b33e51a4276a43870ed0fb6f704b4dcb0cb7bc307c1b4a28865e0aa6549f980,9,amp,independent,767,train
b93b1dc3853ca72051f3b464b0d68bfb279998f200e5d4d167fa4a444bd44317,6,amp,independent,768,train
4a707a82bba5c070018e53aa089688333de33bc7b00d4b726e130eac30b40d0b,19,amp,independent,769,train
46b8865ff4e6974507a25aae36cc070f5182dcd9c14b6a172a4abe5570afc24d,24,amp,independent,770,train
20acafacf6ca468d1136ecc6debd3d8669e5674be232b91d6d9f25e32e4c4f4e,12,amp,independent,771,train
6c28750b1a0c5628b56ac7151d5431162324ab592563350b40393fd58e671294,14,amp,independent,772,train
d9ae6b5234da09caa9c8ff7c843d9c10ac09485c4daa622c6470185f11e371ea,11,amp,independent,773,train
6bc5611e468b507c7e33921d8c6c159d3125dc03dfe336a021e7381742d2db9e,11,amp,independent,773,train
d1bde525b101bfae87ae41f91c6c6620fa7823f1648c1e2a4527f4b033f0db23,11,amp,independent,774,validation
391b5f41ee195d62fcd06cb20142d0a47d0c36978a4f464211e5ceac315eb4a4,21,amp,independent,711,train
93bc5d0e2f8474714b89b6fc78594c91ae3636aa0208b7e7cbab8330419c2396,13,amp,independent,775,train
5bf29e03bf9b92b6279067c52183710a91979ea9db2ec462700ce3499db5bb8e,14,amp,independent,776,train
31d25bf1e08863f83d91f850aa65952ecae209612390b08a0909f587b5d17afb,12,amp,independent,777,train
bb6263cc7529cfeefd530e024d252ba4806946da12a025d3354f96c491b2cade,12,amp,independent,778,train
dfe5f0af334d6d5d8cb71689eae2428ebb46ec6ac43e69faad6393f4ef8677d2,12,amp,independent,779,train
5ef4040dd85e14d6797a31e9da7d89851299b218df80f3beba9c66aa3a5b9597,12,amp,independent,778,train
c9ce98d272e0b1e46cb702f854a412e946e43dc277ee6904aeaab3ea186e11aa,12,amp,independent,778,train
fc33ddd22edefeed52e1d74e3980889b4aeba025cf0f0952e18d4bfa0e668eb8,12,amp,independent,778,train
9c9d594e1387055aeccb05de21add0de604a60b96a5b473075141f5c92450ac5,12,amp,independent,778,train
1a1ece7408b64f811f7fbd1c5fbdfca46f22c02f0251ca43904e265cdcb154f1,12,amp,independent,780,train
af3949c4ffc432a4df11ad225c2991021581c45b517285208a0bfcf65158fa06,12,amp,independent,778,train
2778cf4c2a94d86951d8e6752c5e9364852f575bd6a2b0c9066090f3f7bd0831,12,amp,independent,781,validation
e1d4082c0cb52af89be0b88d6f39dc3802f88e0d447fc5b9d72c79772d0a353b,12,amp,independent,782,train
d492e36a44947e3b1d32960994bfa2b0090808147d04bb5ee42c2e39d92925b3,12,amp,independent,778,train
cb726d77c6aa4e6c6008b4f9d53b1b47ec390818a0661dfa0975c965277f8bd5,12,amp,independent,778,train
d3f8421935d65cf4ec3cde5c9e4c0c2cdbd115ac522c52bebc9275f59fa0d1bc,10,amp,independent,783,train
32c51ab7c7ef292f5e0ce7af13e7203aaf4daae0638b7702752b31f91cd3f760,9,amp,independent,784,train
c073507318af024fa6bcc52ea6f5fc5a9d0791cba6ad27f8294d75b93eafd08b,19,amp,independent,785,train
6f9d46143b42aadb836c2dc19c42ddc6089dcfed6178654995d9645fda6f3b26,17,amp,independent,786,train
28efe68e38952bd7884d124f5bf981a0f052a80d8749d98b603c7cc29a118553,17,amp,independent,787,train
3079e768264d8d646dda4e3b6159e3c49c2aa495bd4786a49302f265595043ae,18,amp,independent,788,validation
afe0c7b8205a3089c5780f81a947104e2142c5211d2d612a6cf7f68b415facc3,20,amp,independent,789,train
c4811d20238c6ce70f541191599e7f69026b691f53a1b58513edd11574e415fd,12,amp,independent,790,test
f71cce58cebb60ba4621092282b33cdf32b14a3efd043da17c03450f1c190141,14,amp,independent,791,train
a294dd604fcd506987276f0b1ec13527aa258f03fcab85f0c697a8a332e50ffd,5,amp,independent,792,train
ed2b7adf40b643d5cd7569d8d17c640b90e3170f1787c67637b473ffbba8149d,10,amp,independent,61,train
6ce1b9164851582450c336d1190348e49387a52c8d92284d15ac1ad24682fc1c,10,amp,independent,61,train
7c9119819d354622daa5544ca1c83c54c867aaf44b91c95204e3089d4ce1ea94,10,amp,independent,61,train
579b0ffa64ad557f49d37dec03506a68af37f5fdbe750d7755ddd260f6f049d4,10,amp,independent,61,train
4130368fe0585647fa41d166689bac6d5683efb8dd053e7d79be597f3018f973,10,amp,independent,61,train
f743bdd873a46d43941ae7392f8a899d85bf17c7b079686ad7e26352c08026e9,10,amp,independent,61,train
34310d5de53a908a68855b25b7c54199c819d4325b790df052207fd7baadfa07,10,amp,independent,61,train
774356f2301ba777c950f6e48dfd864545b35580fe660bc9e225500d5dadfe60,10,amp,independent,61,train
8b8eead5bf467e5913135b1186c2abd4e08eb92670ef5fcc7b1ff974ef154692,10,amp,independent,61,train
fc9af911fd8018e249801199d56b52db9cde4cbcf186557d31300fa2e43c9b5d,10,amp,independent,61,train
b122988047a2dc554df6484320e15f88af7daf6ce31dbd64e0fa2b00a3c091e1,11,amp,independent,793,train
507dbd2a072cd3157ce28273244ba1b21131e9c254b101902c9a1c711c6a7eb1,11,amp,independent,794,test
7c6d4a8da5147dba2c0fdbd3bb36fc16e7a0ee9bd456ec47e4e694637ed96638,7,amp,independent,795,train
9767bf75b11ac2d706c2e320f5f579fec194b6820f5a612b78afbe18ff182d93,12,amp,independent,796,validation
c79c7d891b483079b649c3753efb3fce4d58d82f8ec314273a71d95061efca22,12,amp,independent,740,train
8b1def4f240e5c898df8263d6b41b0d5ff676fa8af14c8a2f96f94ba580f51da,12,amp,independent,797,train
25407af0333d85ea994e9a4f83f789340b95a9dedfb2cf658a7513d0fc04f587,12,amp,independent,797,train
6b68f538ad97b3619ab8192c67a06408b3759da01281d50309e8e72e228aab56,12,amp,independent,797,train
63afc9f4a15ad8f256f06a715f59e4d527fef857466509d8b84e063da182428e,12,amp,independent,740,train
4aa0678ecba4390dd94742f1ffe5dafff06b631d5ffccec8b17c8a11101e56a1,12,amp,independent,740,train
ff9f8ca5441f407fc7d74ce32961e830081299f49c24610d612276a6b8ba788e,12,amp,independent,740,train
197f03c9964f2a05b98f1bc5825346079903cc4c2d11d76452f133299b3bd545,12,amp,independent,797,train
acf0364c9753e022370e078c64d9fcec1b4e24780f2ae258038951a5e327cdca,12,amp,independent,740,train
93bb0ee77eec595b1bc9a3847bc8ce08249df57feda96546a873b90a4327ad00,12,amp,independent,798,test
84eec63b5dfb80a79322113826cfde276be8f18eecc112c8e6a99e14774ff746,12,amp,independent,798,test
af0820a3db85d462a6039c111d2fac38161ab13e7246f12ba2c39dd7b877cd6c,12,amp,independent,798,test
96b16b80b721640687fd3afe355f0fd375e054f9315dab381ea09f6b3d78ddb2,12,amp,independent,798,test
4c5eef0fb796d1f099698376392b8170a415afdd7c6767ad70ff420050b614f5,12,amp,independent,798,test
775c8bd6389d323a0e34524e911230eedd358828f83b8731fa0b3528b465d81a,12,amp,independent,798,test
fd52432fd1620fc83da91658c8517b2fe0f05ccd87378c1d97984053eb9b6aca,12,amp,independent,798,test
dc518ce84b986f2f974f54a535871ec251cdd312c0d93b01618d6b4eb8dde80d,12,amp,independent,798,test
59dfa752634872986c134deb543faaebdf0ca357585640a19429981bd572dfa3,12,amp,independent,798,test
042c42d0faf1f4b1311040036b207647b83df51c0970445cb050eda010448204,12,amp,independent,798,test
45980204fecfd5ff06320d37552ac50684a2a8db67ccf9265aab6b8ce93adcc6,12,amp,independent,799,train
ea01091b6afc63ada006c1f634b8857f4856d06f19d74b12d18b0ed02b3efba9,12,amp,independent,800,train
616be36b24693d05ffc0b42f784aa4f1523df7c2f73852e790e640a8a9641014,9,amp,independent,801,test
b9d4455bbb9e5c876436f15b4b6aff62ff611ca2fd01afbd4df0856928b45f7e,9,amp,independent,802,train
cf04ddede43298897404a6c9879fd5babc90e78373e4c821aa5e4d14f3e10c80,11,amp,independent,803,train
429002a951122c267490c3be543b4dcb6aaafa6e53083b8cbc2bbe4f87591025,20,amp,independent,804,train
cded8b007b77d9f1a268e7a5e3cc237b65084fa98fd7e455439dc0045946ff67,17,amp,independent,805,train
977ea66ac9b31b1f7cb8e274d1aa0b40617e1474d3b33c52f4a2179aaada6ca5,16,amp,independent,806,train
2d597031a4a9634701062aecb41ef8ccc1a05bfc9d7c86c78118cb7f55d6f198,12,amp,independent,312,validation
b6bd7a072d388c858ed79af849f81199450ef8a18f19cf6f610cc298d483888a,9,amp,independent,807,test
07fa3fba8529380cc8897541d8022e2a58c9eddaa2d6a8d32baa79f025a80dd7,7,amp,independent,808,validation
eab1281f13f0c3720d610e7de6ad492fc90e6890dad4f10b5a3240fd9bfb5d5b,15,amp,independent,809,test
49e8b9b92427afe56f270b94a33b776d0fe9cbe72201edf7920335073407974f,17,amp,independent,810,train
0bd31a6c00efddfbf32c8c75bf447456c3c1efbd745bfd73af1a9e2498d53d1a,24,amp,independent,811,train
46c35acd46f8bf565de0cea9f219ef182621e58eb20686316de72dfb0cdfd1c5,7,amp,independent,812,train
6b2eac5577414dd012bedd7f5d40b4eb76edfc767eb01484aed8a98e964dc7f2,7,amp,independent,812,train
07ce6f8346d3833a3cc0fe096e7d8b1e9098272fc9d1e87938d839462c53bcae,26,amp,independent,813,validation
aa81da2ebb5d2d59ea70ffbf5da85ac222acbae70054f64abab3744110b52909,12,amp,independent,814,train
3795c2b47c398431f5e4a9c321c49d9835955a27b5410e7059c0bcc2cd60a5bd,13,amp,independent,815,train
c503614db9b4c99b2df2cc4f44a4fb4233ed3c686a8f43cf2c73979d4406466e,7,amp,independent,812,train
9c4b73406f479c0f2401b4885c33fb2cdecd2cb5e2a044a429a57f823ab6bc77,7,amp,independent,812,train
7d30efe237154447ef164d8ed652e823f66134d9bcd08f4dbf151bd5c781f3a5,7,amp,independent,812,train
37593a37f4e479203af086283bf4f530ee62abf8df02f3c732d30a2740d89625,19,amp,independent,816,train
fc1054303f0f4b76171748535c95922ab1cfd2a84cbecf2e852b6f0cc6f916d2,17,amp,independent,817,train
2c83375686a2f2e1841036edb96dff07054b34fa240a1ff7127d8b559f05d8f2,19,amp,independent,816,train
31b195f40147c7deedc98666d79a62b5e66fb51a5658078069cd31ea3bcc0992,14,amp,independent,818,train
53b9325090f688e44c8643a3b2d849c4ef5093b91806ff8c7c60f735378be788,7,amp,independent,812,train
ff91a8b0cbd8b7c420a1e3825e79b6e906f47506ad11f1ddd945a555b0522af3,7,amp,independent,812,train
54bf3bc630cce281d3a365dac651177ae89119bb8bbb86e7a631177594118220,7,amp,independent,819,train
68c53a68be566a03375861e452260e812ff0552dff67a295e75377136a93c826,7,amp,independent,819,train
62b9857b1fddb59c04b4abd26e5c867cc50c697771a163eb2370c0085eaa8a89,7,amp,independent,819,train
c043e28ba698f7fde1c38999cf64c7a1c89391c35112de5d503eef007843482b,7,amp,independent,819,train
7c2b69f24b8fa22bae8d92452c08aa447e4357430a8d1d45f6db7a219c586da3,11,amp,independent,820,train
b9545f7f9af762eff4efaee06a8eb6559c2e106fff772b7f61fc052a2cc31f4d,15,amp,independent,821,train
13fdd51c9974e8c1521adc47829d1a4cc1163b3b27c7d3931390392f4384ea7f,11,amp,independent,822,train
a2abb1bdf1265d61944194613bd2bf11f95ea78498a5f46f3a0ff80a281eacfc,7,amp,independent,531,train
f9597d99ce3e028de7def5843084b72b537f76d47f4655d1259e39f9f8d2a541,14,amp,independent,823,train
31d5693951a7cdd674181eed6d4a6c10b950485c34c537bd40472850a99908d2,28,amp,independent,824,train
f2755c886d4d159983ed7e7d1fcbc70a3360f61c5ab2e51de724d6a9a570f277,28,amp,independent,825,train
408014717d8bd2a82244c16604346b5713ed5e1f0b47b150001d1dcbad4681af,9,amp,independent,826,train
87623140dfcd3941cd049f567515ff1c0f928d7ddf29dce35f8bb954fc05223c,14,amp,independent,827,validation
5ca4130a7ba1665da0c32f25b289b4b3911a3fd56893f4a029ce29909832bcdd,5,amp,independent,828,train
ff266c1856c669d22c10aea31cdb4a826915c3f36991a6b752c8bfab23025a89,19,amp,independent,829,test
9b07a1a4c4d9bbcba20f5a2a71109cc1ca678fe8871078e68a2ef893b17d33cd,21,amp,independent,830,train
5bf98adf864900b82bfe4b53de28115336eaffd4aebd0be6f24d6758f5dde455,22,amp,independent,831,train
0055e64f3c722c275d39ab40e699a733f1a479f3d6dca67ae06d2b45a5c411e5,21,amp,independent,830,train
04ac20d5900e21db846af40ac58b58a24d10a4f8b405262a723d06b44c95e4d1,17,amp,independent,832,train
bf8521ac216d0f0922aac56211ce764d33b1ce16f6126a32968cd72d2c65960f,19,amp,independent,829,test
a8b3c359d8dfea809f1f83c736bf89e5719d720f378aaf9ba76ceb8a8d925cf0,14,amp,independent,833,train
f874907a4a544c02603e96465666bd46fd1da700f77e27064b5afa190eff3b19,7,amp,independent,531,train
b051771989037781fab091b58a4c238e6d26b56f2bd7ee73f25f7c63f3a58d60,7,amp,independent,531,train
b5066590a522b7b990879d592a67c3796a399ba0dcfe260f0a06a67d69aab1cd,12,amp,independent,834,train
c335f770c6e7be436a7f882d0508f388e6043205dd7f1f3ce69400783243edf6,22,amp,independent,835,train
0a34a6f04a037b928e78081cfa48e3cf6c689fc0f15c3a71d08d32de7f0f6e70,10,amp,independent,836,train
b5005c3937c420f0f540840fc220497e0417ea5a3017ad2c12218f3e4ac799b0,18,amp,independent,837,train
0b71c08de4cc57d2eccd5380c159ac6238f3e5ed14487ca1e670af81b3f80d21,30,amp,independent,838,test
55e1437062e70a3feeafe3eb56111083aec1a6a8e4672b6faceae75efba3746f,12,amp,independent,839,train
ce1b315bddb9e763eb211fff665e44f9bc8387277cc078e6dfc47824201f8e33,11,amp,independent,840,test
07aa63d768276d6681e5e3da1f36c63ead5b3b7a315b471f211e63fa950c5cc0,11,amp,independent,841,train
ab8b5fb0716ccf36eb0a543568195e6a9c1790513875e129cdc35ac18a6cf0e0,11,amp,independent,725,train
46bd07ac91ed6387606324deaee826562c8601f7923db058f3b07a24d8b293e2,28,amp,independent,842,train
83a4d337d1f90c21f82f4b113fdea813344fcb7d577f7d06089a9260215a75ee,9,amp,independent,843,train
3952c18f681c399e1a0a5401c1967ff3e4af2f82e3c4cf607e7f7ad14975172f,9,amp,independent,844,train
a94d3773f8b1cf597e03d604c1f66be7ded47bde5714f46eed1d93f3cda27257,11,amp,independent,199,train
a0ee78c779742df9558ed7ee5477da768352d4a7a7a3352ccd9c37c4e14a5113,9,amp,independent,845,train
dcc7359e91dff7d7fa18dce7609179e850df11ccf9f1458bd16ce545af38bb3a,11,amp,independent,846,train
cb4f95c89d3cab1380c8e013a9c5356dac0e05c89dc991f8724a51fe7e56deff,18,amp,independent,847,validation
c55380478e0bbc336cef68ec2d0c6376b0aaa4ebd99e60daf215c9ab261bed32,9,amp,independent,848,validation
0c47b1ca25d21417af1ad476ae6022d533564f0992eb1da6b25dd379f2963fb1,18,amp,independent,849,train
1de8b390ef5a86661bf0da4babf5a6059743fb66bfc8a49d168d7b1cc99d9252,28,amp,independent,850,validation
50198d6259272a5884e02822b902f47eae984e6c2f7df44739820326a165dbb3,8,amp,independent,851,validation
804f2a78cf36cf89cf7a3fefd5335043f16fd4cef87fa8644d2d9c4eca590d8d,12,amp,independent,852,train
527cc57180f8eb1189ef9665f278981daee9baae2401f81c3fd265cd0c43f72f,10,amp,independent,853,validation
65ee6aab9f80eb4eda214ed4b38eba39779732e64bbcbf21088bc0a733e8c575,10,amp,independent,854,train
3da5de3411b1354960cbeb6a3a66d850c5e88e869238c1b45b7ccac6befac7b9,10,amp,independent,854,train
afe2c9736af25070ef968cf26cdb1cf034dbab645bd05f0310bb97c50b3c1a68,10,amp,independent,854,train
3e23e401f79957469818239394aaa0a2ed5e0a163011e63f83371fe8418ef11c,9,amp,independent,855,train
2e6f42a222db10dba1f8d60dc23abb17e6fb47c47630a0899709ce6964632d83,10,amp,independent,854,train
ccd371eb770a1703828562645d362c2226a0f630ec3a749ddf061551459c6e14,10,amp,independent,856,train
8faa811656a027fc8e2e1247dde8e2a984ba6cb37681e1c7113298179a6a891d,22,amp,independent,71,train
466590b8808f2cc8b83d82e0597c5fcc80711358378d6c18163409ae80d28719,10,amp,independent,857,test
eb35497c34d9137c043d5658e5d9f74a29d0b7746091c3d7eaa723a74b17bba3,9,amp,independent,858,train
75e94f0c41e4abb67dd53430ead432b4f2a66ae218134790783d16cb2741e053,17,amp,independent,68,train
7d1242c06c3d068f0da7d2d019d868470b0f5dc1b826c9694c6d6b1207332bb2,19,amp,independent,859,train
cd388ef935e0d00dd57c2cf145aed81fc04c8cf299ed43484451d1793043a738,17,amp,independent,70,train
1554a50d239ce45184c94b78cc9a9a041896789940330e54caa6ed15b674e021,17,amp,independent,70,train
dd2a0ece0c26657bae16384266c7615b40152ced59d89c4b447e416d69bc30bf,10,amp,independent,860,validation
fd1f7cee3d00ec7f408cafd4bd7b988d6723f4000d6a1f97620ca68f5f09d8db,28,amp,independent,861,train
89474af2e86928a47e4d776b9dfdb27ac31002c6fc797064094a79effc0bcbb5,21,amp,independent,11,validation
42c7aaa55a078b1e73c14a3c6e8d8efa2ac91fcdd58ece99488d57ac7e9f1136,12,amp,independent,862,train
3520517fb4b0409ccc495f89c7445a97d72528de80a6e2bf23d15eb2e94514f7,19,amp,independent,863,train
5c789925a9c1c1f7c4bc83e8cfe8f9f7e65b7fab0644bd366da557f315773ef6,24,amp,independent,864,test
4d41e8f63864d67c4276f86dbecc2cfaf3e46a851977359332284d6bc21372b7,19,amp,independent,863,train
738c8b0e8cc26206a075bc48aba6f6d3aaf975782beace9ba8dffcee7f0059ac,22,amp,independent,71,train
c711aec3be2a65eedacd4d3d5b4df01f50a1e3132ae3f09a0c9fb7f5a6fe1f56,22,amp,independent,865,train
1b630c258ce5beaf1228a1cbc3062f32df9fd34da40b7b8e0b1c30ad27570ab3,13,amp,independent,539,train
d052fd6aad2885b19ec28a462d8d88f0896c704821f7d086f2f1b833e26a8034,26,amp,independent,866,train
e851aa5411077698c59e607e334fc04c4a5f98560fe30f5a0baeadd0f592ec15,19,amp,independent,867,test
aa79b8d455ec4407b82a65e4ea18554e0ab0e7a092f814575f489295f71f351e,25,amp,independent,868,train
a70e499ae6b2a30325e4522cfdfa3e0583df8a91dc8edd03b9dc12adb770361d,25,amp,independent,868,train
0caa0239edb0f5b0bbd1ed917a7e89f3bce5d100119fb00112d23f0c3a515a06,16,amp,independent,869,test
fe0ec8ea73f0baf5170c4ef06ecc18587d8aa3d4d5b811b2f2c4bafed31cd85b,19,amp,independent,870,train
29f9766270e21df88caecf986ce2f354e73acba8f432102e866b69d98859271c,15,amp,independent,871,train
8ffe24f0379acb1983b5465a2f9927a8e638ab5c6b6633194535429551ea984b,20,amp,independent,872,train
71befda06cf0d3dbb283fd500c0064990e8942b974b021666a1c2e768f07f53a,21,amp,independent,11,validation
7251264beb0638cba561c58c3a0b88bc2edf11a5f73dcb362f666814c739a7af,12,amp,independent,873,train
b83115d8a7304cc48f9e66174b8774c1ff758223aafce1c436375aa3d1945944,9,amp,independent,874,train
1fd68b33584fc9b9aa9ee62e68753480615099d427f1abcc364bde3b353d4946,17,amp,independent,875,train
2b7bc5d9d6afd74541b9790b107bf659d8d02be555133a1899b4c98c4ecb1682,23,amp,independent,876,train
e39a7ce30a310c34338be19721dfc177520cf91c5f298e332450faa2a855b77d,23,amp,independent,876,train
0a9c8ac52aedbd8411b06ab9876a2b0f7a8e18c66eb8592b52b167ba13796642,23,amp,independent,876,train
23802e981dbfcd739789b1519b1fbf16224dbacfc590543130a2cad2370bb0fc,23,amp,independent,876,train
6742ce86aab8bda226db768bb308f92456e5b535ed202ae3aab449b18185f536,22,amp,independent,877,validation
5acb530b16776816c7162e7731e214d1eff3739a957c24146d4b521bb4339b5a,22,amp,independent,877,validation
fc85eece0436370f606248431a102eba935d9cd307522bc962867c181e3c393a,22,amp,independent,877,validation
eb7f00ad689517c606da7e43a73bae663618a516d311aa4bf5347ba99cf28aa9,22,amp,independent,877,validation
d4d720290838181299c6836cb9fb94bf0993bd20d3c6b2acd17a4a1cf600a642,22,amp,independent,877,validation
0413cce3fa2fab016cfb778bacce78c33a086471805b78da852054f603c47b2d,22,amp,independent,877,validation
b1a51557ef9862b3c4c02f8e9cedf8dd2cf3b77f239e7b1f5e430d159f02b8af,22,amp,independent,877,validation
5077519771a3029f9e5ddd1932e0228040835934e58943d49d6171bdb12e9396,15,amp,independent,878,train
b455908090f9806617f3e84c553da119795813e76460f06c03e59606ebff076e,10,amp,independent,860,validation
e4adf44cd51688fdeac335f56128cead5c6a7edec16a9a4df729fb45daab0332,10,amp,independent,860,validation
3251090a655f820172ffc7510d34eb1b44d622fc06ab4bf40848dbe2db7d8d7f,26,amp,independent,879,train
c1bde982d540642e85c9c55b509699a9ffe76b0663ae137e9ec474a7218f8ec1,26,amp,independent,879,train
4e1d7f001cb58051840f6650388c8955e0f1481243832f071fbee181d906b76c,26,amp,independent,879,train
4db945280dee0a210bf04ba83c72f20824d2ae12bafa8043ade1428b411ce378,26,amp,independent,879,train
8c416fefc9a6a6f8f980193c0e86028d377f2af903f159b0e73e32a1bc2407c1,20,amp,independent,880,train
e989bfa557455b2811b362f1f822467aa8d9d24ab2d49e69b3d5304cb42df596,17,amp,independent,881,test
a9bbc2c73274c926bb83bba1d3f69b82080d35d749742902d0543889200d6414,12,amp,independent,882,train
509830983feeff053b87b66fe41c9035eb3af7af5c88031325177d21507eb663,30,amp,independent,883,validation
1f8134abb06c556648e51c9bbc27a65e71e3c18c66182a3ecbe44f8cdd7e30cd,19,amp,independent,695,test
a1e801f088af9224fa7730bdc25d537c2b995923de1ca28eba79479cdbc1879a,21,amp,independent,884,train
3521addfa7eca639ff21b38ee0cc9c04f35ff0e3689d6b928a301a4e31e92678,14,amp,independent,885,train
d8ce9146a03da578508b2eb6750b18ae5630f32e0df89de9ea516c3428b69acd,21,amp,independent,886,train
01b9f615dedc436f886b08663878ed2c73553d1d3a155609ae828ef2f00fb500,28,amp,independent,887,test
bc59354a1fd34b06c1540042d49e88241c91660fc24c13561c83af8a421c96ad,10,amp,independent,888,validation
b900a811bc183521d1c7fb3fcc924573b5f118293aea6b5d367c8c87ca92a730,12,amp,independent,889,train
46316caa8e82b5ff0edca6283125ede93a0104c2592ee46b20a48c700c027631,26,amp,independent,54,validation
cf43e4252ebfec0a198c939250c8012915c26844844c36274d579dd481bbfc40,26,amp,independent,54,validation
0a9b65ea40e2a1705103cfabb255a37f4a377e59c44c35a160089686eaf52f53,15,amp,independent,890,train
23f44dc37e90b63a3fd615873ff76ce898990cfbff7b393341cbcd8ed6341a71,20,amp,independent,891,train
1d52509745c4fc6d89439e057e51ab04bae56fd5a926c28606855ecb16717bb5,20,amp,independent,892,train
ec0d31e5aef53ff4c88950019b9827a0d2de76547b69697e828511859cd42bf6,10,amp,independent,893,train
73d12a5fa0065309afafe6bfda9d2f686aaf377d5c1975252ba06207404b8f15,15,amp,independent,890,train
78c4859f112f3f95f05c13993dc06a07f0dcffd413c730838dc2af5e1512bfc6,18,amp,independent,894,train
7363358fa91ee523cf33ced529de0bb448e1a843e86ee44598d94381ba503060,26,amp,independent,54,validation
327a8ba221928b1154805c8c499d6158a5cee5dcaf98ced9366879a664842344,26,amp,independent,54,validation
fc6092f9f92618e9471669dab39842281312cb24ae57eb4b50f376a9a663672b,26,amp,independent,54,validation
2020ab04785a876ec0185248227a733f0b1794207c664e1a1ddbd17b5bd8425c,26,amp,independent,54,validation
4cac4f276e6076d9c68bf50ef043870e51bb03f79304dcf54fea0d9615d2f099,26,amp,independent,54,validation
c4b9731905cf6e77171f62b38f9c4411f743b35214221ce65ab73978abb3be22,13,amp,independent,895,validation
1c0118ba24f3b05c96600c96351708ff06116b02afa82ab01ec4e77108ae20a8,10,amp,independent,264,train
c71257c4e46da61c4abe901a16d75d8a19f0677cd2b21efd78b51e879ed0480a,15,amp,independent,890,train
ea8c2d6344fb43947fe757d6683990dd6f680e11f87c8504eac7f176858563f7,15,amp,independent,896,train
76e9f53927a73880c64fee3608c4ac379d72994340a46b5f6a32dd8723b733a1,24,amp,independent,897,test
2af08731f6e53ac3b6bbeed5c00447fc6ccbd1de03807d79b54597951fe417e9,20,amp,independent,898,train
19806159244dd3610f4e0049e1ba64177d32c64da4bd47f04c53bcb4418e4785,23,amp,independent,899,train
4d8f775c39d894d21c32a6cc0b3189a446b1f3d1d8e4759107c95fb08abff1fc,18,amp,independent,900,validation
6b871f849f94a0747723a5d923f42de18485cfe843139fa39df93825033712e1,12,amp,independent,901,train
9e79bd3d1a6acd1ab4bb58a4ebb1d0d82a370df15a9079099c7521603e47a3dd,15,amp,independent,902,train
96f0d0b1e348ce703950609d2283963bc40942df477b72d59e767a743ccb4d87,16,amp,independent,903,test
6cb8a9317da63740fa46db4ef2d3c1f0e436d41d0c72844ed758457dea94e21c,20,amp,independent,904,train
aec12e8d8e1450de0caba4a2d2203e852c74c9edefee890390d669ddbf1828f3,13,amp,independent,905,train
e8701659477da00b81abfcf6a809da636148de9b3b2e465e82178837d3abf8b6,27,amp,independent,906,train
35d7107f5ef7a0036ce27bfec69cadd55bc9574dfd644b0d8fc224cbb26efabc,12,amp,independent,907,train
e1e4c004a0d3d14429967e9a3f7579ad853902e00650a022c3052b9f36f8690a,13,amp,independent,908,train
94e5c90a1741d25e027201e0f7f94e17976237671a930f1c36ba5d01a97caa60,14,amp,independent,909,train
4219141190d1613107f89d98d7312980e236869e6c2ee6b2fd13fb952d93bd1f,15,amp,independent,890,train
050eb7c00882a2cfef4c3b02d383f81e42724721d36c997e0fb61fde3b39d628,19,amp,independent,910,train
8b77f6b0452cb7a51d89bb2a32453ea552767e269cdaea7012da6181105ccced,29,amp,independent,911,train
606387b5516ca092596260ab0840c9420ae73175528593c76af2a3086ea1e90f,13,amp,independent,912,train
ff97630914e6f36d398bc4ae919d603ce19a138aa7d75f8a6a9616bde3bf8cd4,18,amp,independent,913,train
5edb619663c7c4ed54c128cc271ea0bc22762198162ebcaa6bd19130b3cf8348,15,amp,independent,890,train
6d0d4a8ee99aea791c761c6c81577337bdccb9d56258aa9c21286118d5071d97,19,amp,independent,914,train
662075f2512676e69e9205f37ac1b93658f78719df24194327b187f5d9084582,19,amp,independent,915,train
58477276f7032371c3a8f99b153cbc1b0201fce57e4c1abc46fd3b462c35e302,26,amp,independent,916,train
779c42d8a60f753180b18cedf429654d3154cb465a4f05e2491956e1b78ec9b9,17,amp,independent,917,train
f12698ea3f25313b23c30a61a0bb728482173479bd03937f0edc44d6423a3048,15,amp,independent,918,train
b0a2f765d63ab54950e7e5a35d25ab672125ccda89dc1013a168cd83fd8c4780,25,amp,independent,919,train
69c43e79c48b498b3a572f2d4d2a71596a4cb91f76768b2a3f555b3468a68015,29,amp,independent,920,train
38f2ee9e2dc6a75ad2d11958ad0f1d8724ad7cf46a7545d174bc81067a524e83,22,amp,independent,921,train
54a6aa0981ecf8d1a4eed1ad73a2bb4692a1a52aa293c94a7dab3405feaa3f02,7,amp,independent,922,train
a1354378c58b1216c715dad1b6d3294053d945a5561514fdf4e49e5f99a1336a,15,amp,independent,923,train
ac6e7f0e45f00f377fc21ce032b055d465e90556e65cebd748c8bde1c941526e,9,amp,independent,924,train
b6b5d550e97797f84fadbf9f66156ee756d1ee0df1c22cf3dcc3d305a64df90a,20,amp,independent,925,validation
ba3a464e745445bb7b137022b420c9628e8f621d35ee05faa2d2da7e27b4d770,10,amp,independent,926,validation
9969f5b2ad8c3df4a59dc1588d22e46a6c6e7415c1f41402d6b69c827489089d,26,amp,independent,927,train
c7426e7c3222ab830fc731da224f9db53877d126d1e4f05ac2f1d11b9b0c73eb,27,amp,independent,928,train
1659bdfae40cab2b12178f84d15be515493e61e1ed4c9ef0fd594a494e053a25,27,amp,independent,928,train
67ee1bf61d0b1d7c8591c9cb6ca229caf3ea82d8ac053c14472171ff894e2351,11,amp,independent,929,train
78b23d2feba9a727796050688464b9052d1cedfc6f9a39fd1f4910863d693a88,17,amp,independent,70,train
69ed1aa27f513aa20c98c2f713cf96bd946747f622512e5faf1ab49f3ee6ab8c,25,amp,independent,930,validation
0942858c4ceaf958066898e87716381d54ee25f27cbbfa47c00e12aa149327b9,17,amp,independent,931,train
d5c39a9bdf0dc1e5facd47a1b34a5b4abe98b2b95914a5609b283c783bb0bd08,17,amp,independent,931,train
c32f6df2d18c5c09e7d09e4fc3d37b9c674f50afd23d97637ac93be256cdc4a6,17,amp,independent,931,train
424b7d8dfe1ac8bebeced425b3c9cc2d5683831d18d7f4c32dfdaa288170ad00,17,amp,independent,931,train
f586b60f3f13482fd427d976e9161784de49d5dfb115864c7cbe02d268bf8193,25,amp,independent,868,train
437eb7093f4578d2e1d00d0d7e2dee09be0fe91d82c52923f54a9ecff1b0b711,25,amp,independent,868,train
312d6f00493566084375a9ad9f350b2e667d32f1a86d59232b0733553401b092,25,amp,independent,868,train
32c91a1feec0380091df7565b4b86e1a69b89bcebff46e2df105ac76d4093af1,25,amp,independent,868,train
133eb81115cc1113c4a027c32681f460d4efda007779fe356f8629ae224ed9cd,25,amp,independent,868,train
3efda90747baf2e747bde59b29bed7b1cac4910e3b90261c456e93b0c0c856d2,25,amp,independent,868,train
dcb835a3e0b06e3a4d118d8e715462688f2c20e1ddb64d674b14c4c4c26e380d,25,amp,independent,868,train
6ccda3e7476c44c0caceb7f9d5caf6132e3a1927d8a79568ba8f435a3c21533d,9,amp,independent,764,test
72c60a5880c5301242d89d4baceb97130e5dfa9c13894c456ae3da99c494a438,24,amp,independent,932,train
42f95e203c452716ffb19dd433015ed8096b599bf35a35056a4115e8e6b33e9f,11,amp,independent,933,train
5fc7d59f70ac97a9ff35aaec287158ee934bdbbc9ad65bc4c650bf31a6b8a7ae,9,amp,independent,934,train
9a03bb5e8e5ff76e5745bb3b3709c727a24f60454a53c80e6efcc4ae4069f505,15,amp,independent,935,validation
e2c122fdf37241b1b748cf6ab3303c13c6a094cde82b94d669e972f75fe5273a,9,amp,independent,934,train
c052b6b267b0d3444e594d91b3ec2033d1db3f2e8f037365c0afb4704990c551,9,amp,independent,934,train
ebc40925a9e033d7f573868b407c12d5ef9c68a95c825504b27f5c25b83f7ed0,19,amp,independent,936,train
583aee48d02b5a99d5d46c069f0d3a8c516e07040f8696e254caba024abb36bf,19,amp,independent,936,train
1c47d1a3c4a372e0f0a03677647dc76390f83f9265f9642240860946c9ebb09b,19,amp,independent,936,train
8b23f163f313a3a7f6a7ec1ed21163b997ba1440e72ed2bd93b92d450abc89cb,19,amp,independent,936,train
fb500423a149ba6a193d2966c4df781dd377c1cf5d8696b08638d20ae0b0425f,14,amp,independent,937,train
eccbd294e7d1da45d71a76ff5c58a81ab67e811f86a4bc55731bb7afaa284aff,20,amp,independent,938,train
12ac73beb8998974b7303028ad5a312b2c890ecdc03c759d7d2fa8704bfdc8b9,5,amp,independent,939,validation
c478e71243918e08b19c08ef7cb3e9dbc6ca94a55b5052569d754a687bff35ec,6,amp,independent,940,train
dfb3233855ca12039197107aab3679da5fe7365e8c84a45b74678c77aecbf25b,11,amp,independent,941,train
0282d8221c3a15527af18f59ecea404b8b61634607d6adcac75f1fb913e7241d,16,amp,independent,942,train
7e8c061a532d708a9b6b495671b9beac449ea16f3cee8f05572b3d020f4ecdbc,16,amp,independent,942,train
f4fde9935a13aa526d29afbd61daf78ed53e6872047676cda4be6a75723f7f56,6,amp,independent,943,train
d4a1225f37c08e70338f48b78e61279eeb23766bc684c418609a08cd2b34ed23,9,amp,independent,944,train
000f45b178b5df1327c9cb3061f26acd4241c307d6ebb3d3d1f8235f4edc2035,11,amp,independent,945,train
3121a76e1a36c3310537b2d7f6931561d1dd035c977e2f527fd26dda50349ca7,11,amp,independent,946,train
5e2050363c0617ebb3a7f1a22c30cf510d903ccdc911a92c9c6782dbcbffbd53,14,amp,independent,947,train
ca260ff00761c2de709137d52d5c579a285a49c2e815cde59dbce9f10c9e2440,11,amp,independent,948,validation
37fad31ef41ac592711ec83a596e2f716936e2f5f7512f9806d2104c6ae8529d,16,amp,independent,949,train
666d0950f144a504add8bf2d3ff5c88fb4eedba343bebb40049133f7be6b2b09,16,amp,independent,950,train
1826f3ecd1ecfc75f29bd17156039d35953ef25ad7b7aaab73982d45d8097c15,11,amp,independent,951,train
e03a078be0fa2a8e97e6a5f5a549a3f0faa64063ef055c788c8b4f0f17a231ae,15,amp,independent,952,train
4d30d0523ca063dd88ff6ba4d4af76296105c1609a0c7d9256a88de4c29ded7a,6,amp,independent,953,train
c965652d257ded7853f52ea5a0f0977c341a3a7d1d17e514422756b0a76cd318,14,amp,independent,954,train
75b70a56a410fc3e5bd988b31a34d01fc9f5d26c64026aa3b8bcd9b8cd29469b,8,amp,independent,955,train
6fcaecafb11ff75badf310d93e649259924230816b09fabf709c229291c3faeb,13,amp,independent,956,train
e93d6539e9a4776ceaf6a5cdacfdb08320f6b5c2400d8d78ea85dc1069c2b9fd,8,amp,independent,957,train
70b179c3b082712a258ed39daf86d41e1daa954dce1cb10c7f3c4076aec2bf6e,14,amp,independent,958,train
2a4242e4ec500f874d9fa28188cac95d2ba44083baa2f87e047369a04917919d,15,amp,independent,959,train
3feed524db87cb02c8b735cd19b3f4f0b587c83dfb69063043f045e6c086eee8,24,amp,independent,960,train
20bd4af317b5c9303cddba48a49758ad57a1a14a02c9289b770af43c1d0f2afc,12,amp,independent,961,validation
e5d8456348f7ed90d948ae91b04207465f9c8c518ce43c7f1da30c776b47aaaf,16,amp,independent,962,train
259e0a03d275ebeb2220e7c3672d0aa37d1c277519f1d10fb4198a8d7f3e94d0,17,amp,independent,963,train
957892dfcbd27aaccf93bd16966f1e2d3a575f126a96619558b6afcbec6124cd,20,amp,independent,964,train
70bfc1e416d5c429038cc13ef2bd254dbac0460c097224d0358cfa05624789db,24,amp,independent,965,train
784a21fd7ffe2f1627c70586d2356773239e12b870eb29abba50f31e7a0f0fbf,6,amp,independent,953,train
49e019cb16d02bc0d095853c8682835b5bca4d25f00ab03f42f77497fc56fc22,11,amp,independent,966,train
0f4f64f8e29b39402f6c1ae36c545c967da192e2f50f4daaf98ee1ca8860eb87,7,amp,independent,967,train
6253d583e37005d433b8d07a8ebb96109e78661d879399a4a07f814069817b6a,8,amp,independent,968,validation
a02798a1549505b4e63812a009e6a96f1e8f5c4877778f98790c871e51cc5317,11,amp,independent,966,train
af151a2f4a9d117fd4b46552239e37963a6fbfcb7b8c7b31d60c41521ba6790b,12,amp,independent,969,validation
0f8d600c12c630260774942beb3be251589b0d12f812829a3abe6ab9cea0bd7e,11,amp,independent,966,train
0918e2582d8f40958939fb7547a76814c377d8915d6956ef7317a42d42e32cb1,9,amp,independent,970,train
433867d14b6e6d2cddfa573dc47ce48089b329989783c66081f06777550f7478,10,amp,independent,971,train
c73a4f9abffaca9ab35b3a21593a06a4ef3dd5cedf842a590c10ffdbe2b12bef,11,amp,independent,972,train
25a932afd9adfd0af108d227737998007f7c0f039b48af694dd57563963a3a76,12,amp,independent,973,train
aa7c8c03047ec9423e736da6dc3cf45ae5cf06a09f5e45891bdf35648c6aa723,13,amp,independent,974,train
bbb6103aeaddffa3ed79ec8f90560a1bec79e42c42af2359aa09e96e96cc0848,17,amp,independent,975,train
1343cc117cd1a38d1999371bde7ac30f7edd5891f9c337238c9c54142569a97b,20,amp,independent,976,train
986892cee67b5eef04811ec662c0f681db6754efad7df800215d809cde9109f0,15,amp,independent,977,train
51dad04643b9050d99cd5c91109ca51a2fecf167cd6f1e746acdfc7f13fb11d6,15,amp,independent,978,train
4b7081dd04c62ea52da1bef09e9185e75490eb95cc949dfeea5539533f840bac,19,amp,independent,870,train
340cf5ba263447164e0d974a76c9cf4c73a4a67d9bbd7ad2f11c760964d58b5f,16,amp,independent,979,test
0cb95a5babe6284626734e4a63ea6cf5bf78ef25a327b47b559d69c33e810af2,19,amp,independent,980,train
168ea67d730efc9db56e99f1bd2674e8567f6d6f265363598e1a712ae6e03005,28,amp,independent,981,train
049d3c93fecb3d0c0681eab28055c79df4ced5099c690835143d6dec26aea8dd,20,amp,independent,982,train
5128734965e4096b9cccd679ea6ba87673bdaef19e75542edaaca64204d9e9db,20,amp,independent,982,train
3f8a011a2d5cdcd52689e042548c6e62ede4572ab2cc70c0dfbdba8b7a77833e,18,amp,independent,983,train
69095f13d30314f261cc7be34693b54f54cd4f361e69f9c365a5f3e6e30fb088,15,amp,independent,984,train
2f59fcdd63670807c4c95eeb5daa6c64302011f83231b6d53f5f926dbe7e6794,24,amp,independent,12,train
9513fdbc045180e1e41713d3b6a704aa70fe76462b0f35e01d05cb7db222c1dc,17,amp,independent,985,train
0e8c5dfa1ed620524e6866b507e12f18bd3c77e3bfdd7c7982ef07e82a625038,24,amp,independent,460,train
4939040ecae7f8567a4ca0fd3a2bc028a528d0d383cfc520cf73907b33ac7927,18,amp,independent,986,train
45f68f6dc7ff69cc23b88ce71826885b0b541e8b346be3c60b9ffb92fc0f493d,18,amp,independent,987,train
78ca0a9610635540ef67f27215a6fff3e2c83cddc5907a10173464ec40123acb,17,amp,independent,988,train
c5b0542b83d8bfca1f687b9f0164083a313636b3a8302f4b7095f1000fc8c298,22,amp,independent,989,train
93ca7d72665866e0e1b3db8b7d7a141559483dbc3f35516a1cdc945a1ee3b17c,19,amp,independent,990,train
39ddf7bef7a197c7cd8656d63a100b969765483a5fd63687628a7fcc69878765,17,amp,independent,991,train
5f9e238c8418a0881d631bb4facdbe7e76336c198ece24349d9283d016a76122,17,amp,independent,991,train
a9c483ff811a4de8af9837c78241c4e703cfcb7c6c4ff21f8a2f00d20cbced55,17,amp,independent,992,train
84861fd7bcba44a3109c6978ce220a9a1866671e719f6390e5ad817c0f93561b,15,amp,independent,993,validation
38e3cbfd21acd28cfcccd580c6d4f710f691fa2944bf32e90b297ffab2101b2d,30,amp,independent,994,train
4ee6ed8a42a7c22ff526511ef08781864b9fd6663c2b31b0d933cf9f96e4dd45,17,amp,independent,995,train
9a49d7db8066146bf7ff9de4331c4086a43e122e323e633541bcca47a1614378,17,amp,independent,995,train
2825453d30b89faa8030b05c372592963243cdb47f5ee4f35c21b41b0c2dc362,25,amp,independent,996,train
8eaf786769d368d72568ff35426ed424b4c7518434cb3cdd908f575db4046afd,17,amp,independent,997,train
1a963a621df5882f5308b4dccb2fd0737d7d2bbe3e8dc2d11c11e1fa9e2130bd,22,amp,independent,71,train
6f62f475df62bf9db6292f905d17256a856ff8865de3b7f2391db5ada4ea6096,12,amp,independent,998,train
e51409f8c5e5e98ac7caa96a875057b1cd7a5d05f74be481c740666b4371cba8,19,amp,independent,999,train
6174d95d74d174b88608c037170e73fb173a6b7e8352653fc438e1953a0d9ead,22,amp,independent,71,train
22c8fc7084201a59541b424da6357de36a43bb9e5c154023045ea795b62b90c3,22,amp,independent,71,train
11e5befd5e8bd7f933dc82d6cc0fc8f03e1d4897ccc808a30799af1f5b395c07,8,amp,independent,1000,train
5373c19282640de39fe4700de11d7eb1d43b9664dd60569d0a241226d08b021a,20,amp,independent,1001,train
4bae6324079b591edc6958474ee417192b972eaf087ab0170c26646cadb225fb,19,amp,independent,1002,train
79863e024496bd5a449c9a102fb2a72b7072de9b0743cc4307522e038b49db62,22,amp,independent,1003,train
3c62839222bd06e4a3f2620a69f0c3b0b3d81cf8eee29aecf2d6b409a53f7b35,25,amp,independent,1004,validation
1592188a6d560ef221d1979aed0fd406fcefbba2bfca38752c6f4ee6c123b355,25,amp,independent,1004,validation
d5dd015e87d19868ba9d5cd1f975db14c4cb838015b6b48f6178a762dfc40311,25,amp,independent,1004,validation
0d7fa872ac31a2ad1be38bd358f02b4a1ae11ee5c4e466ec2889934e66481149,25,amp,independent,1004,validation
196c55a4e21da3d5fc74a485222e63887bb1f7365d82f0632dc1ba29eb11c004,22,amp,independent,71,train
022b599a83f7fde9f768a1d59e213c7d24dad798c32b1762690b347510594ebb,22,amp,independent,71,train
cae50ff88840b38a6c148e9d8f71cd04323265ebd386030d5da5d48651210ec1,22,amp,independent,71,train
e7c3d55ce3d1d351d9317749a4aeefbc6dc4f664708cb45da2a30f82aeb1e8e8,20,amp,independent,1005,train
088312923fc0da83d337c45d2baf922b92c8d7fc7e37fbde6b81a1142977be6e,22,amp,independent,71,train
e695e896f04954842d1f7b857588f621a178f3d432c678adf28aa043ef9cd638,22,amp,independent,71,train
284e3abe1a329842c1a950998724c4c9a0f5c51b2958bd2964207f4d4c2cd84f,22,amp,independent,71,train
d12fca53d17eaa8450b0d6e37222f71e44e9c50ef03299d589bca1d726ef0b4c,22,amp,independent,71,train
244d35152cb663891cb7220819385a8d5f42e4341765ec1c7e76abb4a0c0d662,22,amp,independent,71,train
78683f1303f0894096012154dbe1588aeb6ea53b77c36068ed576ec934ff2a84,22,amp,independent,71,train
8bb13fcd3bc0c689e7f41af3a18625d5717142fb76f0b2fcd7c8c2814f2f13fd,22,amp,independent,71,train
3d86e802a99d79025ebaaba597a536d3b39d9e9e72426c9d8f596ec8db133a35,22,amp,independent,71,train
f998a93578fc61f34e69cb3cd04ebbe522254cec83abc47c579c6e7df4d3b698,22,amp,independent,71,train
e7299f1b29f59b9af5a6a43bff26a9ba9f9a435b7ef98af53614496ccaaca8c3,22,amp,independent,71,train
124b5c97f2270f4b9865e43262d9a90d6b37370443caa1010da61e7f41b6762e,22,amp,independent,71,train
096f282d19c952f51936ba514413fda252a523e9065dfc6e48e984ce793487eb,22,amp,independent,71,train
2396a2682c45fc4b65a2cbabfb644085192def3c3f015d650e45380c42c2c623,17,amp,independent,1006,validation
34b25cbdd09b007d6ae3547a1aa5f8d97a1ec4400cc41cf38be660310fc264fb,24,amp,independent,1007,train
8916b4a0ef125556ee3b8576b8a9cdb1e64cf68fa9fb5e14aca9f8b5226636f0,24,amp,independent,1007,train
f13d6fa3e76f1f792c520e7b4f85c240674c1d377fbc235b66329603bc6485e6,17,amp,independent,1006,validation
4909adc05855c09dbdd6611a4b1bf4d6fa95cf6ff7f37b863b1769e0f43abb76,18,amp,independent,1008,train
3d5d3119b50d0d088aaa95864b83186632459002f9bbc7ba9927b6d55a8a9019,16,amp,independent,1009,train
65602cca28f837fc613744920907bfce723dc3bbe5c8a0fe835a4c37cdf08533,21,amp,independent,1010,validation
588fb50c2ce6fc5f5749f5ba3023e3b50bfdeade017c49bd9cefd13bc9f7fb50,19,amp,independent,1011,test
fe56678bbc4954069b987ad124f02df4bce1e1932bca81a35570e547fc1cc170,21,amp,independent,1010,validation
47bb2309d6866ab81a6f77ebf7283ab9153ab34385a24c0aea5a11a4b60b8d6c,21,amp,independent,1010,validation
673eedd214a0a6af11c71be117017d417316ea82a7ce8450dcc15afcf84af91d,19,amp,independent,1011,test
6ae005b12a8c5a4c204cbbffb8a8f8d3721feb80638bd161682a2403ec9fd3fa,19,amp,independent,1011,test
9eacd60a101f35e9720c72d42e39ec4ff6f1acd4967a3ca20be582b2c1cd7216,21,amp,independent,1012,train
810316b049faf9bbff40f1b9a54964b84bb7866c4ac46862590c6b3e6c072dc9,26,amp,independent,1013,train
744f46e1916633fe5097bb7562f6da3f4bf2cf5a78c8c4c78f5778629a9314fa,26,amp,independent,1013,train
6ffbf35f60ecd8130ede15ca5e64a36c6067b488f4bbf63aa4e493f0f615a914,9,amp,independent,1014,train
261953950a56ae0ab9750772fa59dadda2ba83141d0147e211ec7070776b0cbb,23,amp,independent,1015,validation
024f302184295ad5e8a946ec7e44f4b27089f21fa415c1c2466321dd34e06020,26,amp,independent,1016,validation
0822230a6266e7f37b750e2ab40e20f1dabe1fd0fdc9a4e0b426244e1b8a0ba0,26,amp,independent,1017,train
2c66339e3e2de0cf36ac2795f4054abf14c33d0f06ec31765bd3ef2975322aee,26,amp,independent,1016,validation
e25c40142416962fb052231ff05946d9b5cebcd5c9bffbdebdbc3ab55fe93320,26,amp,independent,1017,train
87c94f5debc6acc6c76867b757a5ad2a1124448f4d431a8dd642c39404913feb,19,amp,independent,560,train
acabb4e12a552f9d6dd4536cb31ccc1045ac56232c9fd06460525d4bb4072cc6,14,amp,independent,1018,train
979c51e0aabeab4c840c22193a2d0fe14075046881c63c2d0c822bcf52b66a93,30,amp,independent,1019,train
a248c61eb169f701460b93cbac03809183e26c002f5ac5860c569a2e3696ff13,26,amp,independent,1013,train
3d27e44466533c3d842ee0c7460eb87294b0eb2f293e8d202c62b1086d057007,17,amp,independent,1020,validation
e4ef9d1b14288c6cf77e9e96b207c11ff19460668238a729fc78a7cae8ecf4a4,17,amp,independent,1020,validation
b30a5dfae28d02bc4bdc8fb68d4198a46fef0c15d18b6da4114efb28f55d2008,20,amp,independent,1021,train
8f6e467ec4cf35897771c12acafe94674af95d9cf2f9b22f3c3fa3886d4a5f9b,10,amp,independent,158,train
4d39397716ca8897b4aba1e98592fb5a956d488ba1c897752eb19b386d7e4b30,12,amp,independent,1022,train
e35ca41b899d5ffa416630ea405d516baa1bcdc98eb330aa9cb459b90e90c652,17,amp,independent,1020,validation
d6c81ee9fb57d3ec2481c8da1dc4638d095457879906f24a73c06a864e296bb3,17,amp,independent,1023,test
b4797210d6d1bcd06495c712291f8e3caee596a3c33c289a0752c0fd3a552573,17,amp,independent,1023,test
9c861df34c45f6fe9bff207f1e915ffe53409c00c120b1696101bed7e823ef6a,11,amp,independent,1024,train
61ec923ee3a3cad7e9265d0af385b7c413c8891437c095d2d8215485f93af2f9,12,amp,independent,1025,test
395371bf4b0cfb5e679d93b9b2711b3a1d7f6f7cd22aeba9b2fa0168dbb0fabd,22,amp,independent,71,train
5dc0d2ec19280eb29b0241a628c5bb341e3d5a98a8631fb9ccf70d612fefb669,22,amp,independent,71,train
3b5a90c8fa5039d320be5449518c818b5236e6bac5358bbf6184659d87090025,15,amp,independent,1026,train
0de1b336bc1bed90e5c22ec2e7060357c7923dee6482315bfa60ebe0ae27e100,23,amp,independent,1027,train
2c003a2b400393a0644e7da34b64eb771f799410f58387b906fc5363dadc9e30,16,amp,independent,1028,train
697b0f25c4d0e297df7720b2ef82906c8ed935d6e9a032c3657e435f8ad5c872,15,amp,independent,1029,train
266491c802142fce58e4f1684ecf14790bebe89380e1593ed2ec288dcc79cc58,15,amp,independent,41,train
0bab355ca8539f29575c01afee757e2321a50263879fe1987a48c357a6cda579,15,amp,independent,41,train
dcc2fb9af5ecbad3d78d3417962a8dc7a241093d461a9522eccc3c029b2ebcde,26,amp,independent,1030,train
1b80fe494ca1bfa9ffbf9be1c3540b54cd1932b68fa00185e540ff12b8605378,23,amp,independent,1031,train
22ee3fee423bba048f660b55ee9713747a3f5d7f8b27e4547b569b82d38a25ed,23,amp,independent,1031,train
9d30515d5e5687b687f325479aa7ce2cdd9d09025c6376f7adddf0cd2af5c6db,25,amp,independent,1032,test
7177a1108a4ec368212f9628c856edb9c2e8a90eb983e7547953e247f3349575,17,amp,independent,1033,train
dac3c140879544ae4187ed0c5a6cc7d4b11fac5e4e80c34a7a3e1c8ca322b602,13,amp,independent,1034,validation
e1951577decfe48548fa82df0169b7c33a8b57b137b780472f4ebbe4848ece06,19,amp,independent,1035,train
911eecaa661b8461983796b00baf03b85c64fd9c6d5b77a0b88c2fc2d66f7663,12,amp,independent,464,train
675a5567cb41f6379bd0878b5a431e4d9bd161e447bf12378028bbc71f24d612,20,amp,independent,1036,validation
d56a6ebaf7a54eb998a140261056a4b0791b108a8a22f864044d24d2efc4c6c8,20,amp,independent,1037,train
b449120d57d9d17ae3aa6086498e9981e84f7220c8ba2d093a7ebc4b3aaefae1,19,amp,independent,1038,train
03b9e2f2bb677e43d2ed804f5bc322779d4973b5657eb1c5b5e6c42a58ef1c32,18,amp,independent,251,test
168453bb6fb4382ccf36dd52f120c42a194e09de4dba488993e44e96e7f03d57,19,amp,independent,1038,train
1d8b5bdcd730d21859365ff31840d4ade9e586b19c0cbed0770a3001ddd9188b,11,amp,independent,1039,train
fa82e4b472ab6a2bd4cfb08b2b0b582f1c559d88f9568e9231f1fb8710ef536e,24,amp,independent,1040,train
66bc0686182995ec90d039a930a391f7ff107c2ae7fbcc06fbd562b3bdd4a047,24,amp,independent,1041,train
0250624ae7cd8674de02122cf2c7db1761e909d155d94ec4bbdf9173e7cdea98,26,amp,independent,1042,train
c8dc99bfe755dce181573ee198187d330c2af5ca32385bff66fdab558bb61372,20,amp,independent,1043,train
64b664e154cb1a6ba9b26b82f2980ac1d5f8e6cb93ee8c4a1f3fda5509da2a95,20,amp,independent,1043,train
b8b4d74ffe4c4b611426df901a05242ef413c7ac2bf53b984391694c3baa30de,20,amp,independent,1043,train
f2f2bc3555a4715cf75acb5c7385b42e35bc2f4dbad108f926c49a439fb80198,11,amp,independent,1039,train
f316a1a3810da92b18228cc7a323c52867cc134ff3591c4071cee4fc83dbabda,20,amp,independent,1043,train
ddee02a3751e7ca906f1f6971cc1ce79d098f44ecbabc8204165f5c847fca46b,20,amp,independent,1043,train
856c652458f9da9ce5a30552b6743fa8017370072e796eef8ff5291f8ed2c074,20,amp,independent,1043,train
632a7d4a4c29679ce8350cac7f03de391f28fd89f3bbabe124b8c993b9ebb736,20,amp,independent,1043,train
1aeaf18eb7d9705d38a61ece0301bde92e0220b184bf75767a7c39834a25f436,20,amp,independent,1043,train
afca52a20249f4725d6a64b50574065e9595f65b313084d2398ce17443364b66,20,amp,independent,1043,train
176cc828a50ee4348d65ed730a19637e7f242d05c656b13eb36bd37fe2510a65,20,amp,independent,1043,train
e72babc9e37e7f3a07770f9f855c824749fc6d1f432d7a2eb7cd838445248403,20,amp,independent,1043,train
ef989402165b829f70bdf8a87460a30237a74a9ac0ffb41d670ee31970ac4e2d,20,amp,independent,1043,train
a29b60ad12ba155b484d5b63f316c99f23bc3c4b1891fd6a9b4d3bcdef922d9c,20,amp,independent,1043,train
6d9a78cf1ade85a877cf11d5710454134ec78961ceb3f938af7736eeae406cd8,20,amp,independent,1043,train
f2d87b43bc66ad38277aed313a3db90a313eb0c035c11789f02f04640eb54041,20,amp,independent,1043,train
a4cb571d93908b6a5049c463ef680514a4cc436919890f2075c32ee9010e0f21,20,amp,independent,1043,train
c611da5996efc0117d1df9b5ef6495fc86fc96df906d3a0fbece4a0b807235ef,20,amp,independent,1043,train
ab61aa542f9085e6ad26fe3a95577ac516c6d452010a5f8018fa108c3ecc5dba,20,amp,independent,1043,train
a2e3d2aec6a5064b793a176b95ada86ec82f6562051f615d69746474726b0464,20,amp,independent,1043,train
f92415d12556eed0a6e2dfe7d0b2dbfb7c24c7d653a110bb4413299ac9a5b04a,20,amp,independent,1043,train
3b18685fda223af4549d4b99a68f105d0d788f2a12d8a42a7687fffd6539854e,20,amp,independent,1043,train
790c62f6e8af6eaca31381c78e26eb4ce1e0b0abdf916a4385fe00fc8a694e39,20,amp,independent,1043,train
fa6f5a197e50aebed5d9dcc66febcf32a2a8ec503cf909811732c0d18d12116d,20,amp,independent,1043,train
da31816e17cc58e08a453d552a2a64287ba015df8c19afbf9245e434d6bb3c11,20,amp,independent,1043,train
c9844c73973a4633357959daf60e0c2dff59300ba7219cb90c352bc438bc73e4,20,amp,independent,1043,train
a0628114286a18c4161e2d8744020baf0420aeeb06ea07fc201f83d302a4a155,20,amp,independent,1043,train
f8a32668ba2beb4ba63915cec43bb7945a6e29ff2167f2f0a4f1af13f3433dfa,20,amp,independent,1043,train
329a0295765e3d834894414d50c99b0b9d05b98338570d8e542a3e4e5cdd7643,20,amp,independent,1043,train
eb970051c11455d60328b7a53685569146673709bf42fbd069cbe5b3889c7925,20,amp,independent,1043,train
0afd10b921cc4b50cb9c72dc3b15e8f30323b7fee0408c4af213f83f55392179,20,amp,independent,1043,train
51ee28f10a3357cca53c41094c422f3727e2e21206309e3a72a09c72a4152df5,20,amp,independent,1043,train
71bbd7d7d571624ee2f42b08cf97a4fad5884685fa63c5b233672985e7647d34,20,amp,independent,1043,train
2f6cbaadd6bc98c0043bae81539f729d2e93d3e7bfd1f23e39ef695e36e893f6,20,amp,independent,1043,train
417f479a0d2956f7c903e92e48b312aebf519c575064a3b2d6292ac2f6f34b9a,20,amp,independent,1043,train
14307b1a0c9074ff9fae4b724146258d4d7bf56e632863c6d678b94f4b132a58,20,amp,independent,1043,train
c9227b39c6c798d83c32be485f8881a1759f90b683ff5e70a2c19e119d443112,20,amp,independent,1043,train
080bc35a215a426b75aa49f9d1aed5d8b550a4715d659e34e7cf8a29d2158d45,20,amp,independent,1043,train
13d3e576e48869698b2ea40c6e871b073b3faa93373a37b384bbca5f595566a5,20,amp,independent,1043,train
864fc7316178fd098af566d0dc79636238a65b0b3948c849f80242a895033090,20,amp,independent,1043,train
003acd4ab3c365a15262d60b9a920bfaa7801fdda430da51e9f7f5d3b627125a,13,amp,independent,1044,train
dfa18db5d18c60ce973903760d078be54f6828b84428a783e1c3016434592cf3,13,amp,independent,1044,train
61bcec47efce39d3f7002e2f8264e64d7fd83135c128ae8d20cd1ac9d5b0e954,13,amp,independent,1045,train
77bf95c783037df02d6bb381cc00228674732c92f7971b235d9f00307af7a652,13,amp,independent,1045,train
6df77914e9b55876f41673c43d198d2d86750fd6e4043ee30ba6d2e91f4d849b,13,amp,independent,1046,validation
79288d2eae77a9ee29d9cf52230493d2ee79626e48df6b62cc2003fa0945abba,13,amp,independent,1046,validation
33e99dc079526fd18fb9ccb7094da378a66e85a098d9f3158471a8c49694b989,13,amp,independent,1046,validation
6077a6e60ae1766a847014b61b84abccca0b0e9167ae78e7487f787f5ba4c6ed,12,amp,independent,1047,train
f45cba8d39bb60b7526250f4a53eacc90062357efd26e208111fc749243fc931,17,amp,independent,1048,train
4e302dde9201aaba5981da2e8213ee0144c82984ec3dec6fab0cab11c615f4ce,20,amp,independent,1043,train
b182d7b1a990bb0f7b71f203c3e24d029f73536bb0e320e952cd2ada036017c2,13,amp,independent,1049,train
e61beb062e209d372de2e2c90fbf70d032ea03811c3e4b1208d52ac7d12e0aef,9,amp,independent,1050,train
9e6e1fb3e613c300f3708205a7dbec2df5b3115a0a8ea71b55acfd650ea5e2e8,20,amp,independent,1043,train
2dd9b2cb2f7837c16d2cb6ec2b09dcec181d603e9d2880177549cfd639b33fc1,20,amp,independent,1043,train
e9367597e74a48ca69ee9a775f89f9ebf250b8cc5bc106628b88675f878f7256,20,amp,independent,1043,train
f0fd3c17cb4771e68a88ff36cc3a96c634b1d82284466badf68035cf390709f2,20,amp,independent,1051,validation
863cd9ccdaccf087c40eee4c8e94fd2da3cd1ee7bd5c3acb386dab7979523ab9,24,amp,independent,25,test
4ae87bb237e997f3b63f660eee7fd906bb05c202645c9add8a187e2685c18858,20,amp,independent,1052,train
dd141dfc64fc9a59656619217549529c1a4a12eac15e36063c2bd5e02221db08,10,amp,independent,1053,train
0d6ec54c832302b0dcf1f97e8ed5ea5ddc5bb2ed86d5ac51d94632cbfa4073f7,23,amp,independent,1054,train
b86b97e1e06030f5b47fbba9366ed59b584ff972e39858597018ac3612fcfd06,21,amp,independent,1055,test
22c2d54093c1a59dbfa156ee5bdd4b223e79655963f7ec7ac64921ab854e097e,20,amp,independent,1052,train
f4cf0ab1a9b729948698442f1afd8e0e39d96ee441a7c07fa37963bd1efd2de2,20,amp,independent,1056,train
c49cacf4484a6d2b2351f04cd5595db38c9ace9a816ae7c701b3b6fe81069f5e,23,amp,independent,1031,train
f5c3a46f4e5f8b45408c407b1d6c8b15d1d796b6cc3775d0db9c74d9229f9787,7,amp,independent,1057,validation
85b0a0492a4483d93672e96d58f0e84282906c90ddb263970f8b0a2329031f0e,19,amp,independent,1058,validation
207227d3ac92913859645574238746e8a8dd7ed3e6a47a3b322ef414dbb04f75,19,amp,independent,1058,validation
75a5dfbfa6a70a65d8e1470d203d7a401e548549211e2ef3c94f139df58f3c0a,19,amp,independent,1059,train
8e22f7806f32038e988eb2823a52463fa2a0bd80973ffbee4a5f90dcf5bf5c2f,19,amp,independent,1059,train
3ea0fe0fc3f38622745e43fb93c0cbf9ec352695ec17634fcbb64c42bfb4653f,19,amp,independent,1060,train
7ee94c5ecbcf6071addd000e63664d46e8d8aa3027a8b32b8dd018b3f0b4df8a,20,amp,independent,1061,test
fe5e5f10f5eff05c0c3a58bea7ad1e41a933028e2aa9b55539a8af4feac6664b,22,amp,independent,1062,train
957e52bccee37a467fee1e157dba62f9de370951d3975cb8b2c6aaa8c3b0490f,12,amp,independent,1063,train
142fbbdc565f5c70dc31770bab2202024285443eba6b8fc7a531881710ab8380,13,amp,independent,78,validation
8859c76dc61f33c274d3098e08215e5ab0c631c383a106825e24421e143eec43,12,amp,independent,464,train
529f15bec46fa7a3ac4d84c5156319eb73191275a1ad3a76d02b76e3addb8291,18,amp,independent,1064,train
c4ee886e790dd169bba63dfef19e4b19ad3173b9ef9948f4a6a07682b597179d,10,amp,independent,1065,train
b6a39e0dd95232377f079da6bc31f62f0dd5ca26d1fa43131894597fa3210adf,8,amp,independent,1066,train
51853d2631f09f062cc0045ce790303bddd1ba73c9b86cc0b1e04487d6413fae,26,amp,independent,441,train
7a372e52b554a70caeda4112867ba2b740311844225e2db76876d5645bdb3948,14,amp,independent,1067,train
7db126a015259225f59624b62f100ce7b0cb4519e56628b1aa738956ec9c54ad,20,amp,independent,1068,test
b8948aadc25dbaf4205309a63ccf6cb4172b440dced687565839c7bd9fcb8e0d,20,amp,independent,1069,train
6afc315cdeeea3c991e4fd8a441190932b9808c9ee3859ca929d45d20585d676,15,amp,independent,1070,validation
7684a6194534e535c2ec16910aae4b97a001db88c63054cc640a3182828a732f,7,amp,independent,922,train
6751c1a6e109809a3e6238a4d9d465ac2ee479a4e8813622a984a8894135a715,15,amp,independent,1071,train
6ac71c28dcb315a93b6f9688d0049bd422de09098e91e055a8cf187358701a1a,10,amp,independent,1072,train
245531aa5323f3a4ea7d820758cad7a8dbfb2acf165bdde34734846887a09a41,15,amp,independent,1073,train
c3d16c7df62c73a18ac8007a79acbe7d7f3878296ae11a435879d95fa3cfc99b,15,amp,independent,1073,train
8563e51d47aaf7e2b3b41cd313e91302c4449e6d5b3ad96eee281cbefc51f901,15,amp,independent,1073,train
add14d1770330ec41ad8d6455cdd9d2aecb91d828020e0e9f7f276df50741b7d,15,amp,independent,1073,train
dc9e2880cdc39d3c1aa811b3bebec72ba1833c8273fa78c93683a617318d1cd8,15,amp,independent,1073,train
53e3e355aa69ffbcd3dac4ba0e221017f0da05cb4b03d8b991ead9b4ad12c39c,15,amp,independent,1073,train
81a2ec969688bf1455e91227987cd1056cf194dd5a20e94c215d90303533f1b5,15,amp,independent,1073,train
067bbff3b7cb0b2824a8ca88b9399927266a20fdf0fb6330a47379cd459b24bb,23,amp,independent,1074,train
53536ef424e878b2ed8138b73f5efc12ac3716f9773902cd62650489002d8455,12,amp,independent,464,train
6caf29ac1a5bb5dfa577d3555665c70546d0c31d4ac0c35a715aad99b2318b1d,17,amp,independent,1075,train
a02c0b86ed671ed1a066085bba7bf7d2523536be29eade4f9400d3f1ee53ba9c,20,amp,independent,1076,train
727dc376d2cd98fa4a3b5a1fd13c2c49521f1358b6ea048257a418ed1ae34471,20,amp,independent,1077,train
4bd5217e89d439ac273f0f6ed0fa5129bfad9a39fb5c088d2c13ede144348a50,13,amp,independent,567,test
7fd0ba2c0a12c7541db52feb3e6e66796f81c0e324440ac0cff5df67b9523876,10,amp,independent,1078,train
1bd36893631ca6f6a255d1b5206c5daa95f96ec889748afd35268af7b7d4412c,22,amp,independent,71,train
049e32b0725dc5e1e2722199a5941390ded954394911bb0db98e9f2734ac0440,7,amp,independent,1057,validation
0ebc75e66fb0a44ba6e66d7d36265527a2bb226dd26a56603376a608a123f284,19,amp,independent,1058,validation
5a153644d8e6f794f89e2df19271c3273d5adbbc1e2aa5a0da9cd64a10a3dd18,19,amp,independent,1058,validation
924974b08b3c9679322971c563f3e295dcebfd8a4dc9523d8cbd1a8245ef35b8,19,amp,independent,1058,validation
89023beb1cd38caaefc92d5257ededfb4bc71b0090d46416e7810cab68e941f6,21,amp,independent,1079,train
11df411f01a2e415efa5f0ad705c7433ff3c3bb14de3dd8aec418cda93269ae3,15,amp,independent,1080,train
deb3faf2b0065743435405bbe1445879d3b61adf181126337231f941d0f23091,20,amp,independent,1081,train
56e95264d5488c54a0ca309bee1f22616acd0ae6337efb9bae7fe14746c3b07a,18,amp,independent,1082,train
8655d09458c62f2fa4a07997df390db8b68cb2477734185e39aacc19273c0678,20,amp,independent,1083,train
5d02653f3e423a0d6ccee233ee024893591aa4ddeac54511549444b9443067f7,20,amp,independent,1084,test
f66d2f29365aa8bf007c2a0246c9d4d32088e7883c7849f57f19c0bdb71d95a6,20,amp,independent,1085,train
5224b2364869324f5e653ccf260f1068e723f827704d6c76ea41bf764e772042,20,amp,independent,1086,validation
c2d6ef0c2a32755c0c8d5a137c6714aa87dcbc6e13fa4b062cea5829604eca09,10,amp,independent,264,train
c6fedb38e9e00540222c41c0ca7cd4738191f7faeece95447c87a39f0b9a6f58,29,amp,independent,1087,train
10a142f4837b88f1d4bf35f8c20c581711f170d88392c2c7b71c74822aece39a,20,amp,independent,1088,train
45d1a326855b87cd7f6914e6f0b8217d1d22a3b974681068a15a57850579a18a,20,amp,independent,1089,train
6b0d37f3f67491c1a131dbe204586cbbbbd33a00b05a16ea436c09089ffa83a1,20,amp,independent,1090,test
157eb39973a24f0b4aa5494bf496d97b45c2c432ac70265a1c9db0504c50342f,20,amp,independent,1091,train
59e7e7efe160fdb410195fbdd300122d7e9b50205b8fc591d4110f66adc0b56a,20,amp,independent,1092,validation
2e4c666e0cfff9f2a5f9ccb9c77341174428575cd11e5b465551d9e5a5d8202c,17,amp,independent,1093,test
a1f6157eec2face36677a55d51b4d22747a838b3bb6d14d462fe64362e7ab682,17,amp,independent,1094,test
734b7298a7d6580d3bcd3e2d4b533d8e3535364ca250c6f71fee20a3e9c866d7,17,amp,independent,1094,test
4f31263906498ed1a49be7989de80940aff475cf2676bcfabbba435daaf39972,20,amp,independent,1095,train
5910a765f053bea87de4f09427f59aae6206be99219bc0a93bd0b28151b0f2e9,25,amp,independent,930,validation
7a7b4347dab8a99e022655d56219184040cae28146d2880e8ff99ea4fc733a3a,20,amp,independent,1096,train
e262cb5da03edfe1e5e37cc54bf004e214d3acff37893abb65fb3e30e4bd8b64,24,amp,independent,460,train
05650b95a6a58a401dedc687be3f1d4b6db9f034de20c61406dd14756fe02aab,19,amp,independent,1097,train
f38fa243d9426a75e0426f8b20b3df9ed46581548fd705279e06b2c63f9c118a,21,amp,independent,1098,train
f413aa80dd5b5f086da0b2674e87407e5b0992bc7eb1f826b82395b00f5714ed,18,amp,independent,2,train
46dc03c8b639f26b7650df739ea9927fbd9f1a286536f1159c50ceb603283d45,24,amp,independent,1099,validation
d572da5dc4c8690c0543833129c8467e9308adbbb995f38636adca79fec5e663,23,amp,independent,1100,train
8aa3dc42ca1585cc5152271b05c2e7c299a506919ff56a99e662ee15d7e8b34d,18,amp,independent,2,train
ce798439a6dbb48a8c92ce512d17965768e9a57dc70c9ab79ea48111973a35b3,18,amp,independent,2,train
c197b58b5fc0ca83d5a7a4f4e538f5fa2c313bf59b2dcb0c0eb55623e4ad1ca7,18,amp,independent,2,train
db03ec974f0ddc269c8cec2e168d6db414e834dc3fadc7f33c3b1a4bcc9fb07d,20,amp,independent,1101,train
dd7e5e07678e5e027829489d0a022f7ac25157476075daf670d635d277819a47,18,amp,independent,2,train
389526c9363f2bf6863559fc1c50c052a7067430eb3b18a640c045edc02953de,18,amp,independent,2,train
dbc80d84e143a328309ec3d4a3027f8a765567190a8bffe7a9988815ea5d7250,18,amp,independent,2,train
9e7cf3af0c596f99b2023ccc086bf5cfc596d5e50787f3acf789e867cbe4c4ce,21,amp,independent,1102,test
f803425c5d569c53bd8a20b818e78cccd43a36aee22a5a304527fc43b8ed9fe7,18,amp,independent,273,train
638660f179cf14c8d408e0300dfe9064ca4721c59ab4b27fa763ccd27289a8c5,18,amp,independent,273,train
60b7127a16b7170b919a3c6852c1f6adc8bcbb9821938b7f6b14ff90c63e4173,18,amp,independent,273,train
039be1b80630a1e5fc24f4d38440b6cdff39620ff71daf33830c95a8fd9aed43,17,amp,independent,988,train
d41a2e0eca5c37f4230380c879c095a0fe99200cc90f78a6b1c7a871bf8c5682,29,amp,independent,1103,train
46cf8c499a60ed837576eac130c84c328f6f9333490ba381f4fd7b2f3c8d2a21,13,amp,independent,539,train
b414a3657cd890eab0659dd28541e1e7377f1e80f01b47b64a50372486e7ea16,26,amp,independent,1104,train
9bd5a36f2d13d7ed1dfff1a5bae7fb09bad4417c5db790a6348b68c634ab6655,20,amp,independent,1105,test
60745a21c909bca0959d662fef3c8c7946424180ef9bf25cf07bfd0089f0cd71,15,amp,independent,1106,train
1417ce5f579b2e3c00e35d0a65f8037b2e8519dd2c06446da12ac76d3e8e3283,20,amp,independent,1107,train
8757476638c25d89afad76e2068c86dc4101fd2c6e980f41962160955ec83ea6,17,amp,independent,988,train
8b171f370734a422f31d62e07379c140ba96bdcdfc208d9f2b6118a6a1f360ad,19,amp,independent,437,train
39815b2712adb3df9c3bd818dde0e98bdd3aebb2b09418ed97ee909795102c75,16,amp,independent,1108,train
3f9b981b40879a612ab800b1d9b3d9d46d42973de18e53c4e311685f4166fbe6,17,amp,independent,988,train
0992aa043362811302832e4c79f4492ca3aca2285182c246ec5b84707d059b1b,17,amp,independent,988,train
530a716f45970412cafeac2dd5a1344af00769ea57bb6239296af29db22a0b1a,17,amp,independent,988,train
56e7dcea2d8445140835f471ca555ffba7c46bdf52067a02915566a75722a580,17,amp,independent,988,train
ccdf1b8d4dbd06d53f98df8068b42834d5485397c7de20fd09d2f16d7f434e6f,17,amp,independent,988,train
a9cabef676d0397a25c7e50b27f41d1f38f76b318defb12e17943adc441c8aee,24,amp,independent,1109,train
ba20b6978f18e79108a0cf31463c36e18bff3035c1bb586781789315ac112e8b,22,amp,independent,1110,train
0390862df30a734de22892285c84a24d1b21d648601becc45b850ba166094a2e,17,amp,independent,988,train
0b37ce06e279201eea67a9c6429296edf85bd35928df3923cb7ac593e322efb8,30,amp,independent,1111,train
5cea3d67626c1971ca39b1fc05567080710f521c600a76dcb67e14d28020f31f,17,amp,independent,1112,train
a1a66fdd5edb90e63c8ac0e8ffed22e23fb246f37bdfc6159873be16ccd222c9,14,amp,independent,1113,test
ebf3c30c3db56f5320ff9fa31a778eae899767a849610dfffaec0e8d06777f2b,27,amp,independent,469,train
cbaf42b1be3c35e4bcbf35c12585ae139b41587c65c706a23851f9965ca4e4d7,27,amp,independent,469,train
551c2a50351e2970d2d8e50930f1680c40f3accf16930b0aa682699a4deece2f,27,amp,independent,469,train
2f929a88b083d4ad8d3b3d3448e8d95fcdf935312f39c68c9459e0a87d1d5169,13,amp,independent,974,train
2a41e93c8b1d92fdfbd822264da7657aa402ecf499d246fd70c6b045ac4d18f0,17,amp,independent,975,train
11e50fd8c32183a9dc09007f80b7e55561a76eb9dd8b69356c2122bd64274e8d,20,amp,independent,976,train
1b8fda4671f69b23c4013a50c6049ff93c34a925eb8b7598ba4dd2cd01b8edc7,16,amp,independent,1114,train
d1d1f596b01749232add1b804e0e460cefbe343f2e073a0dddf4a2bcfc53a79c,26,amp,independent,1115,train
0725bc36baa82b2bc2bbb9ba77e93ed3ab2caf7026737753474d14fc1cb9f9be,27,amp,independent,469,train
c68e86f1d13e5f62ccb8c534999a90171fc8232e7a9bfca466e420c50710dc0a,27,amp,independent,469,train
d421650ba5470286e5b7c0b340b8df45c731bc8d3c521b62445054fdc9b3773e,27,amp,independent,469,train
c1cc48fa7691970d1af4cc66245dc2d1ae54aac00ae963cd89d87cdc0dfcf8c2,27,amp,independent,469,train
71997bd867a7858111000784b2748452690c97aa22a508da1830ae6bdbe26e2e,23,amp,independent,3,train
36b8e6bd9fa8799c38bfdc3214ade8c67665ae03b732b93f40d09ed52fd450a0,18,amp,independent,19,validation
19d43a7fe08266d702051e4f8ca6644fa1f4b78df882290b5957936588490b8d,26,amp,independent,170,test
297a015a8faf310e532263e561075f44f7f137d87807346329fd605a0298949a,26,amp,independent,170,test
5a5ec520b7535cebe9f7f98f947b368d766e931b85754b5f1f915d1000b269a5,26,amp,independent,170,test
e5fc30d399220911c9ffc1adefb9b81987dbab255ca6da1b625f851e1e816e3c,26,amp,independent,170,test
f70d52e01face1e305c73849119f2cfe043c7a4f11f4cfc7206c0ea63cc8081e,27,amp,independent,1116,test
53ff19bd4e9a1067a428b7d9f131ae0bfd5cdf89e8ebee0ab0d4ef89d7f70932,27,amp,independent,1116,test
15cde6295b9688cbea135d7a216636c15c454e3f9d27cbecce4f5b400c032d12,25,amp,independent,1117,test
47348c21e4f6bb8af911928be6604287707c4675f5ee26b9a8af0c07f1adc1eb,23,amp,independent,171,train
0dc18270c4748777419c288414a6d3e77da522f16ed8101eee56ec47ada21465,23,amp,independent,3,train
e9bc38502dcfd1162a8865c088ec9aa805a374ba2a257d86247a2946b8606cc8,23,amp,independent,3,train
7f5d262393f68c285c48d3744ed8d0a0d735b1073de280d9418f8476c7c8e3fc,23,amp,independent,3,train
a5bad279fa769ac5fd47c8d133eb06285f10fcd6f23cf891c4a4c3fbf5ab40b6,23,amp,independent,3,train
aae5c8498acfb301ebc4ad2b0cbb048cc0276ae3069abf2ca2222d3f326630fb,23,amp,independent,3,train
16f7f5ebf61636f96163bb6f0627be1f25e8624d7f532018a3b810aab16ec796,23,amp,independent,3,train
40c2e5df513f67f2aa837dababd630b7846a21c10335c4264c70f4cbd6cde87f,25,amp,independent,1118,train
d8ae0c8bc7d90db3465944f52688613d33a76fd6318a67307f04c426abf911f8,23,amp,independent,3,train
5fcd2ba97b42b8027d21557a2d3e549b23b4f3f7ca1c13405628203bc6b605f4,23,amp,independent,3,train
3fc07a09c2c4d1010d25ce734649c28457cfc839ae421e97762ab0d8dee91f07,23,amp,independent,3,train
dc2076c32b8f084dab1304fc1e26c4a09d8b5ebc19f8d7217dc6c19b86fdb2ef,23,amp,independent,3,train
e74511b8ff9540e2ff315ffb5fae36a479a228176741fc6351301b5f77d5f09e,23,amp,independent,3,train
467634ee19683dfe1d47d0fd7759a0faf6c40833ad5fc3d9b3d17269bf412d8c,12,amp,independent,1119,train
092878f8db8f6d43f3f30115d49e488a8d0fe0f62616a005b314b8a8b4205263,17,amp,independent,1120,train
2dce12de50c444bd3892941628212b2f98de21286ec2a4914b5474c659beeff2,23,amp,independent,3,train
bb8f202dc23bb65871eff68a78fe92c10d35065f525540ea1eb4e8cd36b86f0a,19,amp,independent,1121,train
9122b27cca05995a23331c73c3ace4a6225f39070a82a9ed7e674c3bebb7b847,27,amp,independent,1122,validation
0a56a63265652ccb70bd2ba53adc78b8fdf28368af401f9964889e477c7b5a7c,12,amp,independent,173,train
b82e6908d6f26cc446faf895c5f57f28fe64b7bcc6d16694b5db96dee13083a5,12,amp,independent,173,train
586f03cb347793a3a3eaa4d023103314478dfb8ab98bf5325870a8fa2f21374d,12,amp,independent,173,train
d74eece80e5adc05717cacb8b1658f27bea8b27ff61e91fc4c1537d3d85efd21,12,amp,independent,173,train
f5f20574cdd8ecac67e861dab0bf47283f4d7b75028f83a21e4049b9750694f7,19,amp,independent,437,train
f77323b434f259343f5850669e0a3ba08035e5f0715d7bc9cdfacc94fc633059,30,amp,independent,1123,test
08d6491f5065635716c6275a2a6c2c2996a0bfacde994b4b182e8b712c55ef5f,20,amp,independent,1124,train
94dcd7bcd8f7387bd01a7fd83fcc60939135cb3b69554d45d4c2ce7b5b18faa0,12,amp,independent,173,train
46d3174248d2b1f369f357c9d61c225085b059669547792aee978591518f06d3,28,amp,independent,1125,test
15558dfb1c118b831e79ecce6e4efe2c7207176f91745fd2f5c2371c8992807c,14,amp,independent,1018,train
f365e90d0cdc4cda125016f552c86c319e54d53e270ce03231ed0e05392a42cb,16,amp,independent,1126,train
54a4555dcc54ef67deb64530524229aa3d53cd0f969c45873a992d476c58ba64,16,amp,independent,1126,train
280358be354f84d8423362afeab174f2372d8fab1399721e6597cabfd1945a62,16,amp,independent,1126,train
46d546d19a33c7c6a23b1be58a651886ec3ada7e11a46b88394b8b8e2274bd32,16,amp,independent,1126,train
71c7561bb0404429dc5c47ed3901ad31f3ffedda72a05ba9fb5ef2447ef1889a,16,amp,independent,1126,train
e531281c2212331e4d8e775d526afb9554a04b5ce4710bc5c25ad9145eb319c1,16,amp,independent,1126,train
188da5d9a603cae3caf1123564b881fa819843c2e49838507796162e0fc61365,16,amp,independent,1126,train
84ba916cd1c6c075fc27573323bd9811f2d5831d4e844652f79443784373e312,16,amp,independent,1126,train
23c7909c82aed47f4274f32ca2b8f3ae0e9435add0f3920150efff2b863a4dc1,16,amp,independent,1126,train
d603c0572e962c922259fd19b440dcf9e629d6f40054d9e191bed10f5c413ff8,28,amp,independent,44,test
eb1a22f7be2e322544719c95947ca39414e31db329109288771dc5a9476723c0,16,amp,independent,1126,train
ecb039b08365f1a7647092e5b73c11b3ef08e3d1126a4c1671edb718c191bbd2,16,amp,independent,1126,train
5bd8dce9b416598ef8803a80f8085b76e2c1df56a01ad124e28a495c2f44002d,16,amp,independent,1126,train
64d32082337dac4df43a5c93cae65aea9e442867b3304047411e2904894e309b,16,amp,independent,1126,train
62ad3defaae73a9a49c4b063a6098a0395b4c25820741c5c6f96e722457a9be5,16,amp,independent,1126,train
0f59243683e8165fa6b07e15fe18abab6088b3fc39d82ac60d0585f4bf383b97,16,amp,independent,1126,train
902191af2af3bd27b5e7bf3bafd84b56bf4660727f2541cbeb8ca7b4f6d73de3,16,amp,independent,1126,train
f3bbcbc1706682eec0d6f41d9bf08de43a10fdb868acb03d0c65e7ea39033267,16,amp,independent,1126,train
c4120d3bbe8e3edf208c4c5c80e347be93967229827a885d4e481db76ba3b991,16,amp,independent,1126,train
221a4e548ccb9dfc2e0d7b1020f3cb1e154ae864d0a6045ee6c5610c66cdcefd,16,amp,independent,1126,train
fac1d0422484b15930ecf04e91d2f6f061ba7bd63ed8edfb3892a900bb0c88d7,12,amp,independent,173,train
d57f9f7bd563abb56d2fd725c2d6b3934f6a9d2e5165e73cc1406c1b0f982a5e,12,amp,independent,173,train
a0b80e291118af862d9b3faa727a41ebdfcf96d0e68c234b4ba27e51cf421e60,12,amp,independent,173,train
3c5f8269aac7946ce96c92532aa938a45f71e1cec77163297c323e0a6bbead06,20,amp,independent,1127,train
9e8198a9e9a203f88b72201f4c2d3fbc8f894c88b132c4d14b58a84e395dd466,21,amp,independent,473,train
0cc4d367bcf56c08f4805c7794713708cabad38ba3d856d460090be680a9a061,25,amp,independent,1128,validation
e494981c0a07536cb5438772cf3d576dc6e656ee8cb20efe50a9866083bbd9e0,21,amp,independent,473,train
dcc03c4835ce49d731fb9c79a8a0f02a32f7827e0f6a5afc05189872c07131ec,21,amp,independent,473,train
7c7534203f0491c192a46eacef8c37471c03fc90c10ba3916e6bf0eeb493b579,21,amp,independent,473,train
56400ea7afc5284a88877b4b71fd3ed7fdfb3cad520d2c73971aa7859688c62c,16,amp,independent,1126,train
360aea4d3b811ea3e07c85fd725584dd3dff137f4578593996586a11ef6fc5d4,10,amp,independent,1129,train
296d81217ac374f9db7deadfff6eb008ccb2b404a018d7ddaa88d4936758b7b8,12,amp,independent,578,train
19b1dc2b328f570cbef77055dc61dd52a79da196abe98b591da7a1cc3ac0d6fc,15,amp,independent,1130,train
09697983ae04accb51a5d229356a63bd22d14b92657194cae5cea0d47c1e3d2c,17,amp,independent,1131,train
8b3f44c64f441ac95b5f99df1bf18da3439d24a4d8c3ebb9c021b890758bf88d,17,amp,independent,1132,train
c43be80a792035ad075d25274fb73708d25a804214016be09d77c7799fa78eec,17,amp,independent,1133,train
2c2be8109322003ca6a397250650144fdb7ba77fba20de02b3cff4555d5dbc12,28,amp,independent,1134,train
69c3d89285bc49bce793c8ea6bd053126b5e1e7e7b204444f631bcf70fcf33b1,12,amp,independent,1135,train
ba0b673d7dfd6373fe0f758a8df6bcff2b09948367a3c1f4c10c092b7ddecbfa,17,amp,independent,1136,train
c5b0eb091f3f923770de8d13937abaf651e9a694e269dfc8443d6cb49e3228c8,8,amp,independent,1137,train
a8ea5328886b1b0d971c640ec79afdda29737407eaaedb88898b9a7244e44b60,20,amp,independent,1138,train
8b9440bd7d96fe4cfc1152112920e41a4ab2d2d790b9c6cd639c02d3d7476d86,20,amp,independent,1139,validation
f40e1cfc9caf9abf0976a1ff27f22d76d0c808e59808c5553bacb8131c01f4ab,20,amp,independent,1140,train
f606920f19b1529f3c7e067389032a0e8f2ee99d1962caa5c33a363ef047e7d6,19,amp,independent,1141,train
13da0f616807c628254f90d5eeddac593de94ca1519d3a839fb691cf62d1d96c,11,amp,independent,199,train
f8831974fe1043f75b3c3f79d362d75937e38390d1eed0aae3ef9461738a9246,11,amp,independent,199,train
54d5a9c23b0cf836c560cd221ebc9c8de30d8bef64ecd7a69379c939d5cfc15c,18,amp,independent,586,train
c4557b5ab9ac75ab9be30217a4b8b07239f42372020a94de189cdcea94faafeb,16,amp,independent,1126,train
1a1926d863d856ece28c2b7ba034a7251be3112bcbe5a40f27e6d6210ba24b82,21,amp,independent,1142,train
01e88c3931a5c6c4217d4e6f641149741a266eed2defcc230b44ef71e10a36f1,14,amp,independent,1143,train
de0397ffb3423d6902d464583e6a363004fbd90db34441baa9e841672d2ccd1d,21,amp,independent,1144,train
9f7ae508c88b35b906998989502463a65c404430c17576a56b3936337df2026a,28,amp,independent,1145,train
520b3e9c8515c36d78a435ff08e843840132babb50699e9d60d093b7d8659376,19,amp,independent,1146,train
5c834aaf1d806e5152fe410f3114d0c6549bf03b9aa1ec4f633de0f81f9612bf,19,amp,independent,1146,train
6b42578c2531ce96a1c86e35aeda600656719a4f11040bb2eab25c2c3499f46b,16,amp,independent,1147,train
bbe0398fccaade03db87bda7a6ec69d8a6c7b5c3eba595dde9f1e3a1bafb6b71,18,amp,independent,1148,train
e402482f989f6c017ec4001269a18e0c359715327b48a7602d0f6fac6f3ef590,19,amp,independent,1149,test
35050b9dd834440e0938417e3185f19dc45ce56d611b727279c1c8963f84e3cb,19,amp,independent,1146,train
ae445eba0f4998adb4222e57e6738682ee61d944ed8d940cffef9e28e4647da8,12,amp,independent,1150,train
9051053d583897a3dc52cbc8e684901469524f2d3291249e5f0685509a8e3659,15,amp,independent,1151,train
5db116b67b8cee6ef67a2c074239f38b9d68d8cce595e327bc31a46d6c5388ee,18,amp,independent,1152,train
b53fb63e5b2bbef6648146ca3e7bf0fbd281b75ba111e92ed96bb5c4bc174fc9,12,amp,independent,578,train
666ece0c4f2a7e8cd506f7f48e0dc5f52bf4af6aafe5af5a4e442c9f9aff88c9,12,amp,independent,578,train
6304feb2099723f9dbd4f3fe725e801c591c10c0e1957a46cd1d1ea4e6219084,12,amp,independent,578,train
7a130cf0548f3b7c7a2694606cb8412634943b52bded11b277b334c5522fc3ea,12,amp,independent,578,train
400b46e7fc61f9c5fecf10f3394ff322d62f33540ad6a3732be0d6d919d8b3aa,12,amp,independent,578,train
5ec6d1de3cfef2d65d0b7b550cefbdce2a48503a2296cf5e18b86c69f6abbc8d,12,amp,independent,578,train
a75b212e3063e06e619e9d687fbce8d62ae032c90e56bd71e5a88ee399aa8bc0,12,amp,independent,578,train
c3222aaaddd5d7f5171a3c1367995a8794722a5ed6f004a4ca368b005c4414e3,25,amp,independent,719,train
c0a5210f7493fc6283f091d3b526daba514d110fddb614e1a98010cce15beb25,10,amp,independent,264,train
679123f8c9d4cec2a2ea8b0ea79bb76c3b86e3aefbda0cc57a710d4b13e628e6,20,amp,independent,1153,train
fbcf082b2c48e4818cb0e08db3e45745d1797a1b7a1ca6c423731b741a77ae40,13,amp,independent,720,train
9361160887f6b568043e2fe086ca783ac706c0e7988893c60b56bb2587e6c9f9,16,amp,independent,84,train
18d6e068ecfdfb9d80394dbdaddd1a2dda550faadfb08d1b1dfdbc1eda7a3afe,16,amp,independent,84,train
eceff625b54ac58c107de1801e0f33289bfaa85fd8027cef1e8327f4a764b763,16,amp,independent,84,train
88a8dd667519d01d844e05e4dc4e5ec5f4cad034fbea2b2e64de0ef4ab72869e,16,amp,independent,84,train
cca9632a59c8cea381e67d6f5d07e5f3ffee39a74b22f970a6ec0f7465b6a190,13,amp,independent,1154,train
0907b5db70aa82f58cfa5c926037ebc27e4118741e9ad24440fdf91f022bf564,21,amp,independent,1155,train
b06770becd69a3e529369f72e866d55ef2b095f3817a7f629c4dd3c71f3782fe,24,amp,independent,897,test
16961447c4a6012be83385f96dc3ccb205f7b56ca71ce06136ef7793daf76618,24,amp,independent,897,test
87fb6601e46be44cc544ba8468443465f11708d383c07c53cb43b08ad43347f9,24,amp,independent,897,test
5a2772def5d01b9a0eedb39277218bed1b0a1eed5841925f5aba36e8a249d0d7,24,amp,independent,897,test
54ce001e21abb1090ecc13fe8c785d3344b7a7b8c47e8c276161590f9be989f6,24,amp,independent,897,test
05e13ac809bf5d4f0281735a88e5433597a7146e39d5bd2dfa0c3006c5210402,23,amp,independent,1156,train
1a48567c125ca9b6eea2188ea4ca1aba13f74028efdf89e978033f97d33c5c6c,20,amp,independent,1157,test
4279883f7591bf45e51c6394e6b23f84e2a74c2a4647fdbc07db28de8a0701e6,19,amp,independent,1158,train
5ed0638cac728d98396153d49dab36a6c66e178e7b64f6dd5ae99ccc47e0adcf,10,amp,independent,264,train
80fbdcc4c3d61199d4f23f571c662e8500426f4535cb3cc55f6a07c298d414f5,10,amp,independent,264,train
6fa504fa0f4649491258803d5dfc64a4421e3c6545f5c2158deaa93069b11a64,10,amp,independent,264,train
4186ec411568af1f29a4d4cfc80c12709cc57a07bf11f03861424ac18b98cb1b,19,amp,independent,1159,train
025941224b36ffda797b4553f7a24517d1e245af5f4c460c51b604db5e458b90,10,amp,independent,264,train
50a09560ae90d3ffdac1f152ad8e1e58cbd35029f01a994cd470b03644fde77d,7,amp,independent,1160,train
c6d4eda3fa7becef5bb64c162b5cdc1d72ccd4318563196d678304a4ec2fb7cc,10,amp,independent,264,train
1b84188cf6cd84b63309d1a83ce32291b3207b51ac9f2e0b474025fcdb183add,10,amp,independent,264,train
6e3bc67b7189f053a135d3f1f757f6b11d982168a45929a21ba239afc60db326,10,amp,independent,264,train
4d160b3ab06b7050f932d57f12b1c1731abbd0d12442acc874f1161c67652f25,10,amp,independent,264,train
bb24165cc6052529730db43ce020bdcbdc1d172dbc72cdf886699888d56962bf,17,amp,independent,1161,test
8adfb70476facc072959343b23bb626f23b381b829904889d0f0e93b0d2b8457,10,amp,independent,264,train
b0b0c67024b8408f6a15b8bf21a7f7dbd2aa76934157906399ec15c59d2a9b20,10,amp,independent,264,train
52788293b4758ba5b5fd6869ff1942b3339d082125a91682706b69ebb80e848b,8,amp,independent,1162,train
be66ae832e6e31a0ee14aadbe1bfb6660673b221bb5297bd9e72ed8fc6bb227f,10,amp,independent,264,train
8b8d6780cc6d8f1a2af155752a4945cc5da6604ecc46990587031f0da68d44f6,10,amp,independent,264,train
e9b867127fbc699e2411ff0ca0545f095e32fed77b7ac8a8e3d7de8a4e5f330d,10,amp,independent,264,train
2dc2278e35d392f92a389e26541f98a500b32411d1ae947e0fb3ebb5b082ba57,10,amp,independent,264,train
9ef1327d0413a3e7927e7d34f8088b96b3541524e5ce459857738efdf31f849c,10,amp,independent,264,train
8aa04d916e9ee29392fe307d96bf0e44e2a78c3d86289ed5ed4915bb5a966895,19,amp,independent,1163,validation
162120084378d780ef2a3f6be4f0920ae511b0609ad153bec5b3bbaeba9ffeff,19,amp,independent,1164,train
5ceb49877ce677bd32b7fe18abd3446aa696824ab705f6f7d9ad878baf7dcee2,20,amp,independent,1165,train
9346fee43db8168e87b0b1a980f1d0e3a3aa8c22d35d7a3ca30d7d98802b9c8d,24,amp,independent,897,test
b3826b81a90068edd69373f94f41582536feaeea199e3dfea1bbb7ad5a2c29ac,24,amp,independent,897,test
3ee87e3937355e939ab685b2a08e8b12cbf1c1bd1ca81bb60928cbc222a6deec,24,amp,independent,897,test
9873aa1f93e987bbfb24d4106101b8435e4dfe61bb88838fcce339abb0e4affa,24,amp,independent,897,test
2f9051c090d4687c3b5177c44fd0861dd4f8f6a884bdc0f0b769139de9ac6287,24,amp,independent,897,test
1e3d9224f63aab0e5c600c8437c4fa4d283d527eb92dc09a60d2ef408ed90876,24,amp,independent,897,test
8443e4a6142d57e3ac1e8bd36c41af669ebf1b9d1ef783b66aabd5a841e15139,24,amp,independent,897,test
932ac27aa5f59e26bc8ebb87ddecc4f71e515047066d14133eaaae60262fc61c,24,amp,independent,897,test
b43b0a33fb453af2052d39f2c3cebb8426108191b2551395987f1783e84d6894,24,amp,independent,897,test
d200c502160eb8a4462bcb6a7a1439b2f1fd16efbfc0c95baa1b083b8632f3c9,24,amp,independent,897,test
88a0e56af4bb3eeecbbcf88954b8bb93ef8344021d99831a72d4079b159edc7b,24,amp,independent,897,test
7bb493bbcb74a5a754eb64396610768117ff5bf3ed524dea4fcc84274b5d6e9f,24,amp,independent,897,test
209acea8d411d98022b412023119b62778ed6edf2d0011921eab0d0b625491c4,24,amp,independent,897,test
77ecee3dbe17ade99ffe6447ab7e86347675e9529524248706a091f00dc66a7d,24,amp,independent,897,test
eae63da28e4dd913bd1444492b0b2d3cda2df93a1d467dd09d1ac97c492b1258,24,amp,independent,897,test
e8a2cbdc747d989ff4a8f489b1eb94be7225bdcb9467ef09ad298612101aa7dd,24,amp,independent,897,test
cfcbc6ff0b3e2e4fbdf4cc25a8d4b52aa6a66148f9fc51755000093e2e7b888a,24,amp,independent,897,test
d53d4b80d0720b4efea9d1e43dda8af8a1a4e962da951c20dcf766b9dfc35f45,24,amp,independent,897,test
c33389af8ffd187a44f0611d36c97b07152a42279f2df85a230872e3cf977d50,13,amp,independent,1166,train
fe9e703139fc024ffb973b66f5dd689e853a369dd8cf87ab11fc7b22ffd6e294,15,amp,independent,176,test
65d03ea1772763469c751b16dc5b0027a68ff68f0a53c7d77ed2a67010a4c9cc,14,amp,independent,1167,train
aa0432cb6c629cda40c6dbacd568ebcb58d50631063907336a9fc859dc334dc7,14,amp,independent,1167,train
ead19c0b7b5ac0630469f72be931672b099bc508d3b3b48f011a9f4f64f83a09,15,amp,independent,1168,train
492e673ff0e0c76ef6759880023b25889036895c60c636d829624d9e63f11fa4,20,amp,independent,8,train
cedcf97c100083efab6b7a989732a38716628df5b824f16bd2d2f0ed94f18b99,12,amp,independent,1169,train
4684ae5e480e130e3d72a80f9747e03b6bd3de82b3a0d862d8d0eeebbb8686a9,20,amp,independent,8,train
c5fd1be509a9d46d8cb5f91efe87fd2436532b5c155e970caba5bc2813befb4a,20,amp,independent,1170,train
d8fae91abe36b4a2d2ac784231ec3668e3abf9ffcd08b9fa38b555444f1022d9,21,amp,independent,1171,train
dfba5d42a32be75ff3d0e6f2fbda6f05411d563de50d0ca316170b8c3bf06053,23,amp,independent,1172,train
6a51e7972d27230845af4c7ee53ac6bd9eff6ebee30a86909df2363465e54135,20,amp,independent,1173,train
afa915d079e38b1162913e92358d0cb7c57aa8509853434bd52a92120e8cf5e6,18,amp,independent,1174,train
45d476e342abbc3bf18b9a39118abedbb121ccf25e81a8d69c6582522aa86478,21,amp,independent,28,train
170833d8362466bd781a887991e3cf30dd4f195f43d6422a8da4bb8ca697d971,18,amp,independent,1174,train
cac7a1eff04bd66dff2d5cd9eeb3ba5967c700baa79f4a4d1373b09fd0d297b9,18,amp,independent,1174,train
55e68946d8cb4e40aaeaed5bbbef576791e23ae3b3e2f1ee1b855dba08d65245,18,amp,independent,1174,train
ec648bec904af71a3fa0f54cf6a659a181bedcaf1eca3d2d57aaf1b923ba6e5d,12,amp,independent,582,test
47736fab180b9507e748aed3a80f2a8e324e593da60312b1286d13af02bbf507,12,amp,independent,582,test
8d0f93b073e51cae20141ca761aacc9dd03c1b209c93dc8636051c1f2301b33c,12,amp,independent,582,test
cdf1113f385b7fb7162bdef72f8bd202bab95b6a6b7d872a829f9fddc0b0af28,15,amp,independent,1175,train
8ffd37c196dbcd3b105e7411792e75e6e630620c0151e6ee9b2324bc61124668,27,amp,independent,1176,train
f5cbb37056440cc234a325307d60c52c4fda91ea1388771291780cdd5600aefa,18,amp,independent,269,train
f2639fd0817bf38bb4952ecb1402ca61be739b71f600cb72b7aed68e5b5ba281,18,amp,independent,269,train
7b17a36ed8d69754579728a9e939ca8086f2d10ba59df521d13ca6ff2c8eda41,18,amp,independent,269,train
ce1c7908ea9945d666e1d6e672ce11b94bdf3944bd69d6c9730dce2d1db2a9a0,18,amp,independent,269,train
30d7fa2f7af5477377d975a8c63b08f6d82e65246116b505f8997f2e6a1fa90b,21,amp,independent,1177,train
be372c0016660735907ae97e38475e59fd1352918a369ee6deca503cc0e14491,18,amp,independent,269,train
f01c5a4fa2939b62f702e7053ab33b9d4aae2af628b44fd77e8cc3cdb15bd2a3,19,amp,independent,267,train
d703bae65099b90474292b4e2aab48d08ce552a37810070917385c76846ccf58,18,amp,independent,269,train
26a974ea7bf789f47789998d01c653a0df7e088b7a8f65460c6b3279c8d9973b,13,amp,independent,1178,train
e021297b484df47f8ae42ce1c99c0c066a315001206668ed9dc214065c28e593,26,amp,independent,441,train
ccd52703f27241d578c5491482810e2b10cad4729fe21b0957b4fa880d80fb01,20,amp,independent,1179,test
a4142e5166b700d8c1dfcd9a88820bfb9480df8baf17f0fa744633504d656178,26,amp,independent,441,train
c007d78f4ed99b8e6772c217cc0a968d2384dfe9a474f9ccba794e0076821b03,26,amp,independent,441,train
3563065a881cbb360587265efe27c50951f36120bf4c7d9fdfda5b926b7a09d5,26,amp,independent,441,train
d276a28081b61bc267d9bae250d8796a0586d56b2e3c78e0433e9e6d4cb4c59c,27,amp,independent,1180,train
8e21eabc34276c584e435287050f942382c4500411847d6e8341428e6269fe1c,12,amp,independent,1181,train
0e5b9b0769c3b292adb27fc7bc0df43278a5a03892609f503948dd3f06c8e10b,24,amp,independent,1182,train
444abf60f546cf87fdb46b5906524a296f21e3d83b794237cedb770cab10a54a,24,amp,independent,1182,train
7ce9c49b1223053cac42eaad4e58ee6fac3244a0596ba0a328bfac9ac67a05e7,24,amp,independent,1182,train
d6bedf49cd28dc037318416e0d11a0988d101db7e95c88239615d3e7ca5c457d,24,amp,independent,1182,train
b93d99332d65eaf0cd5e5892b9074f63b7d3d2813d182492910dc069c42503a1,18,amp,independent,1183,train
8aacc55aa167a0ec99de4868eeac20638b5fbf864c5e8d5bfcb38ea673757cef,24,amp,independent,1184,train
44eb09570b9660aff128bffee60a7ff358d289604c97faf2d4c13da2267bc4b0,14,amp,independent,1185,train
1ef20380f949ab0e18682294e18b5dcdaee5c20953d73920ffd4480adce161b1,15,amp,independent,1186,train
4f766def7956e0b8f722d4535a0339c17cfa7260f7b3f5d734c5fef5f409559e,30,amp,independent,1187,train
62abfb92c0bc3d629da28df519a544eaf859e80e4064f9b1869176c44fd8908c,19,amp,independent,1188,train
254b96aea8b494d3ac4cffbf5ddff478cca2adb63f491615584ee5ac0c0c2265,19,amp,independent,1188,train
545f74462bb3e4637ce53267dff9f18914d0e20c52412572a82a1c98bda35120,17,amp,independent,1189,train
dbc261e98561898fc2d81f6aa31e72bb131001ce5a215b07fcdecf5c1f881b3b,20,amp,independent,1190,train
b8184401eafc6d423a89d6ca2f7af4b96b953f67994752409b6895a59cf6f8fc,10,amp,independent,1191,train
e176b153f8f71d332bd3c91f4f88467f5217b324478b3d0fe46f39c879f6eadc,13,amp,independent,1192,train
14f552fe18f661fabb8d890c942f563b60cae63b4c7d9fdf4f2e4f797a4331cc,14,amp,independent,1193,train
bf6d0ea48d11515a1a480aeb09bf405d50dc0b4e9dd33f711807ddfef7eb1160,15,amp,independent,1194,train
80c997025a92277ff773a4f935813f796ca33a7dbff45d876c97cf3c621c0bfe,13,amp,independent,1195,train
a130c5c6b5707dc8666dad1a45b8095ed6ee92a96285934ba7ab16d03173c52a,14,amp,independent,1196,train
04e9b5dcd91afc919c7012c362963a785a729303efb51aea9b6b813c4a9dee3b,15,amp,independent,1197,train
fad5bc22bc57a204c4fe2ce672b3f3388d26e99376d81e996d778d2efe924179,19,amp,independent,1198,train
548529b0ce36969569e3f1f2a68a6907eafff89d2fec648523baedab2a04012c,19,amp,independent,1199,train
93bdc7facefb2dafbefd7f0ea47d36fd5de4e167fa1b96a7ef6ad43e944869cd,11,amp,independent,1200,test
05f4d849d265fdd8692c2fed5491e4e00fb1d9734f7d441133141cc1153e105b,25,amp,independent,1201,train
1a7a67c87a57b4417a16f9756d7b744a2af8fd7eaf51ab8c9963f060764c4b28,15,amp,independent,1202,train
7916279d7a25e958862fb3228b0d626abbc8105dc3845a741625c77bbf6c1fa4,19,amp,independent,1203,train
e0029d0ddae6e0f6ad2ce4d48060a776ad08c24ede36c06144d1e93dc13b32d2,19,amp,independent,1203,train
edcd40727907278ab305c35417772e771412fb4c08e8ce8c262355ff1344104a,19,amp,independent,1204,train
75cdba149c5f192d4011010e1fb531f95847762cba223fd97d31b80a4e94d3bf,19,amp,independent,1203,train
86168d508c85ce1a5765ec6b8a10e6ff7003ecdb1f6690372571fd18d8a3c0b3,13,amp,independent,1205,train
bdc1bc31cd6e9eef5a049b7374ba6a96a36b11c95ae0a40e1ec2f2008c89bc82,25,amp,independent,930,validation
b1d74778a81e30f5d30d30ecb88a7ad23442eb4c1353d7adbb0223ad9949f232,24,amp,independent,1182,train
17c6cdf8bf43c77542bd00e0f11e47012f6c6c09aea5744e29d6488b6b156609,24,amp,independent,1182,train
fda6006a4aa448ea7dbbd9142d43eab618ca8651fb34fbe8830ce0c32d6d2f13,20,amp,independent,1206,train
7137efa9e81ca145ddd8baa8e055ce3cb42aaeec928e88b1a80f4a03d9b6d6da,20,amp,independent,1207,validation
c1dad046c6df83d25922d6a2e0af67eb6bbafef24a5ec91dc6ab3ccc75acbb2b,25,amp,independent,930,validation
c8b7a3da189df2fe3d282097a3efd19ec1ec9ee80cd30d6410d570c76a0524a9,25,amp,independent,930,validation
4f65a0d7225f39b3c6e7bacd95fb6e0ddba2648a6e7639c43fffbea7532f4c17,25,amp,independent,930,validation
fcb4afd3e504bdf528eec4b6c951a3a0604a382feaca850161cfa93a121d53a6,25,amp,independent,930,validation
1cd2f20445166d5665a8d11b49d646c2699ad559a61f6d07c0a5c8b3cba87ed3,25,amp,independent,930,validation
9f8422cae33762c3abb4281227afe2f81b441b707281bedb68a7ad78918d8c7c,25,amp,independent,930,validation
9da68209075a6b567eca642b74b18d3d1543bf403c9f1aa6947bbee864095220,25,amp,independent,930,validation
e6a4107c1cf2c72f8c6585ea7e2cf70db797ba9f4cfae9c042c072051b8c3f9d,24,amp,independent,1208,train
5251fd30c16a6b3e3561446dff5c9b41c10cac47a0ffdf1a01b1685209d45b23,25,amp,independent,930,validation
3e8acdb71013baaba21226bbc7be0f57478fdc925b979f12e4062db21888c55a,25,amp,independent,930,validation
8a3c40398ec9ebd9e2a61210c8f1feeafe9b1bf381f3fda929a683345677f2a2,25,amp,independent,930,validation
f9eb049636dd5810cc109b5e830160b88fafe6378c180f795c2f874e8c886332,25,amp,independent,930,validation
5f45edabbee3909e81958570c54cae2c806d27959f6191cc9e19f3f975fc296b,25,amp,independent,930,validation
4ad6209fcaf0cbd952f6097c26e6e9dc44fb0a1e19f78348a9e8a0853ca7ef7b,25,amp,independent,930,validation
387b620ef4ae4251c5682e4c1a13538f24b437482e1fe33a143601cfa8ee2dac,25,amp,independent,930,validation
c3c9f9af9c8509b80e7c79c06f2513990e2af2a97e455bb41113ed3193d5dde5,25,amp,independent,930,validation
6e07e135ab992fe68aad9e5b3540adf717afbaf45de34536affa6dd0f98b1867,25,amp,independent,930,validation
639bb7df94682382a430a33eda1d8e8f25e3c7c0f0f1264eb16200795ee181e3,20,amp,independent,1209,train
f36ad6ee56846feaac5621e27d36aca246db28bf673c9c6fc0cafe3287173499,16,amp,independent,1210,test
96934bb67fbf808636b6aa30ac3fd8a007721e392c9fbe375be91220b1440425,16,amp,independent,1210,test
4b9f80c9d06679cc3ef46aed1e1bdbfd601d1f3385e5711ffcb31992719d5c8b,16,amp,independent,1210,test
117eee45dee2f46e79b4442d79ab6ae1015f063315f35fbc69ea10f7c3e29caf,16,amp,independent,1210,test
6c4291240d67e3b13cd13ffe0afc9e80b60858f51e9c56c4301e4039e7f8935a,14,amp,independent,1211,train
65e4402b97cad259f26462a3d62f99a9d015b42bab9d78a9f05e1a2b131d341c,16,amp,independent,1210,test
ddc0b8b48312f7fdbf62d00569a0aeec6df1643cb3b65187740a14d64168f22d,18,amp,independent,1212,train
000fccc00774514fc082e979289a1db7ff2d56b14a3ec4deb25b917f938756fd,16,amp,independent,1210,test
c868efc166300bc6a20d9d8aeb8954971388894d8681e25ed5460cb158388ad6,16,amp,independent,1210,test
a9a1cb4335e5f3172663ecea0e282eb89bd75e273455c5708baf812b4fc7f559,16,amp,independent,1210,test
dafdeb46225b6fe6c0c9798db3e7b918ba666e40b2f2d7dd3b6d3765d737240c,16,amp,independent,1210,test
49f112b2b4cb7fe01b8e364964af6dc0f8f5d36fc852a08b409ed39f7cc269fd,26,amp,independent,1213,train
a0948b55c2a9d1bdb8793fbeaa7462e31e71191b18819826ae6084acccd574ef,25,amp,independent,50,train
7f37ba0878600f12b0f60131ce6e4ed53c5c18c96d2f0fa25e3e321363ac7228,17,amp,independent,1214,train
4afd14eff59b95f34828bb00bef0d44a4797b86e3ae0ad6593f431232d947590,14,amp,independent,1215,train
af1499df49c85df5449779f069a7c4880b03d347c7bb97d4423a774bb4c9d630,14,amp,independent,1215,train
9eb2742deb2ace4b8226e66eaa47a1087f5e4704cbc241134bf31ed32d0ec04c,18,amp,independent,1216,train
8dea9c82ff8fdd00d55a92e84c4716e7e05e54bce33cdc5b15d1765321760033,18,amp,independent,1216,train
8f8c380102151766f234584b9a06e0737ece03983e9eaf5249656f2d0528f953,13,amp,independent,1217,train
e64faa17781982491e78a00c871ba6db6a6d330b94833a975d0ee2388af1000f,14,amp,independent,1218,train
5aafd6c21926d889f4d1d32f8c91cc439236d9b2178ffa75e9b4676f057d2609,14,amp,independent,1218,train
be1c4cedc98ff1060245dc56ef08c80f39131bcfe129033303fbea3829f98aef,14,amp,independent,1218,train
98cfeb691f9d594c770e06b96c09ccb2d8318544d275add4de8ad25071874a29,14,amp,independent,1218,train
dc3020418a5951dea7ed8dc8f779ab3b3f7c3766813a0537ade95d1f6567ea26,8,amp,independent,1219,validation
a6d44adf232274778f74dddfd525f9aca08d3f5ab0819c275a709dfab7f5e586,26,amp,independent,1220,validation
ab26410be0f3f966c8bb346dc7b4145742e4b7e00afdf27987e5feb80875e94f,26,amp,independent,1220,validation
d24e7357e8130f77078857a9fb0047a37f617ea05642baafda73f29df99a33e0,26,amp,independent,1221,train
6d42e154d3e5e67032451ef3537e75147e530a233e348a81cf7b70979a3ac77f,20,amp,independent,1222,test
eccc7d08b96cfe30c08d904e51e43bc4d22772865496dc896727cf4a4a7035b0,20,amp,independent,1223,train
8513d9b6bc841989701b15d515d6f475104b6472f0bfa4a21ce59d2722d4f0f4,14,amp,independent,596,train
268583314ec938fd12f60db69a869bdd661f082d283e83f72d93aedd37034cd0,14,amp,independent,596,train
62a28633b14a67de82a3a254f270ccfd7754c6b74161d8fc4bc3e389aee9b23d,14,amp,independent,596,train
c6658b78cf971fed581036b4e9e1cb961f85b1ccea2bb76d69771d7c597e75b2,14,amp,independent,596,train
5518991e81900f193ff2fa2583b76ac2749174a428989e67aac1aa568cb6e93b,14,amp,independent,596,train
a0e1f758e04e51c92cdaf72479c228b0892f271f1bc9101264883e4ed2798148,14,amp,independent,596,train
c7c1a00180db20e693ddb3cf4a594aa24c3d9a4056dcd602b2cd84f52b50d561,14,amp,independent,596,train
623b9f2960de10d2eadbb46dc4c9feee6da93bf5beff3e68123d94df008141fb,26,amp,independent,1224,train
f44a38a119667c8763f090aa1ebb90ecc8a67cef5f4627f1b89e04e376db785e,17,amp,independent,1225,train
d4cc0944ee105616757f92b3fbf23592e42e3df77f22c89ea49523637bc33f48,14,amp,independent,596,train
15d60bd8a8f9f7d2b8e83b186c69a126f05b6633ca31f28b2e23ea60c4adc83c,10,amp,independent,31,train
ec486d112403f102d25b802e6f440692bc7c84f21de8c51dada46f6017f10cb5,12,amp,independent,578,train
347291ef13be5bb0f46a162886e96cf95702c097c0432d1d2cdd5e6cd59518c2,18,amp,independent,1226,validation
64c6002f9d622ffc0a42355773931336b7e85cc6ffca2815846a81f1ec2fdfb3,18,amp,independent,1227,train
82be878628a656b3b92867e8d51dfc6a20b1249461b86a69ab626145b041ea46,4,amp,independent,1228,train
a1e72b397fc4910fbbbc75f02bd33435803282d1eb11e5799c23c04db3cf3ff3,10,amp,independent,1229,train
07136408b4722420bbbe0690915dab35b78a19bce1e95a114b4a4b835742a672,28,amp,independent,1230,train
748394fb0f6b8d8130893cc336f5ba1ab47a6a31fd32347e6ea13102e0bcf70f,7,amp,independent,922,train
6b3f6897bc03f6185c7776584c91fae204de7289dd9833db28ea2af7ce06e828,30,amp,independent,1231,train
79b15d20c9ab8d1376bb071c4f7d2eb1cf223006edf9ac61a8fc54eb50548fc8,22,amp,independent,1232,train
314fa91fa644fd4544e31114eca97661fd62b7680347988c81697cf792ec9bc0,9,amp,independent,1233,test
4a663a97d9304f10de52e38641bbe6cd5bd95616b51c10474736ea976b96113f,9,amp,independent,1233,test
933a954234dc08f8ced9034889bc838268f0c042bad30cbf05471206b8f8f520,15,amp,independent,1234,train
33b903a6f22462c83ae761b4decd72ecb51f757bc56b4f9702c177f1c6889afe,21,amp,independent,1235,train
a4a3d71ef565c30786688e24a2639e5deb7329a59bf03d2893821e304927bcc4,22,amp,independent,1236,train
cc98c5ade530d0ab923b37da33faa638c7fcbbc5be118a2e7f20769f2a2649dd,26,amp,independent,1237,test
6d6e97845a14ead2b0a991c823d86bdb52a3bbde698c581694d41edf19d5cee1,26,amp,independent,1237,test
2103ea06d4e864cdaa4ba44b95931a50410e48c64b0c9b465c0dcb3de6be3185,10,amp,independent,1238,train
9c8137aefbfb4dd7129bb5882cc17a71e060738547f7619c41b66a96303dcb0c,27,amp,independent,1239,train
2e30c04886f997ac12f3442a52549c8b589a46ed257f1f09e5fc37eb6e087497,20,amp,independent,1240,train
a5a56f72d504615782ae106b013ba99480ab20edcf7fec2ed7e15f496ab02b08,20,amp,independent,1241,train
e1f6a5b874951f7cd15ab08e5f95d36b5569ce90a8a1e50c4d6c17e10964114f,21,amp,independent,1242,train
961124bcbd7c18e8a004b30e205df0595a8302e094ebeca45cfb13bfcafd818d,15,amp,independent,1243,train
66dc583553c94a7d3e479f0a1d0a8333000b5ae99bb3b267a19ca53677c6c6da,12,amp,independent,1244,test
c9536756f3cd008d5dc3328e5a1232066a630fa86e0b05ab79ff349f8ebe84ca,17,amp,independent,1245,train
944bca93bcb027e5cb1cac423fee8b74c551059673fb5c6d435b52493a0307a6,18,amp,independent,1246,train
b0724ce157987d7e9c64d9efa0d2fcea52d6eafb71559322e2c2a42ac6acf87a,18,amp,independent,1247,train
d9162b200a43c4a5eac7faf35941e7665ad1ecaef0e4aea87e2d819c81d0d491,12,amp,independent,1248,validation
4035b16309daa6f196fc09163f112d8c81cd93f0a263b6b68e2ecb80a024bfad,18,amp,independent,1249,train
d3984c570ade1c02557bc40bca3fc3df2d54ff05c75941341d3b5fcec972d545,14,amp,independent,1250,validation
3431c81b31f63d77e4ea1206c4e0ad81628e69cd744e8d735d91024bfcd8da86,14,amp,independent,1250,validation
7cfff25f1b712b2abb13e2ae5e2a70e1b323b31b34d1015fdd32c72d891b8200,12,amp,independent,1251,test
11d362efb48a084fab217a2133261433de007dcc74f6b860c67cc74390e14248,26,amp,independent,170,test
966d22acb08024ecd14ae8774e0346a75313231f21bcc915bb2c5251f8b32672,8,amp,independent,1252,train
878a7c6263c4bd42f43fcf96f4d440847d46846a37359e69c2c9c7a8aad1e671,23,amp,independent,1253,train
e072eb9b9ae162661b77c3edd34ca455c73b302f08c6e533cb8267f610202886,8,amp,independent,1254,train
84f26c4f2979e06d145b37b8dbf04cded043cc6143c017c6d1674c215a80f3ae,22,amp,independent,1255,train
eb8eaad43e25294d1d319937a7a05cf9dc4fbb0be5babe8d363b36788bbff0b3,22,amp,independent,1255,train
cc49c6965fd42c8cc69e7495e13c029343c10a74b8514db5aec19fa8b2ab211d,13,amp,independent,1256,train
a22adbeaacc7a65199275fc26d086057d314ce3d345fe280cd17e73c44ce78ce,15,amp,independent,1257,train
5c3fe690ae430377fbef0ba8bc8764c12e8fd6e37b21c631410acf15adad357e,8,amp,independent,1258,train
be605b7309c17620e8261f1ae4f3392a18d2fdd542546b1ab8eceab2923932aa,10,amp,independent,1259,train
6173bdcfdbc4d074d10fddb28f71d22fea0f19bd5c516cbec7ec055df2f2ae40,12,amp,independent,1260,train
9156824dc3023e9502121e9828dabd65b35c2ed7e45674692eaa197324d103ff,12,amp,independent,1261,validation
5c1a9769f0a313587c3eb4a0e59024a065f2414aedb1604548ab2bf7fd8763dd,13,amp,independent,600,train
d9fcc8a39b42db1024035a9c00403998c8264ad3f8b867cdc127114e23df74fa,13,amp,independent,600,train
43ff91008903e47bdac8f72e8017d77f9a7549b382819a90d5cbda23c664377b,13,amp,independent,600,train
7cb45f715a1e4678d7e0f5c8aadad0fc5e9642adcdfa2461551a332d9f9ff112,12,amp,independent,1261,validation
0603d8cdf5e01ae76e2067131c6a7b0dfb2eae4066bd0306ad5048f9f383ff7e,13,amp,independent,600,train
2a7e00d1efba73f5d0b2e773c18e4eaeb0e2099426eca897e51d6108c2057efd,12,amp,independent,1261,validation
7c638a81bc6c2e7317397282e6352f1cd993a5df13e1c10107d9de3de3346529,13,amp,independent,600,train
9a3102a918ee806278ed74db672af016a19d29a7587fad532bff45c7469b294b,13,amp,independent,600,train
cd1a3e31ee6ecf955643b3b426b9629154be81b33bcd5c351010a74e381973df,13,amp,independent,600,train
ae8f30dc55f7a2e0dc09794317e96d6f7fa1742bd18712eb346156b2550d93f2,13,amp,independent,600,train
4e32b2e607180e6ef586a09631bd1377bb478d5a653911373eaeceb6ac2a68ab,13,amp,independent,600,train
f64270051229cc4dec5d479bc41275fb72da941e7149d59aa74682a7f3354013,9,amp,independent,1262,train
c1595832fd94193a3e89d7c84e534681334acb7e4faab2da3372a22be4c7a1e3,13,amp,independent,600,train
388213b342d3d9ef6d0690a3a77ba293eda53d4cb74a76365a7eb9abcd27a696,13,amp,independent,600,train
779179e054b74c7d9671654c113da4ecd1d147da54ca6c96aeb52ab276babefc,29,amp,independent,1263,train
2f86b4de6c3017986d1bd6595fb4e5d65c542f866261b25861613bf63bfc90ef,29,amp,independent,1263,train
651eea01be4d5ad14b7630be08964f84b6f7d69c088a699807b8106f488ebe80,29,amp,independent,1263,train
37e22a6b4f98a0c2c4fae57d7150f311d367ddb50f4d02a05671f43ea8f3581b,29,amp,independent,1263,train
e9c0dc934423bd6876638e44566e1ff27cc40b87f3e513aad22b521c069bba87,29,amp,independent,1263,train
50b0e753f7d32eee64a641fea5c669f6d590e2835e9dae6d5d05466ff25920ec,29,amp,independent,1263,train
355c149f77c064e5bebb0a51bf5f378da4a3db45252a927d8b1cac36c19b8cfc,16,amp,independent,1264,train
2cf0eed8ce8516387da1481c4c757233d4d6b8ef754795aefd6efaf403c43941,12,amp,independent,1265,train
dccaa698b0f8248d7f15d6d62b61307ddc65b101c6604bc418e6e13e896db278,23,amp,independent,1266,train
b4ee54f8c2252bd97588ecdf8b798eae2f156c77b3006defd6600b6fb0b3df20,10,amp,independent,1267,train
cb3697902313f9e85b0b52afaeaf4e40a352087d686db37e5e421acbc76ec680,10,amp,independent,1268,validation
fb855d302c4cd0cbba2bad43779119c176864671a1e377799b64814469f1cd99,23,amp,independent,1269,train
8bb04e0052f4a8541e20270caa8bc86ae3182e497029698fe78cae4b97ef2b29,24,amp,independent,1270,test
f8663473c3d3adb634a7a35297bd80378492f0810ca9009b20902b4bb8243a1c,12,amp,independent,1265,train
fa496f3ac4606a0d2492a0f6902dec30b6bfef1f78765576513229e8b28ecc97,12,amp,independent,1265,train
357a4ea4b29565223068e00dd7d07f95e85628a895e14364e4a53ce9183de898,14,amp,independent,1271,train
52b9f6be696b1ac525a629fc56237e64d724b9262fc33399a45034bab7edbae0,9,amp,independent,1272,train
f7f4b85f9ea477311ab73b016a8091999d2fc8df753f25192eed63ba44bd7ad6,23,amp,independent,1273,train
d9cdaaecfc734cd6ae3391ddf7a6114471e9ba3a493e5c8d216a9ed2c1977003,13,amp,independent,1274,train
f56be7086280547355de75feb064bcb71259d51d80965ccc1700b19c32afe835,13,amp,independent,1275,validation
c2b5a7689df532c36673ecc89efff95cf4d4018ed379e729752c795b63c83931,13,amp,independent,1276,train
210de5e920f17768981a5f8ca0d153a5bf960258a897ee905d195954b889228e,6,amp,independent,1277,train
2a1413856d72b79729643de1bd8169d51419ea51fed46f88f294d7274b37d989,8,amp,independent,1278,train
8262412f301a1c609424a718ac514946271a6dafd972330916a38e70046607f1,11,amp,independent,1279,train
7fbb3cc2d9cce6c11fc809fb6fa149b6801603ab43d795e6327b7cecfe8aac5c,13,amp,independent,127,validation
2285de3830c361ac3e0b845abbf5970756372319376e8d717990b763bae9533e,13,amp,independent,127,validation
fbc54ec6b060b56ce74c9191642167fb2fa398fa5b90cbb4989a25499888b277,13,amp,independent,1280,train
0c988debf65c3ee0e1cd37ce9859bd0c8c9af7545b077496ae7f92e0df44a314,13,amp,independent,1281,train
8ca92accf1cf3e031718c25f54c58c89f441b23f10890aeaa07f962b079c660c,13,amp,independent,127,validation
4f5ea17315b8a1d6f8763b24036f8d4af4140cd92bc48454f271af98968479e0,13,amp,independent,1282,train
55caeb6062376bf5941ceb5748bf54014489d4dc0e00ea9c06721f57ab56f5ea,13,amp,independent,1283,train
b5e37c2d6b209ec24453a7d2f5cfa729f4a5dabfff884d8993d7e4f2c3a5762e,13,amp,independent,127,validation
535d906cd6f8399a2d5c7dbff806b33227182d14728705166af0073ebbfa791c,13,amp,independent,127,validation
cc241eeca687e6e23f895b886f7e43646a3b1c3b22d31fd35f7675503fd75a08,13,amp,independent,127,validation
55fb6a641d6e139b9fc09bfdf8ebb6289102c238c4810770becfdb3a83443dfb,13,amp,independent,127,validation
204290204f69ec050ae57cf2b5be5c2382ebb880daf6d9e61241b5383b6b6042,13,amp,independent,127,validation
ddb2a1c9edd3be595f67dd093aa4ca6f55849482b876f9b67946e33d93fbda32,18,amp,independent,1284,train
fc6711750962eb191ecf404328596469c02d33e146656555f20447aab9059cd0,13,amp,independent,271,train
410dfcf41588a6d0cfff4ae89699f00fd931f7daec7c2d41c806781922c28e1e,13,amp,independent,271,train
a6fd5c19cb873905c0c197d05a99cd31803e251b4160d05f8d8eced7cdb60128,12,amp,independent,1285,validation
f96258c70c78025ff218e82700098b847d1ee4caf23d2538cfa9d1e46118da68,13,amp,independent,1286,train
b80d1165f4956f9d8a2c1a3dbd0ea2b89e0f678292d3bda8a353831f69f77cf4,12,amp,independent,1287,train
455f8dc19288fbd7f2bebfe9d272502fbc781096b2b942b4646a0cefe03e3166,10,amp,independent,1065,train
3bd2afaf0208ea1c45ba81151e1c8df47e3aa461cc98b566cbfe7eb2d788aeb7,6,amp,independent,1288,train
3a25a97cac6df4588b51b38481ebdf56edf6931238d061a6b31dea48fcab8872,12,amp,independent,1289,train
9cb60f4c0cfbc9d6aaab7ac03ffa6d7f26680820d9ca30167ec05cfcd4984933,14,amp,independent,1290,train
0a03f3047e421374546aad3c197797ff3912d38348ffdecc0dc12bc3b0bb436b,8,amp,independent,1291,train
c44e4f5326a007c189b20481fe0db0b802afbc84d07bfd30465085f56d6715ac,13,amp,independent,1292,train
d2a1d895f54af25d3838d11946809278b55800e6be9e3d8e877b2380fb25ac54,13,amp,independent,1293,train
5b9af5ca0a62b8d5b22e993547635e461b8a2fe0300acb3ba1af710ef2ff09f7,19,amp,independent,1294,train
82e76d7805e9b3152ca1ca2a0bc6c19ee9dfbd8eeaefedb33ad2fcd4dfb431c2,17,amp,independent,1295,train
50bb385b7e899991ac84b283ea327aef686c97116572b77341c248b874955141,8,amp,independent,1296,train
4870ddf6494baa2bad20049342f9e207e191c45e6d6451d3a5a50a124f83a3ae,10,amp,independent,1297,train
da92a1e425b74d47176e9f6af152e56e05b14e1b7d1de37f709d7a91d3ac3350,30,amp,independent,1298,train
9627529735c1b25ff02d77519957f36315350c7349448974ec6e1dfdb2d9462d,20,amp,independent,1299,test
3620bbc2d8c931cd24b1f4a844bdee2ecc4f88883023d458174fb6a118ec4a53,13,amp,independent,1300,validation
dd6b10c62f0446ad6b9b93965daf876ee3174a6383687730b529c67fdfd7fcf2,22,amp,independent,1301,train
51cb4e8216db91dbbffe52d911a0c3e0497e88b04dfb59a8dc5e286524217d13,9,amp,independent,1302,train
863d465112aed41e3b49555b6107d48f5d423962a490c53d2903aa14a6994f00,12,amp,independent,1303,train
ab8f9f849b442b563796b5f50a775956bd0dd1288f2998d564ead9cca74837f8,24,amp,independent,1304,train
dabf00ba3a5524d56050557d60ea673796a5709d6b99801b35be9081f34039dc,26,amp,independent,1305,train
2048611e04fa822e45933c6fe45c3dda81a34bb030ec6fadefd2d796053ccd81,17,amp,independent,931,train
2dd2bcc960a7365453810021a88f23db291174abdb992a1eeb2bf620f107e452,11,amp,independent,1306,validation
ae974826488bd94e2bdeab2b7687a0d49943af895c431da7921b7ca05affff28,16,amp,independent,1307,train
270b9fe5bafb1020bbba7baf3d6c4017000bc29ef47ea4dc8f00917dc01291da,18,amp,independent,1308,train
a451bfe096434fe14c1dc49892ca0d548c8898abeb721c30173045a49a81f4e2,27,amp,independent,1309,train
04de42b83fba47a8d7ef6fd4e63e6d3fa7fb05f8b9daec49dc432829bedf99b8,12,amp,independent,1310,validation
06eb814dddba519eabe5d1abbcd703c00ac3c25a410a84cf9dc919845394f065,22,amp,independent,921,train
0ecf38975a5e75ca9522a1d5a4106a547465a380fbffa5f1a99fc1053ca66748,15,amp,independent,1311,train
1c985134d75178f81d4f88c428cfbc61a1289c15a39af66ac522e556afe1fdfa,14,amp,independent,1312,train
db553ecaee38567de6d44894fa0f80e6e9b5fcdb4e650b151bb15d9572a55214,16,amp,independent,1313,validation
8ce612ed9658a2c02d51c517d9eb67758f1aa9ee4970d3c138053ccc69287551,15,amp,independent,1314,train
691fbf622b5f50dc72761c2d2495d5c1a1b00a4e9d581d5c29c609163495da3c,20,amp,independent,1315,train
af1036563cdf16ee713dadf60440fbef353876c95b21e99dff48213b01d93029,20,amp,independent,1316,train
2f2957d0d22c208c06002c6e9c2be6e0694602bd6fc237ec463691dcc573603e,20,amp,independent,1316,train
80b84ab0a792b0c30afb8e3183d97f8d39637089a8a6fb01aa34054de3d54c8d,9,amp,independent,1317,test
22c75a8df57171c50d295b3f427774eccb64a291077f99086fcfefcf9ce77ccf,9,amp,independent,1317,test
dcd2bea153293cbe88a7c0d93a106797e54258ec70744d2976840e22a8fe714a,9,amp,independent,764,test
a2699b6bef9e4831853492cb15445b63a4588089de4c9ef7591e60baf0d6e2d1,9,amp,independent,1317,test
61fb5254c53907b665d739246b474961a194fe548186e1960ee3979b6cf9adba,18,amp,independent,1318,train
6ecee2bca55e89f19d7fedc10a880849c52e3bab87d17d5abc8fde3a747cb2ea,18,amp,independent,2,train
285096d3a9a42b9ea753038c9aa9cdf7721059ff502aeca3ab00835871f1e574,18,amp,independent,2,train
d1ac2f636b4a1dabef30a63202a48fd50f0eb8654eb9415c291d5fa4844b8fbb,12,amp,independent,1319,train
30f113d3fc7658639333b9f15ccbdc85731250debfceacb37949d0657ed5cb4b,24,amp,independent,1320,train
68fd5998348585d27547e05e661e7b6eeece279bf9780ac50c4601d345beb4c1,27,amp,independent,1321,test
104f00872879e2c2ea8642ca5b665769480980503c3eef878d15289953afefea,10,amp,independent,1322,train
2b14949c39731cdb00ba6c94e01ff7f9855371d7687e84187dbda0288843acce,10,amp,independent,1323,train
857630c37fe7c24f5f2cf7cdc8d73a40edd506fb28d08e8b0ac6928ee9ac6b12,20,amp,independent,1324,train
599dc253bf0cca288a673e8ff7f89330cb75529ad995f2456062d39f4b88a3bb,30,amp,independent,1325,train
f573f1c48878fbb5362cd490e640a78949bc68ddceb1878dad7ca8343f6af9d8,30,amp,independent,1325,train
18cf96aaf0f04a5450eb43d662960a5307905f5ee100adafab3d7c203d666832,12,amp,independent,1326,train
adefc02fbadaf98a88abfd3532ebde41473a030825dd775221559ef023b7f986,22,amp,independent,71,train
eefa33f548a488440e0209b16640a07833c54c5fe34472a184ca1ab120fa4cac,22,amp,independent,71,train
70cb9eb90b618d3eb59e7f9b42578609b9c723d8a90cb7c678071f16939ef114,14,amp,independent,1327,train
430d592ddf643860c7b17be17fbe68ec68751139333bab808d178fafc428067f,12,amp,independent,1328,train
48f35d3733f6b860abae83dd7222535b0786a83c635c2081147e3dcf3eb767e4,17,amp,independent,1329,validation
6b1f9e8875645847094a4e66517dbc64bfdbb87053e971bd4018c9310cb9ee48,17,amp,independent,1330,train
80f2e994f42be7fc52e14241f36d2c907eabccac99508b564424885ee836cbc8,17,amp,independent,1330,train
b55e3d33a5272879208ff97d66dd81654cc991479daf4c63cb65330bde8e9f42,17,amp,independent,1330,train
c8f5a126d0332a2c6320ca436d452c2986e257f9e43d6ac42a443a9ab2c8e58b,17,amp,independent,1331,train
a9364db1faecf8c2c51abd1fc648f610c60911260c2afe9ac4b0818ebe2b1199,22,amp,independent,1332,train
da8edfabd34e9e6b86349de10e0e11ba4c94d4f2c5920a45c7a823379a751fe1,19,amp,independent,1333,train
55503afc183af21794b136a5824f833c489bb59dd27981fad7d9e6f75602dc39,11,amp,independent,1334,train
25b170c91d524a42d8ca1023444bf8162cb8138ee71da526504f8ed0940957ae,23,amp,independent,1335,train
c325fd1eb866b86bcd114a12b891fd553d0cdbc482bdb56b379741546b94a13a,27,amp,independent,469,train
f5e9ef501807306694b58bc3ec096f522155efaffb9655f46fb97e5efecad740,27,amp,independent,469,train
a62c795ddb623c66cf7052583dda9a59367cdf752b3b75930fa8ddb79fa0d3b8,14,amp,independent,1336,train
7c3aa77887d31d3ff9b159370a2adfa31dc431a0d41fdde1c596418735bf4019,15,amp,independent,1337,train
44203496e5dd73151c1f69f372418e95207134bc45ff64b1600fa0d261e73dd2,17,amp,independent,1338,train
39e9b5c1860c8eedf38c998b779b19081be34fe095658a3345174986cff3b7fa,15,amp,independent,1339,train
33a8ad033a75cf2afcb2c178348b2dd8f5aadb93ddf7d6e7e475d0c4b9eb3fa6,10,amp,independent,1340,test
43e086ac84ba79c5e0bf90c8f2c744784f29d401db191f4d8fcdbd5457623115,8,amp,independent,1341,train
ccb2f09b1bb77a60e7e7c1cb3fb362363aa92036a569940bbdb3c49becfa6fdd,19,amp,independent,1342,train
da0d6d1ecbd422e8641d5248e46187072a4272ae512c738ca9b2ed1a675dfe72,12,amp,independent,1343,train
3ba346f0937b923abc4288929e101d9df39aa33a4570f24c0affdbd0134d5163,20,amp,independent,1344,train
db15f654c30fb0bc9491ffc69f9ec5493e4950a3fecd24d60f65d14399948caf,26,amp,independent,1345,train
8fc1c7abf0a98bfc8de3dedf0ec0f6e2af0c2ed223c2ca346d9386eeddeb52b4,28,amp,independent,1346,validation
79aac39429301eb81e3e96fe7320ff94e22c8db10f0ac292e78c34c314cf59b6,22,amp,independent,1347,validation
8c824ddd97c46a6d6cb26753c5b660e35107d1ee6b523699313f484206935f60,24,amp,independent,1348,validation
9d3d090450d3eac58a2d5cf61ebf9be26a4ed0d0c28934e977ea545dc5e1ead3,14,amp,independent,1349,train
2770b4a2203b32ff1d6dd42d967f3df8645a48b7587a135bf5cc879cf4f64487,15,amp,independent,1350,validation
bdc80b99e0ae9dcef43020da91d49b24a4de7c93df240d360c9ba4656676b61d,17,amp,independent,1351,train
a75a21222b58d654cc8cd0ffbc9f3ae6f0e4842fe4950d142ba0a59e16de3cb9,19,amp,independent,1352,train
657061984b7315aa317b9fd5e15a9e2fa0195dd8c14ebd443130e59ca11bcdae,22,amp,independent,1347,validation
0dda8de29efa0c525bc59114f196057933d4d3d4959e583b5f26db25e7726c1d,24,amp,independent,1348,validation
77e55864a98f390591d389252dd7b463a99e62eabaae4652bcf85c5f40b44b35,26,amp,independent,1345,train
2180cd63a938a8980e188e29cf53f3eff3c9947d5b6417f228d3348158671a8d,28,amp,independent,1346,validation
464a78e3da3de7ce46f0c0e069da0b2d72ff6607d4db82fd958644027d62762d,15,amp,independent,1350,validation
3a608dca06431bc0981ed441ee94d3f8c84a1a451771ec3a5b1b781a3775f2c1,17,amp,independent,1351,train
77eb59dc1cd5557a2458453663b3ed15f4eeb8552ef1922a2f9cb5b2d91aa204,15,amp,independent,1350,validation
177f0a18c0d6b8f64d3fc438f3399d71bd5b84c40598785f0f3f04199b80d072,17,amp,independent,1351,train
38e72f4e3cc1072a740e7fe0f9141cc917afcfd2efd2248d031290bcb18ecfc4,22,amp,independent,1347,validation
6eaace979a166e1819f7dfbbfcdab4b2fd1e63972d00bccedc5f8e6a57916d37,24,amp,independent,1348,validation
9875d497cb5d8cb89667e07c2fb23bb88f0e91f552bf9e76a3262744fba815c8,26,amp,independent,1345,train
f4831545487953992bbbfa2e46c8c5806e7271d750258d9eedbe9c3cdd75fdc5,28,amp,independent,1346,validation
abe24e00cc50d0d9763b31ab28648f9532aadcc94573d951b62b729d75deef21,20,amp,independent,1353,train
d24a63afaec7b2810a810a9f589fe0b3774a299d042fae8c4b642121c09b4c7f,20,amp,independent,1353,train
a72380abc6355071752e5a5064e85ad60a44d04bb9c84bd9121ead6b2512f73b,14,amp,independent,1349,train
a8ac20246aa978afab4ed0ae282f13b51a9add36f70bc9a58e24af26f1a7c5fb,20,amp,independent,1353,train
3bec736af1694544918e44b89f48d1a289e6e000bd3e3f2b033043f88c8cfb48,20,amp,independent,1353,train
5c82c3c69fc531ef373d668b6c69425b3967fd5e1fc4eade9e56f2118a61799f,20,amp,independent,1354,train
bc960466bd02e104c500efa499803e3d4300de3cddff86303c49e070952c9369,18,amp,independent,1355,train
2e41f84e107852cba2bd1775b70e3a8cf2d583e557d658c4d7de0735623656e9,18,amp,independent,1356,validation
71d1b741ae9dd0b38fb96c9b599089303334cdbf30887cbe968acfe1f4379d5b,18,amp,independent,1357,train
c3adb5bd32a9b33270eb6ef48ed2f28b97409b458a079813a0c5bf48215e7bc7,20,amp,independent,1358,train
5e45a51bcb023056605972d7dce804f4ca246bbca91f041394a4bcb3d7516954,13,amp,independent,1359,test
a79576e1d0afc434a106c2224178e5da0cd1061630a7f13db6afa1114b4e6955,18,amp,independent,1360,test
a04d9cdbf1a18cbbefca758678bac986f4bcd3714f03309b06032e3417f3a5c7,28,amp,independent,1361,train
2d2e071470eff78e31bff66c7344ff8aea91987460253097b3b8697f3824843f,14,amp,independent,1018,train
c84928fb12c5c588c5f92dc2126e2754616aead1c7cf35686ecfa493419830e7,22,amp,independent,1362,train
eaa68ca84fa76427fb9267a05a9295c244dea163528f1e30be79c9c225a60e54,14,amp,independent,1363,train
fcef7d58f9af987378986ab3623e7a9038167b9b40ac3d7c52a53191860d76a7,9,amp,independent,1364,train
942edf3b086dbcc92c957744cb62459419f9185c8bb92dd9c08f49a4a0a45a41,19,amp,independent,1365,validation
84eaff49dfa0277bfb050f0c71ff5fbc9c484a7201eb1f90a99a840ec3287554,23,amp,independent,1366,train
88bb48ad13cbe78ab3df68dbe4f7590c31115580cd48e16336a7e02056510ca3,17,amp,independent,1367,train
d8e8fa3f4767ffca59ce605f97293de5a05558c5759367b1f69008cf391ca737,15,amp,independent,1368,train
cadf9d91b2abdd6abd46a12f116a677d00d2d8e047cfed35b2fba88104b15738,16,amp,independent,1126,train
4fec34d80d89a250fef930222f8ccb4c89a6451b4a6aec556e8fa76a5087ac6c,13,amp,independent,1369,train
0875e91f94c9dc423755e5d4c0d3ffa8ed805d199bbbfc554102ac27d10f8ce6,23,amp,independent,1370,train
9994e2748a0f15d47755d4e7f4e9ae456b554b5b69225af2fac0cbee2609437c,20,amp,independent,1371,train
7cbc1de2a52bddcdd242fa37ac0fd7752d98fed323f5144e626f3b8626383042,25,amp,independent,485,test
cbbc4a844dbdcbf1d0b1cd4372de5f91e5e750679735dd5c4ead29b441a73d73,25,amp,independent,485,test
d27798c7fec9b5c8eaeed6f4889509edda56b69d15f4c77f4eea97e8b4f94713,25,amp,independent,485,test
c281089b164ec56848de18180c8cb4a0e8c865dfe65bab50596f44669d8d5ad9,16,amp,independent,1372,train
2497731073550a0f6dad29c7faec88632e7e0bf67f58d987e0b82b4ade7e2847,15,amp,independent,1373,train
8c39a9c765307e2639d3b047ac7b6ab59b5c5fcae4d8234d1a058061dd17bc6e,22,amp,independent,1374,train
2af101800ce30e3b70cbc89e3948dff13d8bf627cf1196aff358e4faa295db3a,14,amp,independent,1349,train
5f1e4887776ffeddcf3d3b6db48e5568357f1918fe376f989f28212db2a878b0,9,amp,independent,1375,train
1579b39d1faac452254a9bc9b5ca866333e205d28ff0908474871fb7b87c44c5,12,amp,independent,1376,train
995ee7fcb007f2b76867ca09eaed74e296b41662bd432eacc960bbc0a6df17dc,10,amp,independent,1377,test
5dcefec610964ab2952310296387b6b7323979305ad82bfc51e8ce99f0169096,26,amp,independent,610,train
922d2967834ca161477b83d397cbe67f5ec864746d2491fb94711a467a9ea6b5,26,amp,independent,610,train
2209bb4e0a3d37fa46b9f9c7372c538059487cecba7555d3aaa36edb83636298,26,amp,independent,610,train
5dbba336cd20364101d23536c6909371046ba9426e666000c20e957438a9aa67,26,amp,independent,610,train
e4fe9a8defbe4557dbab17c4d86bb02748a1c446d9e76b208712162d03376d48,26,amp,independent,1378,test
ff2b1bc5dbd1964fdbb93fe2873e86609c88c539b21bb02e8b309b02321c133c,12,amp,independent,1379,train
cf997d0dd83b5e135982960a317ee15438a71cfa48c2e6d37dee0dce092323fc,18,amp,independent,1380,train
eccf948c44fe684da29b5cde4c877578c439a38062e0735ab24961f5e3c1dfde,12,amp,independent,1381,train
ec6507874276c6097a05e257765dd1909e1f04b88d3eb2dad5a3be59c59c0628,21,amp,independent,277,train
c8f6a5c24e1721e794fe7f0c94b83f67587dc3a6d9afc1e30bd98a5919f248b4,9,amp,independent,1382,train
50f2fa1b65e79916a441dd0540fbe9930e45626015f8d68c6f2b8fb60de87acc,8,amp,independent,1383,train
282488096457b13293694485489b40cb4e4f2b30d2360667ad3a2c6b6e55b052,20,amp,independent,1384,train
39e201dba54384737f1fbc36f028ba6660703bc2203b05655b7d03b4cdb261de,18,amp,independent,1385,train
43d466b24546466ee8cdca69fa809e48187bd702800c6039aa1f05b4ee424916,10,amp,independent,1386,train
4fa2ab0f253b3beb68ba96970b8db6b92ecc4894b55c2e3bba00cabede9a7ab8,20,amp,independent,1387,train
5f948ecdfeb51fd7296171aca5f2e4e46fceae41eefea07eaf6dfa6e3c6b51be,20,amp,independent,1387,train
814fed45c044600f7af348803a7b02905459566223c07b14f9928bc7a5ee5845,11,amp,independent,1388,train
2f869c1c4b07ea2168d9c04f72181e959f4e729d9dc0a54f8d6777f51b4b7763,12,amp,independent,1389,train
2624b5532cd918f14ece8c6f84085f096dbc113fcf33da18d8f7c368f5ef286e,11,amp,independent,1390,train
c98d77ebe8f0fdb63ae1fd069ca733338842db5be6dbbaaa252ca377b41e9be8,27,amp,independent,1391,train
ee1a60c50f15d9f637814f8007ffac07e0828bc76afedcf2da4447f0b1d6bb98,8,amp,independent,1392,validation
21ea9a09283bff95f364a2a11ebb5ce9ba8c17d9015ad6e757638f8149a34258,11,amp,independent,1393,train
7b6f64072345c6550d45d7656e20b500bb94d934c5ab3af09f33ba8d8119184f,12,amp,independent,1394,train
8f5a3281f295131b2f4ff0b3fb608ec37d95f8b94c618d4a9a0e6ed6443dc724,13,amp,independent,1395,train
fcdf406c65ac896e8b528566f16bfcf8553c898f0fb015777c8f7d5d72599545,14,amp,independent,1396,train
d8d6ac42d000fc710c31aab05dc915f99ffad0804de62dfa487061ee37b8e50f,17,amp,independent,1397,train
b8a4ba17506e22db3b46e7226b32481ac6b0c9c2577bedea84fc24780f51f002,8,amp,independent,1398,train
4a30245f82dc9ecc6fa1d614d10f076c2eccc8180289f8896cfdff203be87752,8,amp,independent,1399,train
f8da4eaf386e9976b47a8cc1a274363502aa43bb18b3faae5e8dbcb906b2cf59,16,amp,independent,1400,train
9dbde49b5b697859c5ab0f28c08a015f050f0db1a85fc50297e9309942db1f8f,11,amp,independent,1401,train
7e9b9a1b018a31dc3ec8090c4af766c521fa206ab86d40917c895306fa679eef,15,amp,independent,1402,train
0ccff30f1d7a8a482b70f36bca6546d23781e3bff98f2f1e0875623f38c4a0f2,4,amp,independent,1403,train
b830ec5df81fc3af67148002bc8e1016983b3153f6960b4842e0042c4bc6c986,11,amp,independent,1404,train
75a57bafd5185317f3cb1b1c8e16e2c0f1edf0eb815951163924e73f0df8dc77,12,amp,independent,1405,train
f7a3b4dbe043314aa16c29c1225e9deb45fdc406e335c6a0255476e32b2f5811,13,amp,independent,1406,train
6200b29d5f8a4b52a6d709efb89602c5555ccaa02ca5fa4f93ea41df32c22f1e,11,amp,independent,1407,train
9a02e9fb5196cbe8a9e6ac972fb3f20dc13dbd046b84b598428ce5344479e568,8,amp,independent,1341,train
2a09ebf160955b8a21e369b265b35cb4a96a74fb917baff504b99c04a91fc111,21,amp,independent,1408,train
f2ccceb1e24a7f20163f182ff7578ef352ef44e83125ed5cea72713c41204cc0,11,amp,independent,199,train
b62381646dd045cf090c6e51620d15f4f08238fc9b5eda124be50968b9d91c2f,11,amp,independent,199,train
4dbec861bd47d38531d72f0aa984c5a7a9c139a97366bb1e36c34e25a0ab9ca2,11,amp,independent,199,train
7ba4ba5790f8b260982fa1062380e43e0d5a8fc606d060e4c7b4c1cfe8c907f9,12,amp,independent,1409,train
1635de842e8703890e217d8c800d0db161f2f991fbe7aee940f61caab9de3eb4,11,amp,independent,199,train
b2e862f8542d9ba1029653874e24f46d2791e63d18cf17ccc78dbb234f7c97be,22,amp,independent,1410,validation
84cee3fd340726a0d53d4c255b772df53e5445df38b368fef6bc33c360b6df8c,22,amp,independent,1410,validation
46abb72447bf1eb64505d7b47f924229fa31a4a8b5446e2b2bd25dd94197e234,22,amp,independent,1410,validation
9c1ce4fb8061f9200f8edb90ea83273430b587692ad4a8124b2633d0c04fda93,22,amp,independent,1410,validation
c7ef6ef01576bf8418f5dbdd3562f86756a35586a798d20c00fde86b9b879d58,17,amp,independent,1411,train
b4898197c33daa38913118b3ab14aef1b449404876437543246950e77c903f18,16,amp,independent,1400,train
3b5715b79485edea9ff696bfcfa818840ae4d2ae356708e519c9aa3a555afeb6,17,amp,independent,1411,train
de75b092eb4881b9add7b975e6ce3bd2a623fe0d99d01912a76293ed0f5d11e8,10,amp,independent,1412,test
0e90e380ceeec8bcafe94ab6a21f2f3074ddda681bfc3aa1588503f922efa76e,12,amp,independent,198,train
c447961b2cef96ff143805fff763f4250a214ede97ed16644a687132b2b485c4,17,amp,independent,1413,train
26ba0532e45b8e0cfe334d7ab9d01cfde2c711708f34785c70e9d7fbb8e887d9,9,amp,independent,1414,train
4918a73e4182df2154da2c7cf61cb80536f219c76e89c2a916f6bd93d9d870e5,11,amp,independent,1415,train
80049632b2fbf3f6ac11f588ed6fac1894dfc8d7d2820bff615d80e697451578,11,amp,independent,1415,train
4bec00181760cecd99dd66678ff221b4423a143933375be28a18cd17e02f8811,11,amp,independent,1415,train
f5be5a916d3406e2be886ca65cc5d795a10b4b0c7d9f8c8e8a697e8b456075af,11,amp,independent,1415,train
f03802f8ced471bea4d1aa2b1febd376c3660fd4bf325b2c44bb086ff2818888,14,amp,independent,1416,train
b96cbf221f37ebe9cc73da713a40dac9a2949c76d3abab5692412a27d1771325,4,amp,independent,1417,validation
6b4b4a3046552dbaa797531fd36a9e2d172e4f498a870852764ec826b86a3230,20,amp,independent,1418,train
f614fc315ff8f28222fec6d23c04de67df66ef9a657dafdf823e7e634ee0800a,9,amp,independent,1419,test
dd4714eac6e42b311f8561778f2ceab667d3b8a6d279b943caec4bd43f407da4,20,amp,independent,1420,train
f4697d82bda1049510f55a5a158eaec7b55dd813f3d4a155a10725d2dc615c06,15,amp,independent,1421,train
19f6b6e7b43c966cc120fcad8fa023340f54c00eced55e6b1db31f4cb8062e31,13,amp,independent,1422,train
c33b79a3226e4b0a12ab524f23c1c38d31a1d51b3ba96c0c63b12a73563d1413,12,amp,independent,1423,train
cc952edffae7c1b750bfc0d68920dbb0618eb7c05b4820cc5db8e34aee3d759a,14,amp,independent,1424,train
9d057796ba4fa641e487e9ef648bc3be1cc342dacc7e17907c9d3e4bf21ffb8c,15,amp,independent,1425,train
1a06250deaf8a62865a8201968aa6319528f52e11cb2beed528886fb1162b605,17,amp,independent,1426,test
dd36e7d39d79a4fa19ee62dc2aa4af96e1b7a2628fa08cdc3e38c09434eda7cc,10,amp,independent,31,train
e5617fcd4d928c0ba40c768af7cbd2f3090f3c6c04c874b7ffc51f25de56a183,8,amp,independent,1427,train
4c3bcc95647d760144391ab8c49759bb8622ffe6b77e8e4bb7dd0656a995ecbe,10,amp,independent,31,train
facba607bf38eb2d7eb41b161d2c6256cc2d7e6fc06ed87533984d4535383960,12,amp,independent,1428,train
650b1af8e34eb0f65f3e7ce19f7e18041e936a0af7002c7d7ca0655e142f7d8b,11,amp,independent,1429,train
354a368237fb748cbbbee5336cc7e071efaa6487c7dd56b910efa10dd4d3ec29,13,amp,independent,1430,train
1bcc6bcc3ad0043e17ec9a302b2b7703f5614307951af7aa115ddf4b3bbfdcbf,12,amp,independent,578,train
8aedf5709740abca17590f47dbcf04e52c8b4ddec2ea88a1931953e4c209b004,14,amp,independent,1431,train
276bebad996a0ee2ab3a27933b809134794f5b5d6e336946810e90b3b8dff08e,13,amp,independent,1432,train
9374c97836f3049ed84f11000392090372ba6cd09b517693dba9f99bb407d770,13,amp,independent,1433,train
62d4e4957b4b7fc4f247687459d90f1b870da2dab48b97125c3db8f3f2e6d3ec,15,amp,independent,1434,train
ff2dae763ef6a407210d5e8dd80d82b44ed63a1af1238d1e719acd7f1207cc2c,16,amp,independent,1435,validation
6ac782a20b5e42aef466357a7b93a27ccb2a8e09696cc8ebef527cf1a3f433c7,13,amp,independent,1436,train
2688368824cd27345a5ab5b47d8b3feb2b5a68449ce2354f44d4ac9b7e10afe3,13,amp,independent,1436,train
8fef0a72dc6cc822c69a4aaabad59a74a39eb97978862288f25a646f513b8eb8,21,amp,independent,1437,train
2dae2867228570f9504e7a240d7ce36c61644a27031feb8a423d2833272dc97e,21,amp,independent,1438,train
4af2d91f28f078a0d58889ec84233a053ae03fee6f1fff8bc07eeaa890f4373a,21,amp,independent,1439,train
a893dc5c76b504ce0d70bcc6cc8c5d8331e7fc286d328cc149f748f9a2d100b6,21,amp,independent,1440,train
642effbbc99afd442d190de63e38ef0b6261ced8c273e639b171bcbe43d5c435,18,amp,independent,130,train
4dd740360c5f7551fe9a54cabd567e7c8ec9f5922d44d42093dff78239427fc7,15,amp,independent,1441,train
82f6bd2096f058e0eacd1edfa0f1fe8c58ac75105c870ae422c7ada9284d1800,16,amp,independent,84,train
3053e0a7fccf101599ba267279aa8cb70baf06a53047a61fce593eb72ccfd8f1,16,amp,independent,84,train
23fe60e26da26b7b9a7607deb7ce8213f0f8dba54a9f89ef00bcc45591558ea4,18,amp,independent,273,train
e53e1be7fc58691226e533c391e5ff787e2c79b9378caec88540ec3dc89e5c87,10,amp,independent,1442,train
1ea72a25f235e99eab56dff355630499c31e2fe4bf654831cb3af30c67911d28,9,amp,independent,1443,train
a332f3fd3eadd84c3ebdc81e05c763e74139479fe958cf7c64b74ee9084d2e5f,20,amp,independent,1444,train
7a7dafe7c1eb3e0a006e1284d85b3c805aa87be7026cba05f048599c3703e6fc,20,amp,independent,1444,train
6e2507092cb3fac56b1570e67a1ff4b29555c28086e2d7ee7b49e3d2709f6086,14,amp,independent,1445,train
dac6a4d013d1da81f574d4fed2139fd7be21423789dfb13b3ceafbd4fe38f070,20,amp,independent,1444,train
ff89c8f6dea2bed30a02b4a50ba27c4b617af3dc3fbd4643081825bdfc807b80,20,amp,independent,1444,train
24a2de4deb9f8e6e7f1f3fab84bc749c1c06d0fdb8159313b5f37f160e8e4180,21,amp,independent,1446,train
23a3021934e19e86c416bb0ba5e8e27eaec89823c044151a6d6d28fefbe02709,10,amp,independent,1447,train
8f1741e0bc05c011bfb550a7269515deeb03505e4c9752ece6b94bafd50289a2,13,amp,independent,1448,train
3a27f8c778b51ad8da715097ffcfa3fb98c867ab834ee289add6726c15fe1087,16,amp,independent,1400,train
765519517431e604e6feca7f24b8b96d3095aa3e32c5a40b9b004ca8e684aebf,12,amp,independent,644,train
3cb6d45d3f5f94084f6ed6099a63426d68f758e02d576c72eecf02b8adba74bf,16,amp,independent,1400,train
cdf2dff2bee0bbeacecd8148541783016e6b80bb80344b90a496f97143f1d0a4,17,amp,independent,1449,train
78c240f74e1399d787d8996bd871447ec9e8e0935318d434d1c25da21ad9f297,13,amp,independent,1450,test
0f277d29650b2b60cd70e6ec1c55a7d6d9424e1da66c8e41cea7efa27325c773,27,amp,independent,1451,train
bf551dc74a59270cb4d3b78c86962a1d73c7f7399031f2d1cc55e2994b1968ee,12,amp,independent,644,train
a669dc4709cd1aa8a7612dabe4b1bd413dd04dc255ea21cb15bc61e081564f1c,12,amp,independent,644,train
8b0f91335a25e3e18ebc88465f9cceeb7f348046dae4488b875ec98405eda7ce,11,amp,independent,1429,train
b046f75a574a592f8c4d0f97eababe4a81fe5579331f211a6af721d6260dd808,18,amp,independent,1452,validation
f793d4cf843af412e2fa5a940d6f364df4b22d85374029a72f7bd52abaac29ec,9,amp,independent,1453,validation
9c18236775f31f2b552c65933a9f73444e7e15c8645d90c678a69972b2e0ff19,10,amp,independent,1454,test
c12e250c731b9ba832cbcce4457b1127a40e51967ebd70c3432b5104b12b17d7,12,amp,independent,1455,train
e020611c36c6f53d00b9e2a4dad2b6464ee58bfad33acbfe1f8d117ee0197f14,10,amp,independent,1456,train
10a93ad962401ac65cbc096cc0cea61f2f113e5396f810e5f0a06242dfb955e0,11,amp,independent,1457,train
8cb47e590742f630053af50a02ba6424910e5b0ba6893ad951268df141782780,10,amp,independent,264,train
adf5cecf9f0a0d86c63a48093a047196710703457ab2e580384396f88598632b,10,amp,independent,264,train
07abeb0ce32a610eb82ed9257de74db6451b464cd947d6016c0d46ce4b870f3d,10,amp,independent,264,train
3adfc59e9739d979a9294528bef3444ae77e5ba6752b96cee0733d19578fcf13,10,amp,independent,264,train
e27cbc1b9400d73950bf7f796e0c5405c66e34cfa761fe267d07fc89bba89e8a,10,amp,independent,264,train
7ee6fd0dd006c627ace953e57610639cbd20d76f60b0582b5e40af69388c6c53,17,amp,independent,1458,validation
1d8e0ca7c40f13272945b8410f83d59cbe229848e6209548ebef052b84f668c8,20,amp,independent,1459,test
bfce2dc278aec83c3b1741b6370d4e2f94b67716f4df5a635879f34e3337492c,12,amp,independent,198,train
62b082564ff4a51167c8b876425952565569baa1fc96abcaab087a4f675f515d,13,amp,independent,1460,train
dcf55ed46d5f9f722a6e34fecfea0aa5e6fce19e52be720921c52cc090454fdf,18,amp,independent,1461,train
0975b37a49b2df8d7c26dd50ae477807d52e545116f2262f7bb57ee28dd42fdd,11,amp,independent,1415,train
ca29461b027b120bf440cfef2777c6b73a0f213f00b996fd6f0c98836d14d205,16,amp,independent,1462,train
632aa4154c01655c38e23b4b0d0c605bb4f07b9f02d3adb6851c45a4bd0b47d9,11,amp,independent,1415,train
7417b92efe5ad9200c93ad256d624428292ca8613ba85c3b3d0ff9b80718e50e,9,amp,independent,1463,train
7c43be7b54b3369867e83eaac14ff12d4d975071d4e67eed7411df696d542639,9,amp,independent,764,test
ecd6af365f873af7be0bf09bc45c6fca086d0fabfb75a0048039967aacb798a0,9,amp,independent,764,test
be2878e0be0183f43786e10d5b6ada63447ef3166676c28c5bdd184173e43290,9,amp,independent,764,test
1beac1242f3f566930b5daa3579730071bb2deaf399bb461e0f2d90a0f18f27f,16,amp,independent,1464,train
1c61adce7c4e2c0a0a06427d5660cb60ab636591126b505485bd832949e5cc2b,11,amp,independent,1465,train
7559ae12d59ad396644243340b7d318456f45d7fe4020664c74ae1bdffb813c8,11,amp,independent,1465,train
df9a2e711519b4530d8932144522552a19fea5a433896a7de1435bc433f237a3,16,amp,independent,1462,train
8d4a3b12f709120a85b1794efabbbe3ed72098355569ef6447d8f71b6d924e28,11,amp,independent,1429,train
1eb3525888066bb16b26b6c918282dc25a46ae9ce3d4478e87959fca9d79937b,11,amp,independent,1429,train
0072159b1f5d4b61dda8d0c492033dbf782b2c0c9b32e2cea11de8082092ace1,11,amp,independent,1429,train
55d1f4cc7153d542ea6d5a7a281bdf042f355de748935759ca271400791a4aac,11,amp,independent,1429,train
dca6a3dd1f13380b04721e1b0c305a542cdee646f3a5853879f10026a1fd6e7f,11,amp,independent,1429,train
dfccc5102795f5b0b697303e7222ae480ecf588099c4f7d89e38ddf2856c5d2a,17,amp,independent,1466,train
1fda6290ee0bf7a52557f61e481c4b1ea24c90c3f573bb7573b22b3d2da4caa8,18,amp,independent,269,train
fc59caade716fe2bcaba94c25922f5462686e07366c64c8485dfc81896efe10e,17,amp,independent,1467,validation
e6ededa24d06113dcddd8766ea0ca80696399ac659baf59c10d0955ae4221fff,21,amp,independent,1468,train
bcd38bf2b4af0a3b615ba1ce6a1635e4f610a330da2fdc9eecb260c4de810238,12,amp,independent,64,train
033c944c24a1e85b212a419afc0b4a046d02d4a132dac4b9455ea7cb75e5d32f,12,amp,independent,64,train
637e7b9961ec86afaf4098c17032aaf8787612362de2ef05a82d8e22dd97b66c,22,amp,independent,921,train
90267f150e131043679303c2ef5f7ca97d78b70232f6249da8d2aeafa24fae03,25,amp,independent,1469,train
087812de48ee8d983feaa4e354bf70dce320b8c2fb53aaf42419445fc299ce87,17,amp,independent,1470,train
26dd786389d10390b6748c8faddace111bd88967f090f6667ec48b5f7a719777,17,amp,independent,1470,train
e27f846ab0b79b09695b867524837fe422cddcf2a4c38e46c36a382ee4bd8872,17,amp,independent,1470,train
d89d90d7deb9d4828900995c4aabaebe2f782a10f53173b060fd7c16313e25b7,24,amp,independent,1471,train
b103bf39dc4c7e2bf9e8997c172536c7cfcb6800fbe743346566b0b61c49ac8d,24,amp,independent,1472,train
9daebef29d197c0024427a7cb5f17123690077dadaa14ab3c74d0d37254ab686,14,amp,independent,1473,train
bee571499ef6e085f0c4a22a2c86d0abfd83fe7564567e358ef5734e42bb2ce5,17,amp,independent,1470,train
49dd9f6038dca68a089b900d5e343233f02a073d331b3c3be3b0e6018cc259ef,18,amp,independent,1183,train
988638597da2b460edfc314662e8764c3b50f1404cbfb1034b3c035ea2339911,7,amp,independent,1474,train
f1a5baa73c4d8ba0e6007280d6289615cb6a393b55fd58e653aa35a47208b899,12,amp,independent,1475,train
f66c8f3bbf51f8d810c9af26322fa04534d65b9fdf7b300e04e498a40d418c23,12,amp,independent,1475,train
fd9c5ff23a874cb4eabc750b5d28ee78289d6cd9f2355c96be05372fe420543f,12,amp,independent,1475,train
3b021fec02d3acdd489b12dc863b2ca0ee5ca6303529b780c32b8b64aa46e0fe,12,amp,independent,1475,train
d2bf781ec33cf291d55586fe635455335e9a892cb00b9b2777083ce6b5170471,12,amp,independent,1475,train
7043473a6f6196bef6733f2c264f8624d5f5e2df2dcf7aa314ad957b5a365430,12,amp,independent,1475,train
6d5b250a41b94b20499057f47894635a1c7ad9a5b327725b5d93d6698159261c,12,amp,independent,1475,train
0646510a6925166a6fb9e5e73e9ae4749663085dc62a428845ccfc4eb79a9cf6,12,amp,independent,1475,train
ef61c5cf0afc2a0d7375546cfdd64e9fbfea9cc0bb22061604f1ebd2a207b878,22,amp,independent,921,train
ce4780d52d8530edccb9b551eeec0e51e27ed6576836548403843e0ce5497fdd,7,amp,independent,1476,train
3df14855d4b9c5e1294b69f9fd83a5ffc99d17889b7b9864d35e955bce7d7553,9,amp,independent,1477,test
1e54e4c19dfc07abf9b16bf91fc2871fa532ffa2c644f37c9d577ee043444ac1,12,amp,independent,1478,train
64410342ee19b48dd5cf9d4da2c2242cd585474d8c38de2bdbfeb0644f486125,7,amp,independent,1476,train
81bcdc7aa0c79817bc10de5581d504eeb605297edbdcca3d86a8020194a1cd8d,5,amp,independent,1479,train
eba4f825d8eb14aeb42c50d7d457b4df655bc14b290adb225f7c2cc03e2d5723,6,amp,independent,1480,train
a46035ab901a6e5721863589ecb380f764cfdcf198e11db32d581468ec8c6376,9,amp,independent,1481,train
1b7c70dbbc5c7c0154d5a90b96e18673719f6b07f905c4135f2b7bba5eee4ddc,7,amp,independent,1482,train
7b30ee57e6e60957ec57c699c6ddb8f87b89feefea760c09003b133399d8d6b8,8,amp,independent,1483,validation
96ad1765b46aeeb946a6be8de9f7f1b70e40e255289eb397856e83af65a5cdfc,11,amp,independent,1484,train
a002ccec5a466ca11d8e189d51ac3134c0ccb547bcb515488a48fcb5b413e0bf,9,amp,independent,1485,train
704b28f6531f9e23ca55a41d9d477d4043e8e643d2dec450ae0c689bbee88264,10,amp,independent,1486,train
75c303dbebd851cb0143fe8e01ee32fcf06187bb83cd6ee2df695b72301d565f,11,amp,independent,1487,train
a6a30def3aef6252424b6b10645fe2eddbae35757e0fc89539b47a07b5cf86a4,12,amp,independent,1488,validation
2d431c3fc9180e8630ff69e5b8c2bf6acb74ff45cb0dabc0cca28c78f74e8b31,13,amp,independent,1489,train
703ddc5453dd7675b54ca8ebb358180d08e140052bdc54f6c923b1c9221ae84e,13,amp,independent,1489,train
16819fb41c08e47a9c43d81a70cd208b3f9db8f94a280f97147fb9b2721eddef,11,amp,independent,1490,train
d80604dc0c8dfd176608063e77c0cadb4121de371f8fcfe8a7fa5f18267e2cff,22,amp,independent,921,train
14f5a1c02871685fa30035e96cc09eab1bbda686333f399b92da5759b5f34f64,22,amp,independent,921,train
6512ffb04d840f958e34c1658c01a25127091c3b78c20a5deda3c64af83e67be,22,amp,independent,921,train
c894d3c4ce76137888d6554f9411fcaf53f360fe1da5097a3d370ae0cb11cfe9,22,amp,independent,921,train
43c276889f72eb5876cdcd8a6db832ee713fcf8dc70f0d2d7867e71d1ab007ab,22,amp,independent,921,train
8bee92841e4afc9ac4561914e81e24b81d5695c316c6505b7b2d3ff67fb10a6a,22,amp,independent,921,train
9694ebb1d807ab0100b93b5ce98e8179bcb778c063891bfd30a6d70772675dc6,22,amp,independent,921,train
5993aa32647befbdc2cca3dfe5fdbe7eda9d4e1ce7c489264bbe80dbf98747f5,22,amp,independent,921,train
1c459beec27779b1d5787be01243e712a60aa96d0b4cd61ae6c5d3b2957639ca,22,amp,independent,921,train
11853dd4a19bde61cf66bda74e883eaf8f861e2e46f93d35f40547e66f7cf715,22,amp,independent,921,train
1b3f0ec348667d50c188f72794559b0a7c6891dbed259b3fe0174d5f334ea6b7,22,amp,independent,921,train
391e6a6665ca58e8f460fdadcdf8ab73e89ec620559818553a57f98791e4201a,22,amp,independent,921,train
5a431d2d13cc2176a7b1e0401a2106f02d957e65ed8d70d491344e17d8c93d10,22,amp,independent,921,train
0c3dcc450cd50b37d8554c1bcb9cf26019aa2bdf9f06fe91b51a6cec115f557a,22,amp,independent,921,train
fe7cdab296e027edc6f820950c73e60edb2130996f950950104e62929d231033,22,amp,independent,921,train
b1983556338acfd490ac6f8dd8f00886e39305e4655dd30693ac0463188d2972,22,amp,independent,921,train
83e581aae8ebcd448ceafd185e34d62458aff3581683ab9c0d8b9ab6a462186a,22,amp,independent,921,train
ec1363bc22d3b03115a7f97c44526456f1562b2d2f9170bab8c0d2762327795c,22,amp,independent,921,train
7016d6401f869708f15a4d0aabcacc501d4facafccd15ffcd7cbe32e24939466,22,amp,independent,921,train
de9ef502852ab78b6259c4c3eff58abce966001a71bcfa4501db4df1a2fed622,22,amp,independent,921,train
844a5c3abaa490190f1aaa19c455411bfb3071e0431793524a69bc589e010c23,22,amp,independent,921,train
8af63aa97208cb5a7c0699cd9d1465a8db85cad23d0fd18557753199f8e49d5c,22,amp,independent,921,train
6c7f9bdc7770da055d0248426ea3599d9337dc9048e2cfa670a589daf8f6489a,22,amp,independent,921,train
fd18bd3785fab4e380e012fecaf5c05a01c62f973d9fe1d667c8ee90d40fe293,22,amp,independent,921,train
f2cf68bfbff574e9958e4fc51921013b15067abf70fa8dd5237dcb469fe335ec,22,amp,independent,921,train
45156c3510c65ea3d9b9b5e4adad41b20ca1ba0e66499c1d1428a839aa7d2111,6,amp,independent,1491,train
c51fe2597ff06e7fdf48836e65f53447b0dd1ea7090b7b8a4dbdefd1dfad79f1,7,amp,independent,922,train
d7c1f658fbb92ae94483be9a2cfee553f437218452c0b476fbd494f9c3458401,8,amp,independent,1492,train
2a97c17b93295f8c4d860322af9afab46822a89cd3fd2759d83f9d361f2afebf,10,amp,independent,1493,train
7aac7cd73c17011c20d233039d4295467e76389a7858ba2fba3a76be26bb4c4c,14,amp,independent,1494,validation
233794fc68c83e2000f0b68234613b1a2e61ee4428c5d2e91d62f2d1d3282912,20,amp,independent,1495,validation
7b8290aa7c6a9cc0297ee1e05499f6460234e2a695aca5bffbaf5179fbee8d2b,4,amp,independent,1496,train
b5c036c5a167a89862b982b7e3fde53f386bf32802ad1a3e90e2d1060eeebc90,13,amp,independent,1489,train
39dbddb39fd52e234be942fbd4255b877c65f784f8a05b6bcd9b27c4be345e1c,11,amp,independent,1497,train
7c956cc5149ef4aa0a236c6d2ff954dcf7af4a60041796e29ffaecefee08784e,24,amp,independent,1498,validation
c7f32235ff610d9ac422a39092c07391e5e566287eadaecffd0e55f5d285a203,24,amp,independent,1498,validation
1ebc28244bbfb85bd303e3f154b5c89545a634458edd3d0f8ce953da2c5246d5,8,amp,independent,1341,train
c26667d49d5cf591d96bdec34c84f90ebca2727a38308372c344ae572ffaecd1,11,amp,independent,1499,train
afc2fdb4f356f46e6426243994774a907a2e0ef96742490f68d5f1e570850dc6,6,amp,independent,146,train
f35dea83cc9d4081f16153fd1643a120b2d902e1aff849739efbe1ddf86fa99e,7,amp,independent,527,test
29e31c57a2333c45654fca861247196b55390ce998cdb0839bd052ce40f302e8,20,amp,independent,1500,validation
083695f362010cf3facc6b28f4df671242326a37889319b4669575e70c3669b8,7,amp,independent,1501,train
2fabb0f2c4395253cbfdcb73df743f09b2ee4b3ae451bebb6d6c8a61b1fd6963,11,amp,independent,1502,test
018c76cb8845f37c9cb206ac18fe8f6989e5ca52a0c89be4b3744d50445eab53,20,amp,independent,1503,train
53ad5365a8a3978df45e8501b808c117783fc93aace45e9b6210e8919b3b1978,20,amp,independent,1316,train
1a572b1d1531ddf0cdf049ee04a308543e80324d3df4a64de62178aaccf59a09,12,amp,independent,1504,validation
582993d0d0fec53048e601f29a8446ab81c29f7b6468bf93c60b7c1a861d9d60,22,amp,independent,1505,train
75c1561e639d30859eb2ed44a798931afb84fa751fee4b0c542085561fd3fa5f,20,amp,independent,1506,test
c1399c2a81bfb7ff412f3ae82309a3bbe3d3794724feba408f0b1529aa0fe437,17,amp,independent,1507,train
4bdff25791d497bcc062bb204d233a78744a97bd1b60c2933c049a2924b1a248,18,amp,independent,1508,train
1533c81caaacff3e5c377d6c287aa4a19441b04bf9151fd201857dab943c6a16,20,amp,independent,1509,test
bf6e23c6ad276382c6dc94183043d000b2388782dfe2fb4fbb7fc36a4e782a7c,20,amp,independent,1510,train
a3027733f72379672f93a8e920ac17a295be2e67cc8854a3280e572059fa7d02,10,amp,independent,1511,train
9cd4bf9d80ce1fb8d666e65b2760d4e37c08c1b3177af70c18c7c0f46862512a,16,amp,independent,1512,train
c391baf91edd47d7fe9e497b4f07bf35a01b6ba98108943e8bd6db26f88531d2,28,amp,independent,1513,train
d7d1350a7a0a95c4871e40c2b8f02230d901da30d66d2a56a562813ad6d65f54,15,amp,independent,1514,train
479d18ba70c2af4322afed69b6bf47ad08e91da8b0e73b1eaa987edb7b1018de,9,amp,independent,1515,train
29543edfac0dd5d6bbfeacd0371012a29e73a5b0c260e02a68b9730adc44b9cf,11,amp,independent,1516,validation
7d57e6b07e9735fc5828c2184d920bb9cebdb879175a095e70a449ff6f11fe2f,20,amp,independent,1517,test
27c7b1841dfd121fe04118fb2f9c0687248cdeb5941edd9da680ce5a6038bd96,20,amp,independent,1518,train
5f7aab63281de8c6623347019ef3f43a8112abd1bf7c52457dc4d6036b80ac24,17,amp,independent,931,train
7cd3c08b9a2bc0b53d292094d7df5bb020800e9d38bfbedea7fb50a90e2ed3bb,17,amp,independent,931,train
209cbaecd5657ca964feec697e801bc3cc8e33a68aaa1e78a9356cb174f192a0,17,amp,independent,931,train
9a58a699d3fffa1cc79515157f460930b90c6c42aa1ee2dae1dd43780d2e2cc5,9,amp,independent,764,test
4cd341c99bc6891616989d785853f9d0a3c89e3cef0b1e3bde162a369d26b039,17,amp,independent,931,train
85ee3863146c719597289e010a1e09a0e77eaf15c422c3aac1b02948709915c9,17,amp,independent,931,train
4b8ab62277a9e2c13dd0975234381fc312050718e21552532ec9be77508ecacd,17,amp,independent,931,train
5a09a3a76007011901575bba425fdff479f9b2c964c75ab742437d71adf63ccd,17,amp,independent,931,train
7b29d4528bd9107737ea6c30caaea536523477f266d81124570d663bc22e6c89,17,amp,independent,931,train
b62eb7bcc244df3d869564fa6b75ada442db6176fda9ef2378ae86d74a289ae9,17,amp,independent,931,train
f5b58966698bc9ad9cc83eaea8fafef8fb63e41421386315e5b2f69e4104ee30,17,amp,independent,931,train
1582314de605e6120ba0444abf539bc5138dcc55ba2c16c0c5d133c1546934d9,17,amp,independent,931,train
feef235da712f7c39712e94579e67263f6b160780bdf976f7f8ca9559ee138d1,17,amp,independent,931,train
e2d32a596e1afde249ef98c64ce95c477d694ecab4d400471036f21750d31ae7,17,amp,independent,931,train
b9082886d3158843fe8fbd1f6bf8d1c6c173fabb272197c1b033c13b669f7143,17,amp,independent,931,train
2cac010f92e98b43a28f8c8cde2264335e9e04c9eea83b509859ff60f1108363,17,amp,independent,931,train
897b8241b99a73450e853569bd30f414912eea8a4c032630e3065f363ecc3154,17,amp,independent,931,train
5800eb38388da0093cfe1f6256d2f886a09220f7f7006fb24b501386e7c7b5cf,17,amp,independent,931,train
5917a35ed047bc42783364d46419390ba319a506a905b81f230d670b9f0b4831,17,amp,independent,931,train
6a4cc4dc6f6a2597d65a42f37435afa7353b84d903c748f0ab35b58f0721f888,17,amp,independent,931,train
850ed37f857df4bab9a96dba53ff34b226c65115638b3ef05a84c4aa3bfaffdd,17,amp,independent,931,train
3d80a1e2ffabd79ca7d2ad1d7bd0cdd73e156d3db450fa6addedcee424812503,17,amp,independent,931,train
dc42b5b1508883102f8bd2f8f382191554d62d94bb83685657a6d8c6d9174c95,17,amp,independent,931,train
a570f1860fbee33b2446edc5a63ad79a2e681612e9b3812b2d2a9a121d3fb1f2,16,amp,independent,1519,train
14b2a111f728b8d74ad7996fd6d3d7247e7ac460c44e2bbf37fc6edfa1ad847d,17,amp,independent,931,train
65714e88373c1c017846007aad98db7abf8f12a24bf0a38a3ec6be596d50db15,17,amp,independent,1520,train
2f81e1e6f66e013d2500cf98b000f416343de87abf7b691d9deb47b868df5d37,17,amp,independent,931,train
e79450924d96a7a1c94919093ad5956f95fe679dd631bff5f596b236df8da3f9,21,amp,independent,1521,train
bdc23f4811876f648f5e52c1d2aa453d89f5624ed9a434e00e0680d107181bea,6,amp,independent,1522,train
9aefd8e1655a7e70b960ae7090cfa1647196b4a138d8467adc8fe3f805504a82,6,amp,independent,1523,train
2508bb87bd7bcf86831854a0419e2e0c4a17074c710a63b3ce6dc4eb90f5c88a,6,amp,independent,1524,validation
55f48d865912babda2b5dcdc5ff314eb4e2996b72c64e8a6b7cf57632aa1b6ba,13,amp,independent,622,train
c6d41d9c5ec707ccbb7b8b534ff68621173fb6783319873ebdece27977863997,20,amp,independent,1525,train
0f7791dcec71c7439a53bd37797d9cedf68754f793deeaf4b6d15171816b8c47,21,amp,independent,1526,train
405057666d8dfc8df76a4e568dc3236636f629a41160013e1f3386030d7fdb4c,12,amp,independent,1527,train
c3c288e4717f75144a4e84715a1cb107668639b147c91fcb0497f4b6df372665,15,amp,independent,627,train
85bb5014ef075a851e7bbad950b845e50caeec837e33122c79c8edadec97a12a,21,amp,independent,1528,train
e72a77734514fffa9b55e619b40445a00bf6665127beda78b47cf07b1e0e8975,23,amp,independent,1529,train
cd91ce32fb8b412cd06af39586ffd8946d599ef619ff5fb7b1364627db0b062a,22,amp,independent,1530,train
a1e02b533c1425214fcf2a59e2dcf06bbf4d842d4222332645d404c6e665b8ff,18,amp,independent,1531,train
de569ac36ad0b552a5f7427261931d28f1b4997b7899297181791d71f2dc08ee,14,amp,independent,1532,test
3ad372e45e2f89059e1972143ec2dd300353eb5cee0609021336a625edec7458,17,amp,independent,1533,test
042f93d2856c79664a2edba501260bcedeeaea9d0d85cc571dd4f93f3398925f,24,amp,independent,1534,train
f45c9d072075641faa06e72844cd778122ac2b61e118037e9e1179a6e8dbfdaa,15,amp,independent,627,train
9e5ad5e61f064d793cc3b7f8834152ecdad7fd4a76852713d2f6a96e0fe4cb25,20,amp,independent,1535,train
22757169724056ef7959b73054c835bd741ddc91f510c30f048d245e4949af98,26,amp,independent,1536,test
bba8018caa8ca7349f3a0c5215b1c7b5d36bcced310d6cb54a867a74e2b4f9fa,9,amp,independent,1537,train
0d0b2faf3e79fc0ef9bec4ea9814b6ad54e6b8d562aef3b73508d315a60c8daa,26,amp,independent,54,validation
148b17c8ea190e1f9bb3d8e061791c251a0e698989dbe2044955709946cd40e9,21,amp,independent,1526,train
c3d686bd0b5c8d07c0df6428fd373419ccc26274e6e6b07f6e6a34d6e4498309,21,amp,independent,1526,train
694a90855caedef22afe3e1158f4feade96d4d3a54df07d78cd4cd00d576010a,21,amp,independent,1526,train
d4eb23b34368ff3c1cb683896c24e60cfebc7779ad2eb651d571c4877eb91d06,21,amp,independent,1526,train
c74e1450f5f0efbd315719fe49be558d5fd44443a8fbee4b461bcd06440a71e7,21,amp,independent,1526,train
7a5ef18f8cb0ac8c88c44396f85ff0739445506306d18bc0ac7590b90649cae8,8,amp,independent,1538,train
4fb48d8e7300f64ed956d3b71337558602fbfd15e993e634e81dc1a6c840600f,12,amp,independent,1539,train
4d769792ec10ef5dfb2d05d9bc6c3ef365faa713aaefb3c43bbe8f5d0674f807,11,amp,independent,1540,train
abf6d2a971d4c95bac0fef12a15ff7cef6047e8360c35ac2d272234408d0770a,9,amp,independent,764,test
e6d986870b24993652ba547845059b1c929f456f4846b4b2d2a3a34768c5cf30,11,amp,independent,1541,train
df0a3810f44e65fdd2a446b055005a3290f307fdf773d9e70bcac94edca45615,9,amp,independent,764,test
78c6a58654870b9bc80adf46637488eb17aec034e2621d3e64133642af1be1f2,9,amp,independent,764,test
d6fd8b0a383d8cc677ab0c11ba5be0c7c10ca4c5bd88d7b8d2d121cee9dcd9e3,26,amp,independent,1542,train
1e43fe95f4a65e3ac971e9c6388dbe5451fc2751f7ceabd76c546d77060949d7,20,amp,independent,1316,train
4d8492e8120a3d86928b2b4531fefafe80fb657571d104d096b2257a2b31afd0,4,amp,independent,1543,test
b2d13df379f1ef65601341e393d1d23f8f53c31a3c622f3eb3f292cc6a90b463,9,amp,independent,764,test
cf0493922c5c47b0eed9b3e5938b1489960c7a4888ad650c2f56c50622120481,9,amp,independent,1317,test
c145f94711279bb277af895a0649f13d184fe0b0f72a237d96651d522bdbfeab,9,amp,independent,764,test
97b5586c7d0f330e594e4bd7eb759ac01bda0cbfd8d19aa35fe207a5844e0c11,5,amp,independent,1544,train
c9e3243d7fc71d1434427fdce6dcb520d502e5f1dd96efb2b448c5f098b22dd0,9,amp,independent,764,test
8f8c18cbc458912be627c1914aad11e386ecd8abfc797b74b001e1a0e2977f10,9,amp,independent,764,test
9a9078c04c703efd6e8b0e569833948cb3a91d83aea9e80230153d94dc6529bc,9,amp,independent,764,test
39552c6b8950cde49a1f615b3f848baacd1af4054f34aa92a83506ba48054ec5,7,amp,independent,1545,validation
ff18cd6504ebbd4d1a48b13add3cb532354477b135c5d7f8caa386bebb180bfd,9,amp,independent,764,test
551de56d1716bcff55d5b57564600a32d23dd71fa775eb228db006e07fbf66b5,9,amp,independent,764,test
356fad8a6b18fca23a7f1eecc972f64439fb82c838dc561775b7dca61538c823,8,amp,independent,1546,train
f0272f51c0418b5d3c9a9bf9deddddd0bc5f8423d3acfada5e5e0c48d35e038f,9,amp,independent,764,test
6f586fa5bb270fbe8f89c1a6bdfa47eaa360837bcd8a840c4a55a7d8677e753c,9,amp,independent,764,test
a3b00e748384a9b7e4e6e8c08c051d8ece9470a03099e86cab20a780a5999067,9,amp,independent,764,test
8e1fdf61402fe4862fd5fb2d7797d46dba47a268921e6ff7d78d83e691866ce0,9,amp,independent,764,test
51d14c618e23c42ae4e529a06727c618cc4e201a119561917cf01a896bc2defb,9,amp,independent,764,test
87f2a0ce7558ed83908eaba01d723dd33d1c92157f0ee6158b95b1b67553c636,17,amp,independent,931,train
eff6886536b606ca6671c7f7e7ed79dee6c8b72d0aa1f0af29e718e62c181b04,9,amp,independent,1547,train
7d7f65bbb2e4b329aa5ea7926201a30c51072823e5c9e0eea999b9369f96c9c7,16,amp,independent,1548,validation
00829ba8c0733e343c439cb978f3a584955a1f98a80682f2de91bb18747413c8,12,amp,independent,1549,train
9278934ea6b0637b191210d4cef0eac956a2a15fe060251b5a3208b658b2551a,9,amp,independent,1550,train
a0e791c07746ac593bb766c859a5e85e3225826069ee3957d15f63bbb8f4d14f,20,amp,independent,1551,test
68833242af058529e88186eacc11d9fa9716c653f7859cda6a45039546bcc858,20,amp,independent,1552,test
2a62791e0216c86f0841ad14398e7a9771c5fc6c994c002ef96017555311cab9,30,amp,independent,1553,train
22aad34fd5a4e475fbce85778a51cbd1f607f76681e62f6904f37188398e4f59,20,amp,independent,1554,validation
01181cf418a371a62d99a3d5c39c5fc2c650980357a863a67ecc90a021cd3e30,20,amp,independent,1555,train
c64b8b5c5b940f57c8adb93d406c2b4c0dcdc7ad48659aa0c97d87a5e3160d51,17,amp,independent,1556,train
f8763bc50c4cf1953e25ede2ad193f478404e86aedd0dc7afb538c7c225d137a,13,amp,independent,1557,train
ec691b1b9ec96554a422262027e352da7b6ed42f59d326413ac7804eef723b3b,17,amp,independent,1330,train
3721e21c146316f41226f0c1bf4bf819ec91fc8a7703b5ee36dce8589e8f7c56,22,amp,independent,1558,train
c4849c57e3bda901988e326711bd8af3e7697697e86286be6bf3e2fcbdd74ac3,22,amp,independent,1558,train
81ad243ca98f1c832fb88906d6105fd75b366f81267835684c4636da97748ecd,20,amp,independent,1559,train
395f4cff42c9a89e958912a7d73de9d2e87e83b943bb845ea91298d7156291b6,24,amp,independent,1560,train
33924cad62caf06215bb4d7a092c55310dbecff9915ef54eb5037d1d5458c0e8,9,amp,independent,1561,train
b16d7178cee4e1b6a8614ce70c5c627b0614a5f6dc113b0c58cfd164c238b57f,9,amp,independent,1561,train
64cc62663292b094dbfaef82b7bf143922178d999bae18ff78d5246ba9e5bbf2,9,amp,independent,1561,train
57e4dd69000d390c2d6427954c16519c99120661a2d1d654baaaed9704ed78b9,22,amp,independent,1562,train
207b0d460a3e4e6747406a653359d4692d1aa3aa086a853c902cdb0f3b843411,9,amp,independent,1563,train
156b10901ec8241c0e0a042e89483a05926ac5536dc7261db7ab528200f3f767,19,amp,independent,1564,train
8c22d756819cc744eb01af88113492f245e33cabbd8e86bce76f7314a7e332bf,5,amp,independent,1565,train
925d1610c0c77128ef6b04f8bbdacf3502e47fdf0eab490addc2471d193abc6b,20,amp,independent,1566,test
97dd29d5e9b3d0c3f60ba6bcc028ad40467fc79fa2193535240a6db14d734f84,14,amp,independent,1018,train
158c2db60f8484ac7f9a7c99de0414a9db3705a965df4ecc3f838849abfdfe30,7,amp,independent,1567,test
64af7cd3f0913a3e51a3bfdb9f394b4990bf7bbac3ed40afb83f6f77314cb6a8,14,amp,independent,1568,train
3724488669dfc7bc27566393bf63f102830047903e308808c7aee7c45f1abc1e,28,amp,independent,1569,train
a02bfaadb38be9b492bbf1c430f9622cfc378c4701aaa62d6b5b64cf5c5cc530,17,amp,independent,1570,train
ac5528378596e72c2b2022de40454d7567f2fa20c5ab732a5a0380cd00df2cc0,16,amp,independent,1400,train
c8501c61ac072429d9d593ac5fb58b229da18369f173862912529452a0535a16,15,amp,independent,1571,train
52ebd01912f44814ba78de4ecf2a615e82b18704c5817e77087ff41da0ce14a8,17,amp,independent,1572,train
24782eb844fdb269f20f7b2bf577ee382fb3724275c859fafe680fbe543be6b2,15,amp,independent,1573,train
15c63b9936b81e54633ea812460599c0e17d43bf36c16c8c8d7ee45ed07828aa,16,amp,independent,1574,train
49c482f4634ac44db718499b54813aee2ea0218c8e1454f1187995c97a36e22b,17,amp,independent,1575,train
cd758423ac4001f5de77c83da3a662c3bfb4f17e9fc462c5ec1db10366b4e2b1,17,amp,independent,1575,train
83385e9dcbf1c38a0efc1557ab726117683ecfeb5cb1c8442f200892656125c0,17,amp,independent,1575,train
67e684c5ae1e8bbf998ffd389ec5f5331ebd6fb4be400a09f4b27d6747438d26,13,amp,independent,974,train
5db4ed2a710953a7e5b3a110fef683bc09052699e051413c34f72be83561206f,11,amp,independent,1576,train
ee936b11610f73abb22ec585e0739f2022cb24a2cd6067eff8eee5517a1a3a10,12,amp,independent,1577,train
da1b32dbd62e8fe1ba612395ffec66c7118a33b0a514e22279ba8d70e9f7abb4,17,amp,independent,1578,validation
f06daa92fe5f3ffcc8595caa855fcbbd97d625ad7c80685f0cb42a3fd41e3da0,16,amp,independent,1579,train
739b5128d6bf39569ca4772653eb8eae239cdec8c01f6590ff063803e402111a,16,amp,independent,1580,train
8b587e955180a9553745ef5bd43c1c786f5c23b48b93b074aa87ee6e301246a5,18,amp,independent,1581,train
9f469e9034b347335cd6a1a9601642ab89572699aab4bddb72f9e27cb1666773,16,amp,independent,1579,train
a72ab204e22d7dee1631c4e2040f07afc93b6807e539cf2ace04805915712cba,16,amp,independent,1579,train
e4ac15cf56caaa67cfa75dd91edf82bac66ae2a5cfe9ee05ebabec15923f4b5c,16,amp,independent,1400,train
680907e40cb8d89844ee90c7d2a50101f6c53af31c91af9d6ae3a06bce7d6730,18,amp,independent,1582,train
a42640709cc9723a229752f1199c855cdad144d159ace94d5d7b150ab10a2234,8,amp,independent,1583,train
82128ce31757582f69b9fb157dd5a9153eb010926426757c8efc4bf77248bf03,10,amp,independent,1584,train
f55f140bf9a1c3c7596d87d0a68abeb32e72693b55ba97e54f7795dd54b31b2e,16,amp,independent,942,train
e03a5856b7d3d7a2f2497923ea35a2bef7f54eb53d488aac01c5581656965468,16,amp,independent,942,train
33b6872a0ee5d563d1fb904be32fd18482b56b3edf291b799c70d888c9bc62ff,13,amp,independent,1585,train
48b2d15940298bc26dbe8fd35f6df62ff1e3c28b879da1ef3e93ca9380b67c51,24,amp,independent,1586,train
6252bc7d34645040d746ef49fb49380618cd1cde623680e7fa2524deaff3d278,24,amp,independent,1586,train
d0d2e3cfa19b3ec7589da72db976c2a5ae8f9fb9bd043b7f4adf0ccb2ca0c203,24,amp,independent,1587,validation
c562cacc5c57e976ce7d2e7bde0226f6380e8e7dd7ab503f62c5c3d6fa6387c6,24,amp,independent,1588,test
d15462be5c9455dd7c684eda6b6cc2435348fb5619efd6e9988b2d177962dbc6,24,amp,independent,1589,train
b4d9706fd63c60390869c94780cfdd3790e0ec426d9b895d653d29c1a0457fa6,24,amp,independent,1590,train
e986cbd3a8848111360e4be9efdcda75235468a6fe96f456860928fb94e2f01e,9,amp,independent,1591,train
d8bb35523e85dfbf907a8c40ec215b9a21469000527c6ae5743c29bdd6e8ce49,24,amp,independent,1592,train
aa5de530628d5c6480c266510eafa6063454ce3187d13de887cb69a045434c18,24,amp,independent,1587,validation
e7446b2c43febcfffe52898d2b995b9a25f2bee9d16671a60b66ec5090431269,24,amp,independent,1586,train
a070cf30a166a9c60754f64aab6c6578775d46f332c8df57db76b1c466e34f3f,24,amp,independent,1592,train
3a7731340d1dc78e56aa1935b52264824f7213fe50e66b956485813ed77a85e6,9,amp,independent,1593,train
4fc78328cc10cd31c4e18d411499bdb4e7020b12db4eed64dcdd4aa4a38e2b5b,18,amp,independent,1594,validation
acfb6fbf24e4490c56454183266f7b1e4e5008e91e67a84915b034b184078386,14,amp,independent,1595,train
592f418fb9bf0294fd0afadc3be7a4bf57828516f3eb51c675becc8cce217c74,16,amp,independent,1400,train
1007e59f607c273e1d65689c086aa534a58348f1ad5d1ac41a3d755668d68e0a,15,amp,independent,1596,test
555a57b85a919280eca06dbe690e5e23156659467174a3fd99aaf4bc9f43c744,16,amp,independent,1579,train
1bb273811a416fed94bb2a2c2d22f19748a7c1100d34f0c1f7a42fb2e13d7e92,17,amp,independent,1597,train
ad9d02f1fdd5fbaa9624f10bcffd17fdc41db58d07da6a23b5f076e4de6a549f,16,amp,independent,1579,train
41fef58d21ae8c23277ec3d5f2582c6b51c5e55e4ffdee265bc134fdd97e1cea,16,amp,independent,1579,train
c934c75f31ad48b18f837820fa99d389d2381017551c85689c9c3bce3088b953,16,amp,independent,1579,train
4c86dbd53a5838fcabdc4c5ae155e2e78e608945e3617b7cba5ba129bdd20f4b,18,amp,independent,1598,train
87f62329ac4c08cfe67fb75374e5fa2042907025160f14ee1e29fbc74b5e15f7,14,amp,independent,1599,train
c9fb4f08db697bd66bd33ecfaff75e1e294b367d1cadae197c2b3cce26d630ce,8,amp,independent,1600,train
f9fa80fae799c1483901126bf022354f5e8a3ae61c7eda0f49a3a5d33887b578,24,amp,independent,1601,train
5f709e04e76b31f697a825401c1f33e64c486d51896c71959a1218617f357f40,24,amp,independent,1589,train
3b7adeaae1f1830b6c25ef24b06fe2586354abb5fd63cfd13dcb067ca418a548,24,amp,independent,1602,test
e4e6b128b32bfffdd3fd77ec1edca5f54953786e6cb0a2a8aaf33bd099433110,23,amp,independent,1603,train
bc54cc77100303624623885b2070fe29096d785e384fe1ed0b5bff65d5fd6fec,10,amp,independent,31,train
62e8cdbbf9e9f2797ad0b8e8479378944ce0ace2c27a5e3c090d5576a2178e64,7,amp,independent,1604,train
8b9d4ec9e6a0419a1ba02db6621285aa23f68a7c470b92f22f6bc326c635ea7f,9,amp,independent,1605,train
de22edb3f0bbf5a0134e2210ff70d8fe5beee7cc415dbd840cc76b417709eabf,9,amp,independent,1561,train
a5f4c6e33edb7af7ff60a7567cc51c20bf001dff5d43d58e378b1fb86c766ed3,9,amp,independent,1606,train
01cbd8353c7b50cab2de4a8a7adfb18f059b82149d57e202ccd460c7ac92ce84,16,amp,independent,1607,train
b4aae42616b3a05440739619246a9863714a881dace771f3c5503b1528afbd8f,11,amp,independent,1608,train
d9c54b804a86a4126e45a5a9a66b1c4260d7b6e2d30ace801221c26fce57ddfc,12,amp,independent,1609,train
8d571b3c17e6b4fc62449083bea1e5a4b06768f1a8a93ef5e241636b366c6fe4,14,amp,independent,1610,train
3baaff11cb79c9b354e26f95bd5efaf7cee30574efa88f1695839f0cccd76530,12,amp,independent,1611,validation
6ff03808ec3a8e699578c9350da991192994bebc845f3c352443088d996c5609,12,amp,independent,1612,train
f06c5ae75814107576375128549785cd08375c7ca83369cb6b1d4e055a8e5966,12,amp,independent,1613,train
cb455ccd0eab518175258dbd49c8b7b8f656b816333c18e2831e5a93cd0c1643,13,amp,independent,1614,validation
8ea5de35770d34946bb3c54ba9bdfb4c971ad375956873c22614fb3c307004b5,15,amp,independent,1615,train
d32ed1a9643b6146e879fbd381da2b0e38bb511bf0eb289f7629d096ce16bbcd,16,amp,independent,1579,train
a1a8e32f8dd45e51019daa664476ed0b235c45ead6f92073afc9b1bfd325dc54,13,amp,independent,1616,train
fff84124f630c747da45e0865326b411571bdf796cecf39dbebbae641b9dd227,12,amp,independent,644,train
fe5dd7513507df7f600b28bb6d81afbff7e0268c028dad7a21946cbee291ac21,17,amp,independent,1617,train
c697c88496a3f62ab8aeb3039d537a8e8a3f575396ca98ca018ca80b57c46819,12,amp,independent,644,train
49928e02593eff4c13b9e019a1bb556c702947a9eeb5a057ecfa25ed2c38b447,10,amp,independent,1618,train
0cd715a454ff83e7a3d5624cacdc28daf33035c6c72d9b5f66cc4b06b3b622fa,9,amp,independent,1619,train
5e66fece6d49e3eff3655195f8f34f1d913b3178a7f062557dc05bcbc079ebfe,9,amp,independent,1561,train
a48c77fe1d91f2ed14aa1ff3cd4ef75c9ddf318a891326bcf2ae9969896deb4d,9,amp,independent,1561,train
d240f86ae353e0f181f79a88f0b63015f23f132d42a6eef28ec4751dfba23447,17,amp,independent,1620,train
aa0cc1b16a525e2ee0b90a0bcf1972751cf8795615257df6881b280a7de20876,15,amp,independent,1621,train
05fa8fbc9e83ca4b3c885329c7bf5d5e8f8a6cbf60e73e9e14f99573d3d388b2,17,amp,independent,1622,train
f2228c3a41a1898171edf238853bf338d996f4278a42396ddd64ff7a2f31ef0a,18,amp,independent,1623,train
bf0fced7324bf10232eafe3d522094ee3c95c57a7454764b869c3603304405fa,8,amp,independent,1624,train
86a206653d354c90d6b285a3514d5c949f568da454ca15a8fb9e685987f55906,21,amp,independent,1625,train
2924c2ff7eaf804cc50442edce03786b1e5a652ee0bb9a8871f68f07fddf893b,21,amp,independent,1625,train
7ab91ac86a1298bf268443556f16f3426e093e1f5ed34812fdac65687964b889,21,amp,independent,1625,train
c3876cd1e7e870b531b5b7c3b3074011d13b1ef405f43b13395b9712406542f7,9,amp,independent,1561,train
da179310449a217d29096b9ea60e6bae118e58bd5d29f8997fb67dc68d5fa38b,14,amp,independent,1626,train
f9af074cba2c8e0e213752777ea638914a21d6c78dfc3771bf4102ec0b36421f,14,amp,independent,1626,train
30a0768fbbbba15f3b18042f9da27e31cd70b692e47e328a70e8b6a00717863a,9,amp,independent,1561,train
8c46e0fa0eeefdb3a3949bdefcb4e15dd4f4ad82c02ade0bd1def4486f3eeb1a,13,amp,independent,1614,validation
2ad2a521c1ff7cdb74e4375bc1266ade2012b1f7f72afb81fdace8c097530f74,15,amp,independent,1627,train
cddeb5d2e5081d93802b05ed315850a363c7e7a8cee4e5e1d6da3830388354d2,18,amp,independent,1628,validation
f9611a13c96da9a7d24bade40b69e30e02f2d0a9d0cb724c91a8482c3eed4e28,18,amp,independent,1628,validation
0a6cb99f78c537b5459ad216ef877440ed9447fb22802f4d8b9a1a60c81bc0e2,18,amp,independent,1628,validation
b313932afbbc8d19765554b2f2114a14ac092be3b6cc288631c337634de4d8ce,18,amp,independent,1628,validation
ed92f8954600fbbb38c7df7e47edabd98e8c83acc7d2b8732cbb8067dbb483bb,18,amp,independent,1629,train
109f00dadbce463b4b166cde786a3356d7802c717ed8019807b69dcd526e3340,20,amp,independent,1630,train
8638b349200f06476237217fd3441a1a2251f12ec4ed5d84431c3789f73aeb09,20,amp,independent,1631,train
03c4559ff2f2d82bf7c886cadae556c7cc3d4dd9ca97b0598835f325ef363901,15,amp,independent,1632,train
e50300f201c08f2d8b817d2e1f097665d025e3a3a31ecb6e4ce68854cafe0563,20,amp,independent,1633,train
6830c08c11cd1d8d8b28bec605249dc96bba3a5e26b607604152e4dc465b1b73,20,amp,independent,1634,train
49a5e5905a2530ba027dc8f41415477f3205442bf2e9250c3e4dcd01407c7672,20,amp,independent,1635,train
3b470c924430c30b19d1ec15afa0fc65150bb596556bfe73364024b248b5ddd6,20,amp,independent,1636,train
7c1f381058524aa54821a7fe069b7b64a2d483c9eabe60baa9cddfc1de44a8af,12,amp,independent,1637,test
d203806ae8b7235fb285eafcb40d8335396a48515a56fff6255a1e94d2206ad5,14,amp,independent,1638,train
44a9c96a6638f89b7585a9614a707676d9a57206c898d936e794c126752d396e,17,amp,independent,1639,train
36ab1584e28ad6c943edf59dea5d5aa67b7195a1407d26193fb0f002336d2e27,17,amp,independent,1639,train
e319598465c247c57e8c9727707a5755ccfd3bf061bf8ce8b4953b439aca6009,17,amp,independent,1639,train
fdaa0daff303b4ad845751ce8b882b02e70ec403e8c809fd4e41cc071cc2f710,26,amp,independent,1640,train
619d412f59d66fcad85cbec59b9e9927c98b63a8a819b027e7ff578710e2cbbb,26,amp,independent,1640,train
c3941e9d77121b63e002559acae532484b333e005ec356494d4e469903a406e2,12,amp,independent,1641,train
1bfd39e30a42f775c31be59d4512f39977456ca99311101f90e2d2abeb60231d,9,amp,independent,1561,train
72eb7111e6f764d93850137085066ac7661bc2feec7ca68fea8a23e13f98fec3,15,amp,independent,1642,train
1fd327aa5dc958f5088001bf52224d83edd59a6b13abaa7621207d312b90b9af,12,amp,independent,1475,train
f4b88eb1dd5f1cc937beebfff45d9c3b9f804b5fe9c6f73606cbafac663168a6,12,amp,independent,1643,train
5b0263b6b8bd369f600960f463bfb98d9af06128fd92c69291d7c9392d2aa9f7,7,amp,independent,922,train
b2f79a636b32ef156c863db59c09439677dcce385c7af62cdd3b039fba89caae,10,amp,independent,1644,train
a695ac00b5ba4b591a378ef68b6e4a67ec332d475122f86acdcbbd6483aa9f60,18,amp,independent,1645,train
f2fbec037fc45d0fb15975ba1dd8d337130287597b3ec60242c12978fcda5481,23,amp,independent,1646,train
ccd420ee42e0edf76b2e39ef8ec624ad05a67ffd0385e3cfc0c924ca268fece8,24,amp,independent,1647,validation
eb67e443b2b87c30a47438966b9530b132a02cd293973ae8a3e5c062019fa962,24,amp,independent,1648,train
54c8f41554b481dd0017916131031b5683ccb4b25a89d5c1d515bd9a9afe5425,30,amp,independent,1649,train
affe6669312b48fa3dd42c66582755ccf057bc0a8334604b6e3eebb17858e47d,14,amp,independent,1650,train
72cd0af0883a919d6c3fbc2374b6f25f32aff91892f5619db01f4fbe5193695c,18,amp,independent,1651,test
d0cb25fe4ccbf53b287e97401b2141cc0b3eac7207f4aea07f6884e739dffeab,15,amp,independent,1652,train
4d47d31371cc1964140f6f9516cb432230a35fca99fe69685b32980a8a8e3388,24,amp,independent,1601,train
de303463af86e108af6a02922721d272863cd797f557da43ab16063d3a59ce9c,24,amp,independent,1653,validation
4ccbd2d059bd3aa0b03844b91a8f6a1c9aee8027a283266d14da9ef9b576bed3,24,amp,independent,1654,train
5d00a4d5d8720b1dd34d7e0ccce9ebf858182301a1901e7e6db931a150452b7f,24,amp,independent,1655,train
f8ea9eb4feed806513e87abeb3f9487a91c7f898eb9bf3f345d6fde58e642e34,24,amp,independent,1656,train
049483bb5fbb1d915090bee76b5251b12dbd1757760e919396ae60684d65deb7,24,amp,independent,1657,train
dd8890fec4a4d1af6823733bc5b2cbbbfcd8309458b893a8be243831bedd9fca,24,amp,independent,1658,train
57a4f212b59aa0d2581540619642e288af019a2cfd90ed52ae9b7e2a3a770f1a,24,amp,independent,1659,train
835fb0fff6d02ed08e70c782f9a2fa99b97e938d916450a52501033020c3ad19,24,amp,independent,1660,test
e505dc510b2661df1d7cb4268e6a0b80776af8297a95ea490960faa26fdc5b56,17,amp,independent,1661,train
f422bea550073dafa6c001d17c488813823455f9b51c1e7de89bbc5964e254a1,18,amp,independent,1662,train
94c76e42c81c892bca454bc8773d0137ce93f478a0bee317141d8e5554e27e03,7,amp,independent,1663,train
123673f3c935fa78da8f5ab2b0f9842f534313400f0db249f676ecb7b48b8431,20,amp,independent,1664,train
daa8e22ef7b4db258e3a414adecfce576ddbfeb8592e469c6817938e8c2888e7,20,amp,independent,1665,validation
175be748ed50ec891590dac00b87a714384de4f444aa40b7930605b40d280f59,20,amp,independent,1666,train
3ac2f204576cf96ef3b6aaf4c7697035ddffcee3a131b1bb07ed79ef38bf4418,25,amp,independent,1667,train
da2119c5b94036cdb20a7ca4a32081a51f529dc005e43c4386f796bfbdfb48f7,19,amp,independent,536,train
2df2cf97613e1ddc0c0d5628d402bb268cb8cc6226daff1cccb06a6e9329dc52,13,amp,independent,1668,train
fc40bcb6866be0d3d4d7887bd4b6819972f20cf5905c626f242dd5a2acb4b5f9,15,amp,independent,1669,train
cb99a361d23c4de81c5359c451020dc45a37ed6a40922786064f42eab2905485,15,amp,independent,1670,train
02434326622e30e6aa03840a4c359c5ed929213c7f63ea5f74c9004df64a18c3,16,amp,independent,1671,train
6a80b488b3d18211c4ee7e6bbe56a36089a5207e40eed7876a83c75a0a3eddec,17,amp,independent,1672,test
309f6196cd1c1d1be821ca5fa952a398364a561a5bf17eb8cc85a77017ce9fae,18,amp,independent,1673,train
d402fb7130ca005ca76b0d8c60ec3b8daf7c6e2c6f357f221af670d0ad8d7bc3,14,amp,independent,1674,train
440fa8c4c71c7018561f2a60e63234cbfea29b70b66a9c405f025421270025cc,15,amp,independent,1675,train
fefa154c30af6089ab38380216cd78935f519edc92cdd9f1a32fed5523d49699,18,amp,independent,1676,train
6cddaa0206cf769f6137b7bc4f4b44f4fb05fb99b3963520340cce8d30421021,9,amp,independent,764,test
9b5092761c5e462982e0f6770b28b7bbb17b430ae3414a10a525dbfc542d3622,20,amp,independent,1677,train
4ae214d770fcc59cce55a38d7f6c08c86fbcc0319e4fc83409ab61a61aad9c5f,26,amp,independent,1678,train
243e0de0c643d30e01e26135084bd34774008d9035e9b64857ea646e15150dbc,26,amp,independent,1678,train
15499bade5e3861642e976f9ea040d1e7a18f01cdcff9ffb5fa021ff42a1dc35,11,amp,independent,1679,train
cb8915350c8711f82c20f508e5e8068f0473f2795258724eb2b25e2cdb526466,15,amp,independent,1680,train
b1fe41fe8956e61716e1c972dea2b3b31b63a7c292cbdaa936a5aaafc38cf6bb,30,amp,independent,1681,train
dbd8f2adf835d33c82df570473ddb56c9263514740b67bc8153e1c5796ccafa6,30,amp,independent,1682,validation
2dc7dff0a4f3507b1303199287576c3870804740e4800294db4eda26e548d795,30,amp,independent,1683,validation
adc75dc8225ed3aa583aecb5d3b05b7b5d1e17f1241e6b6cf1a844b629144755,30,amp,independent,1684,test
c1e04b19dc132f8c1de3a57c4c595ba5d2ef7b39b530fcac49cd44bb040b2092,30,amp,independent,1685,validation
2d48b51ebf4750f7914b5ba191e7939a41c4e3e473e758e1fb7bf70065f8b30b,15,amp,independent,1686,train
d24e3830094d551c50820bba7bb06015848a8f9fc4c0367983a3971a3f2f9ab8,9,amp,independent,1687,train
6f4c6a011b56bcc7b61dcf67ffe53f543344d29d3989a1a97f5f21ea99fa1df8,12,amp,independent,1688,test
4548540d46cf3858d3db421b1a19ad8b98612dee9f61d963941de94b119232e1,20,amp,independent,1689,test
14828848bab34e965efb27561192d251980db7e9ce3a38a6db323f6988e19adf,17,amp,independent,1690,validation
47bb01fa2a5d44922960771f96cfb4ecb334b98be37482a176af8472c44dce51,29,amp,independent,1691,train
cd8b13287bf7cc4d3859bfd59b29980e1a4c72513da08706caa62c608b2371da,9,amp,independent,1692,train
be84822851b3b95208e8e01065975141091a59bc0f859b78de4ef3b14ade4804,14,amp,independent,947,train
4068f9d23ff199dcae654230064548aaafa4d6c9e05e819a44d342124b174416,30,amp,independent,1693,train
c66837815d728569b37a28a48771caeecb51f20d57efaa020329373cf9536fde,25,amp,independent,1694,train
e90ff267a08f66c8bc882baf86812a093d9f91d4e69f1b804526a0f59912dd71,17,amp,independent,1695,train
0d679a376be3eba972bc062b9c59fc8a2ac444522bc3b61ca0dec2fc99a85fa7,20,amp,independent,1696,train
d434658e94f9d49c20b7b3f85f8791f162a4b76efb5dd86dabdc86a9184e479b,11,amp,independent,1697,train
1ef48e110122f5e88a4eb738a8c68fa3f599793e935c21bcb71ce17fd1513413,15,amp,independent,1698,train
48d2422f75351d75b7029beb122ce0333b93cbc0de6d757bec6c6927aadec376,18,amp,independent,1699,train
1bff4a7f2d50c98f380a6753e5a0dd9c0be0e0aeb15716f444d8c46ab8751281,18,amp,independent,1700,train
643e2b15cb58326e3b3a286d6f2e846324239b4566078250174903d516c1bf83,19,amp,independent,1701,train
6cf9f0fe926db8065cf479a7a9ad4f533c3280076b7864301d3329e35341c9e0,17,amp,independent,786,train
44461d0e9dc6fef7e358aa2f9644f32a50744ef63c8182553a70801643cc8fa1,15,amp,independent,1702,test
2a20abaa6cb8b887b935fbd586d4dc9c383c2014e6a436646949c615d0683b90,15,amp,independent,1703,train
f9b4b35e0a55736d013cb84512e32f8fb020dd964fe055bedca4111eb29085c8,17,amp,independent,1704,train
f7c66ffcff17e5cca01f1b47971bd4c4fa947a35f624a0b959cbf19ebc1f8708,18,amp,independent,1705,train
ef2322a9087b7f3d7d7e689f49d25bd35827f257b6edbed5fd23b22b87094d29,26,amp,independent,1706,train
6a403b12ba97e2a0a19970db38c8bab7d718d18137e68391ebef79bd383f1fb3,15,amp,independent,1402,train
997c583989be0a4b7e006376932ad514be75cf39531d7620cbd1be6d606e034c,17,amp,independent,240,test
e194c9632ec53727dc0a8d6d7fd1547326d73829f6b180b5b7fb77c9edc5c425,22,amp,independent,1707,validation
7a6e0796fa4e795dcd968c3fd964b8f6257dc133c931c67d0412cdf0aba91997,23,amp,independent,1708,train
6fe0fec36e7a8c769a1c00ef70dd4eee6d873f846d1217ec73b785c68dac8f61,15,amp,independent,1709,train
c5f707a8691be24bca9491938f1d47d21ab4c1ac3207e33bc322bacddea8459f,10,amp,independent,1710,test
a74c5f7099861e3c9260449df4467c446ad6d458a8633bb40dd7bfec86869668,20,amp,independent,1711,train
5a1078cf4ed4cebbf405cfe559f5279bd54623e89f80d759e694cc43148fb0b7,24,amp,independent,1712,train
60fd02ebae823a17dfac256a9e97d6b3fb7b6b2022eaa85dc8d2891b20a13049,21,amp,independent,1713,train
3298202c61be2b57cada502708ef13cfdec1cda517cde5d319dd839f92049cd8,26,amp,independent,1714,train
4d24140e73d39592d569a76bade02854b2b03e70cf0e024ea215ef880c72794b,17,amp,independent,1715,train
effb6a1950a3a97ad62611a18e3ec41be44d093560f2b39893c4b911f069583e,19,amp,independent,1716,train
e4af58a8299d27567b5828195aad7d2127da8e7db5e6e0b85d743c763f30b491,11,amp,independent,1717,train
f6e02616f5f33c52963a701f5c268f7e953e52e6084f802b1fa515f7e9f6283c,20,amp,independent,1718,train
702ca694f804874abcea4e9a6179e2856e58cdc48b9c895bb32b80762602741f,15,amp,independent,1719,train
523744e1402129a12c47cacd92de92917b9fa69d01391936be5b05398e3ca521,29,amp,independent,1720,train
de5eae54f9ae3d1d6dd0550236abe24f4053118a63d21f5ece0ce0af8a8c9d88,20,amp,independent,1721,train
700127c9a79b00e822ce3bce56aa924349aadf9f61e50e17ce87216786ec5a7a,13,amp,independent,1722,train
65fdb453ffa137df1af760682009945d9a828b567d70936fb5aa62a369329653,10,amp,independent,1723,train
691594af971ad2b04bd6165af5f7e101c5d01c28ef5eea45c88ed2ec43af7e19,10,amp,independent,1065,train
b4fdc3a44075ce5ded0f8a106097acb96aea8987aaf72ef272eafdd74b93f9ff,9,amp,independent,1724,train
ef8a337c7f62c72382411bcc229e04f06a4208f2cc5e11a4e4e3ef323107379a,15,amp,independent,1725,train
b10b4e439d17ee86dc9db20869f299947a0f783e81bf51a726cb6031a861e4d3,16,amp,independent,1726,train
db026505183677db9e52f7a0643b3cae5d540b60cde640c7c082369bd5750fe7,27,amp,independent,1727,train
750557594cb19fa828e3d2c6844ca73ed01fb2eab7590f2eaacdb0f4a10b7dbe,20,amp,independent,1728,train
d2db3e4d9b98a460f6994564243832f5414bb8a30d770972bf319d005e1516ae,15,amp,independent,1729,train
536c9d8cf1dbd44128a922210629586152d10463a056df1b872c3b25b9ab4cc4,28,amp,independent,1730,train
d03cf6d1de10183a3d24f52a662ea334cb698366960e18c6540966120fdc8b6f,26,amp,independent,1731,validation
9e5e65a4c1c5ee3c71412473b53bec3a1b0a6279206c036c0f9b0c6fced93873,20,amp,independent,1732,train
2d8ad2d9140f09a211e051c333ffca51b9c96992d8af2c8e4eaf6937dbfdd6ad,14,amp,independent,1733,validation
ba31214f778b1d61e4bafead0bbc7dfccf1903a389aa3c0975c89b861c907a91,19,amp,independent,1734,train
e5e33197ca19de61defc92f65823bee0fcf0d6378798edd5f5c82e536fbb2087,14,amp,independent,1735,train
e850279a7f0eafecbd36f22584a327306002ae484d955b3f0c58ab1856512f83,7,amp,independent,1736,train
1645c1295bed20afa3554c4cf547d20deefead57e6c84a61cf49b3aace1bf07d,4,amp,independent,1737,train
b0783885be82b4cd76afd7bbdfc5772922f77d99cbc8ce5e50b3ee4c691d1b95,20,amp,independent,1738,train
7a976a87c67f53cd3645759e9207a074acf6b508a6bbc2841c66caf4d7bdb0b4,11,amp,independent,1739,test
e5e9720f108345273c84de1ade6c311e179b81fc654503aec29ea06efebd0316,20,amp,independent,1740,train
c1958e26359e6d4be7b90fcc99643638093b84cbf26c2349ebdd3f6ee7e45fa4,20,amp,independent,1741,train
43e7b1933ef51332d0921d75b4c7e5739586592a24b30dd565d841310124c0a4,20,amp,independent,1742,train
74ad049ca4157af372cbec324095007f564e36306424de977c50196f266f794f,14,amp,independent,1743,train
a94474ee2cc8bf79c67ea70b29d06a2dea88b2eb5b3c7cca3f3b8c2cc2f050d2,13,amp,independent,1744,train
c57714f35f5dd75263cf773695f77954a5dbe321e22eb8495def0f2abd25c389,26,amp,independent,1745,train
178707e0ae52e42981605d665b8dd8c1cc1bda8b925038dfa92004e913b73470,12,amp,independent,1746,train
64a58ca2a9a3d8ba5638d7d5279cface25f5d998ad6a8697cf6827eea1bbbf79,19,amp,independent,1747,train
a69d2a1e4b277f92b153a6e24a0105065def97a2a307163e66c2c8cf42cb7b11,9,amp,independent,1748,train
13489583df708a2b7a6cceb1db1818f3d2aa684866bb9bf056e2c7846268326a,20,amp,independent,1749,train
5b98f9c790f7f9bbd177ff5304f244813f5a30df7668ac403f23112c36882a8f,22,amp,independent,1750,train
f914fd5999985e206abb104dfa5544e34e2540b916f14626dc50a6d73d0b8572,7,amp,independent,922,train
4e469d89b274cbf64916442d8879bc1bb8320135d0ccb9fbdf674f48d24baedd,26,amp,independent,1751,train
1a8aee7ea88bae6fecae37c759dfcbbdeca3e92804d74ede9bbc6be6690c639b,17,amp,independent,217,train
276bf44e45df65348fb9feffecebe6e85e4f46ad0ec9630c1d625d8f1196fe9a,23,amp,independent,1752,train
689556bfff9d4ad2d6e9bbb604206502b89be1d9a689dfecafc2fbbabae87d71,14,amp,independent,1753,train
b73cd38b09a1be884423de572a8d27320792eca2d0b2812d68a85e85e865db6f,15,amp,independent,1754,train
39a2b103e5c883af0f7c86fcee0cb6d5fffc3c7eacbfa424f85245d3096f9dc6,16,amp,independent,1755,train
4ac356fa8e153a543f108dba92346f9525633d5761e17711c037c8c9eb0e1478,8,amp,independent,1756,train
4f6d8297abd1bc622782d06f3bf3628e7b5a7bb58219ce3e8d7cd161cdfbe5e4,9,amp,independent,1757,train
1eff87b90a9520a72b4a2ec9071f3e24daf2979fa1a2cd2fa968a02f2abcae4b,11,amp,independent,1758,validation
e324e6e11486d44d393295b158dd65347c49cac66ba773d5ea595f68fea3931c,15,amp,independent,1759,train
2bd09fabfa2ffd2c5bbb290a418e1a16cf0f061bb47903932dfd64c61fc92474,23,amp,independent,1760,train
84c14ce7b2838e8c43b9e06f96d9f698a235b63d9f62d745efdf53e23dcfc937,22,amp,independent,1761,train
b969d3ae29287cc7edadb5f0876d852ad54e1c1fbe6a720d66f88f13e482f26f,22,amp,independent,1761,train
bf2f42d0d59772e4171b551475a8f159d6b048535dcab651b789311946a61c9f,10,amp,independent,1762,train
ae390ecdd9e204f707f127d3ad630ed474a724fc422bdce6a44a7063c498b03d,17,amp,independent,1763,train
651f7ca2b8044505d4ccf2be7bf96796a93ad4651fecc82aec9fc9338ad64837,9,amp,independent,1764,validation
b0adbe952785cd94f5922c0daa2a5766b1c507248794099c9713e9cb5c36efc0,11,amp,independent,1765,train
938af3ea2d24041bac44ae6002e774c2f2e0f72b0cc783f50dfee521c47c7ff6,24,amp,independent,1766,test
30406fa978f9762f40771abcb5befe50c4002dec24b17d9a9d681d83c026fb89,16,amp,independent,1767,train
e2d897fb7b39b451d078b57c9c36c364059d51e9f62e0eb7566204206a93be6d,16,amp,independent,1767,train
ace7b8fb98a41c8d9c783307c83081372db2770c7f900409d8cd37e8919d889b,16,amp,independent,1767,train
46a1c49005ee3a59202690445ffcb87613dfd75d4cd6435a5465ce4c2fa9a334,16,amp,independent,1767,train
c42db11248a8741aac7e9559af4b03eccd96fca2a758c47d5fd9da69dbbd2004,16,amp,independent,1767,train
f9ea7d723e8be8be460fe5cea2f094ef71596f2cbb6c0d6308618c3126269cac,16,amp,independent,1767,train
05d7712d838c02f696cac00941b24307bbe3e0d30237bf1b9a2c360dbb30c1bf,16,amp,independent,1767,train
182c129a0dda48850c2fd0dc62ae9c26c0e494f6c2bdd6e1a3d421f87c24a336,16,amp,independent,1767,train
48862ba6baf6fc983c05f2031b4c8bcd6ef37ba20654cffa61301734261606ee,16,amp,independent,1767,train
efa5cf8560f9ca2d4872958e7be994abf119aa70d605f3c42bc983cf9572099f,16,amp,independent,1767,train
4fdf69c6feb71738e010f094efcc143d6ae668a899903d9b66c4eca30b9e5861,16,amp,independent,1767,train
ebb5eae066b4bd6870ac8e028e1b7df2bdc59c4b07bed17eaed5bbcf393d5fb0,16,amp,independent,1767,train
dbae389ca0ee757de0d6e8f8146d71206752f405648a6d232d66a17d0a7eb8a9,16,amp,independent,1767,train
937dbeaad4282160a9ea93d4f0922967da316c205074dbfe0f273a192a7f2244,16,amp,independent,1767,train
b74f0209a67c33e08de440a2dbdb8508d1c682cda2a11f39465fb4da3410ed3d,21,amp,independent,683,train
4e6fafb13f5b75686f46709a3712c88a9b9059362d81d2e620cc7f475554d313,18,amp,independent,672,train
6c3ccafc4e6ddd4b6e8bf36ad4a7201672fe671180c98404e874208f368a7f80,29,amp,independent,1087,train
e290b6bd58c00f0f2ef396d90b13b779eb5ca4aa7b95ac96fc10b48b501742dc,29,amp,independent,1087,train
2e23ef09224d87396d9e61fa713a8b6ac074ac6475de6e51450ea48dc9a2aa86,29,amp,independent,1087,train
902ca6d5778de5396e54117a20dfa23afae664a70a27143b02f55586c37fba7c,19,amp,independent,870,train
7dcc77ac205cf1b1eb454fe5f7fe76468e59f74b9ca2de4bfd82c0669ae85b5e,10,amp,independent,1768,train
dd900f495145739174b2f191bdeb4b149e70f51a57353a0918a3c4e2359e16ff,15,amp,independent,1769,train
0298b76c73f2876db86e70ad89238beaed4e46ef69840f6e20631e565da28b50,18,amp,independent,269,train
e29a5718aa37b07cf7bd22ea15c7ef8a422a7d2c9e59bfac10b165735e8e3687,4,amp,independent,1770,test
73cd67a3b9ac084f237c0b900709fcb60dcb9c9c9730f8b944c0d2887f92b04b,6,amp,independent,1771,train
325f5806915b9a73c804c997e332b65845af37d29c028eee359c80b3dd2360c6,8,amp,independent,1772,train
603e67c5a3a3daaa8e32cf4bb0de101d0e16b689dfc5890d7a45566ce84613d8,10,amp,independent,1773,train
e14703a786cb082fb3db482ece1b2cc4a4c20c4e213e0eed22e153616512d5ea,12,amp,independent,1774,train
20b679f1c3d1c663cbad60c4720c1549149efcd88be3cfbb6e2c2866d35b2f60,25,amp,independent,1775,train
819ab193191fdb944acaf7fd5639aa5dced508605d9b6083c0305732020267ee,8,amp,independent,1776,train
f8025bb6799d55d52a62e065bbfef0c4479564f61e2b8026d64e23440efa15ed,9,amp,independent,1777,validation
7ddae2ddd58a2e28c1471851be9c1fedf183856afdc1412997e0eff4b823f421,23,amp,independent,876,train
50340afc1cbb0ba397478387abefb8e370354105a25e84376ccd0675064a37cf,23,amp,independent,876,train
3bafdddb283aa7c98591b07e532133fd839463907a66ea8cb66a6df841c1011a,23,amp,independent,876,train
545fb4b9af14eb0580fe6a081746b7749c1c372af187f95b2a680b14dff8ae32,23,amp,independent,876,train
c412923e1f2bc8b6a8979d82230c60548e8e87057478e2636248e6e7a02924fa,23,amp,independent,876,train
b6f3c4ed3a17e16de66b404f3f326781dfa402636767724e5c18c17e6d136325,23,amp,independent,1778,validation
016db8fab9cc4b3cd171cbee6e7b7242f384069a06320a8c56db94f8951ec22d,23,amp,independent,1778,validation
9d585060e3c35c7c13e4c0fad1277e1eee73afa94255352436c084a2b41c98fd,15,amp,independent,1779,train
f9ff3870988e7ecce13aaf85dfeeb4d874edbfd277824230bc5447e30806db9e,15,amp,independent,1780,train
848370d9bd74812afd554f9fd258d8c9f5ed7220b798966737d7b61e59404d0f,13,amp,independent,1781,train
c6d0791cdf291d66fa68d4c53ef8cf1dbc60421d9477fd2ce3d36d955ca0045d,15,amp,independent,1782,train
2d4b661ebabdb048540ab6f9c0b4a29e73c8a20fb1b1d43b2e82e7c33e578cc3,18,amp,independent,1783,validation
173e3214728234789bf9beff49ce715af3004186585a2da0252fe04a0c58914f,15,amp,independent,1784,train
e3a4c32a306eda0c0aef485ad6372acff2f0bef906d986f53ecf4594a02da7ca,18,amp,independent,1785,train
95a18f3847f82ec61f34702250df6611caf5132a1f72a32ceee63252afee118f,18,amp,independent,1786,train
5b1aadc19b1ac1342e8545652fd0bede0201a1f8b696d8b793fa1bbc08f38d47,18,amp,independent,1785,train
22133c24349580b5af9b90023e73d87edcf3f7ffa3ff07d5c41a35c0c583ac17,9,amp,independent,1787,train
d8bb4d8ebc78ed79c622bc52f3fcd96b1db85839c87623a1d8a54a5b71aa3cd1,9,amp,independent,1788,validation
a65c29f1a9daf61c79a2b0504ada7ce3e559bf880326c9ee7e696e65f4a4281d,17,amp,independent,217,train
abcd66453eab080a2bcea1c12d816955fffd4511129b635271b0603d7b5b5b7a,23,amp,independent,1789,train
5c29901693f0fb1d0939797d094026e8c0ed5eff5acf36173ff836e614a8dfc3,10,amp,independent,1790,validation
c435a4e8a7c721f35fe826a0bcefb7e9ba330451390014c75b4cddd07ee07e33,4,amp,independent,1791,train
fb5580a4bbb222592d8082429244f9e5a9ad0c9959741f968dc92148b4f85d0a,23,amp,independent,1792,train
f7a7e897f6895b2f8eb435bb6945f39c5309230e7690113523909db2c687d30c,7,amp,independent,1793,train
3e13434f67ae70ca6753f4a40a8189ca423fc44669d2d9ba9ac0bf0bbd663a37,18,amp,independent,1794,train
417a5b1f5a54474c2c8a9643eb11778995b776b03623331673f246454c2b4e0e,14,amp,independent,1795,train
8e1a03ae476bda15b425b2d37d148d7086566f5571c24d41abff68c8493df89e,8,amp,independent,1796,train
9490498dd9ba97f487600e413cb2bd63c1fc0f4ee01fb0fde0a879cb3b31a6c4,29,amp,independent,1797,train
01ea5fcba264793c13d522a5183da5419357f41b42c745ba86c80aa8e6425419,30,amp,independent,1798,test
4d9947105d9c2d84a05d3fa29fa091c60710b42b4468a7cd8c163385231f6f55,29,amp,independent,1799,train
8b15fd02d3819da284632f0fb1b0077df73a1d6be68707e23c680e44a18dbf11,15,amp,independent,1800,train
63d155c27a530d594f50c99b1604eea71939bfc4744ce72c2582a9f890ba1539,12,amp,independent,1801,test
2c31fc3ad9bafed735fdca0a2588bcf6a2515ceb3916458604d79e20b7bd06b3,14,amp,independent,1802,train
d10c2e4d102bba7a331b7e434f715f3b3df06fe41485f57ff80f0a0713ddc6d1,9,amp,independent,1803,train
8f7ec29414aa5db471459c71990ef829ac6a1f48b90bd19b49e2eddf18058045,21,amp,independent,1804,train
79eb1c413de4bfb54d8da8f07232bb2054a5c3dd09eb5a6c02664c8865bb2e64,20,amp,independent,1805,test
852bfa916d3c638abd8563a2db417d85ee6589bbc80e4b9d46e882cb150dd405,9,amp,independent,1757,train
0e7d8bc83e66827d9a2609fe8350a39257965b33ec965d87bd3ec9fca6f64783,9,amp,independent,1757,train
e05d42bc728fa1a0c035b5e9831d01d9b96522e5131e7c1f1175ae8d355d331d,9,amp,independent,1757,train
b951c563e2f42bc85c5ef86bc6542d9d83f7b1d09871fd90ab19896b8f1cc9df,9,amp,independent,1757,train
de5874d9fe01699dd66a56ffb3bd0262a80c813f3b632161411468cebad9d45b,9,amp,independent,1806,train
ae13303700f5d325763ade278e26ce4d11a688dd5635c6f0ff17cb454a63a53f,9,amp,independent,1807,train
3cc03422e2aff27093119dfc91b87d54c502ff76237a708f39eacd1259415e3d,18,amp,independent,1808,train
2792bff05f35e30e5306317ce34a1f50871b056ee94ac91a0ce7f0db95012109,10,amp,independent,1809,test
552db7ffbd8e0077e25bd42c01549aba84216486eee380ec33fa363fc2434da1,12,amp,independent,1810,train
017d035d4466e5aa1645002404c4c77222a3d733a8657ad62eff2a7d3a5ee8b2,15,amp,independent,1811,train
ede9c00cbcd7301c7c31a74f8ab30bbcbd0f5f32fde9aa0f84d73cda242d65c0,10,amp,independent,1644,train
7ead68030bb7ad9c6db0749dea7b578f38589e00cb4d16a462ac3f47d81378d6,10,amp,independent,1644,train
5532c0f82546b780a772f0042b6fac4363243c8bf83ed2400af29161a160a611,9,amp,independent,1812,validation
2ade0506ccffa45e465ffe456a23193f55f4f68804eeaacb4d874e59590d7479,8,amp,independent,1813,train
9cf8b5ebd7ddd50df61bb0438cddacaa2ccba741bcd9beb6851af1218b2ba5fb,7,amp,independent,1814,validation
63e2372d345aaeefb874890904c2ef5fcedf711992edc33d66fa3cf6054ce630,12,amp,independent,1815,test
7b9cfedc9a1b492657a2ea9bd9028d23a3b79b9272de297b72b70c22df94d956,14,amp,independent,1816,train
175f07a0368239b861ab7d9d41d1eb0e368ca78ce82cc628b3e7994720e26e51,15,amp,independent,1817,train
29407294dcfef43cc12c445e53f7afaa71ac7ded3938fcc7506cf3258f97db6e,18,amp,independent,1818,train
5964a98feb2b5043f31c6d70cf2fa0425b3ef296c93ab6c22387798bef63a4c6,18,amp,independent,269,train
cd88e9f21407515381ef5884cb8dd915c3da02560768f50dea6f0120be71cf56,18,amp,independent,269,train
3a05807f18cc65610b2d585ffb5af391522fdf97e924522b887548358cc54f74,11,amp,independent,1401,train
589d546feca85e592ed6e16db3543c3b72f2fbb21f34005e56cdb4c6754a7450,15,amp,independent,1819,train
4928e3d17669236291bbc7cd8ab469a8bb23d0d8767d95305cbfb46366a06138,9,amp,independent,1820,train
0aec5fd3432aba2cccc3fbd56b09ad8a06cec0cfed91b43db517d4984286f7f8,9,amp,independent,1821,validation
6732c418614293b469077160f51d016e215c66f1aa818ae18ab29cdc617fafd5,9,amp,independent,1821,validation
b5ce17ba999cb45efc9c6cf8c548f7d66e0429a1bbf53cc059b66c005b837cf6,9,amp,independent,1821,validation
d029bab9807c68b0826aa1d70dc843410f6f9843ddec773e5262b4b0abd46a35,9,amp,independent,1821,validation
3a146fe2a4142a72f8d064756ec0c89ab2a5cd3fe32b182593ee15ac1be44c63,11,amp,independent,1822,train
40a893120f785e4d5af10de68a22d2408567e4029cec1f300be39dc7d22ac550,11,amp,independent,1822,train
7cace75a038f9800e49b3677e6f5c3c9a699c72f6c6e0d2fa7f256368f88aa12,15,amp,independent,1823,train
a205d4f6fc9094df485fd1cbd6ae099024cb2f82c058cc6d56d6f20b38063d1c,18,amp,independent,269,train
4eea24e3fee96a239c31010dc9bad7679113fb067683867e5803f77d087097d1,15,amp,independent,1824,train
4c5add94d6bdbed6c7740610412eb1f4dc5a1ee6e5d0d6c23be9bfe8f82b7442,24,amp,independent,1825,train
2f99cf56fd2cb06b87dce50fabee136ff0975897a81cdcdb91c4021982511bb6,11,amp,independent,1826,validation
51a765ebe2046f46cdb89e60ea75cc2709aaf04a73f5ca978eed145dd15038bc,7,amp,independent,1827,train
39cfc9178bd5e928a8918876b9df2a2a8920db85cf8100fcd562a670f49cf746,19,amp,independent,1828,train
5d0985acad5d54a979e6b25e6e08714c58d2f217cdb02b93da77a6c3e325dab4,20,amp,independent,1829,validation
19c326ed3f041360475ba8e9c7cb8f84bc18d93acadc36f0076421f07a461669,18,amp,independent,269,train
4a0c6c823205527e6b937f4f8ca6b29088da02715d276a957ab505f14502a5d2,15,amp,independent,1830,train
21779d47214fc4c85fffc2b1809f71b464bc2857721ed3ae146bd983757d6e2f,11,amp,independent,1831,train
66863cce903e0caf069f11cb63845c0f617daceb19af6f3b3803506de3530b49,21,amp,independent,683,train
67181f9a5aa7fff3b1eea0ca30d3ea3fe77db5e41d5331e6a453ecf74f948fc6,13,amp,independent,1832,validation
17e565ed25da3161041afd42eb87cd2e06b278f85527900a49d2a4de9607af1c,17,amp,independent,1833,train
fa7486891ac7d53dac9263558f30940fe339b7f951d7f86d92f85ded70dcfb67,6,amp,independent,1834,train
dba25b775d336c26f57ba1a9a24267ad1bddaf577aeb180960e1f9ce7c3fb9c7,8,amp,independent,1835,test
816f734fba105bd36c3d1e04cde63cd79dfc109e96e21be2e471c152507c2128,26,amp,independent,1836,validation
322b10bb8ff6179086713e546552fad8a58d06a8a598ac51187c4c57f62213d6,18,amp,independent,1837,test
680a346f78f56ea05dad5f2ceeb930ef56150c019c79493080fb98e8d4cd5e78,26,amp,independent,1836,validation
d04f95e6599eb6aac31bf3e7d8132789f9692459e5e3949c83bbb0e34bc344b3,13,amp,independent,1838,train
f7bdc676d6c1c361d0de6f89dc505dbff6779a3268db40f6e0c5153202e96bfe,26,amp,independent,1836,validation
d1857d74ffcf0e2df58808191b97b658d65b3c179d630edf5f1791b356c1e600,24,amp,independent,1839,test
af26bff0ef6eb73c890f644c2c24caad8c68c0f322e6a6835ea242a504c15bea,9,amp,independent,1233,test
c9285ccb63298c2ac0e77596f70d67744326a692ac3d7c79621fb0b2a6ee4df8,13,amp,independent,1840,train
9d8609247ac44a46d24ed15d2be2f1cf5b1a0a5281beb103bc14beb56db9a4c3,18,amp,independent,1841,train
33f394e6add4b2c3a2b6568f2602fa53142f4f92ccbb445dcb2b131324b2e1df,23,amp,independent,1842,test
0a55a96be6cbf17f49606b66b228c12c6550a209b5867a3e8ac8c7072663302f,7,amp,independent,922,train
f8fc7e8deecaf77ed2e4097340ee570a1182f81eb6a21c0e1550891bd57f892f,8,amp,independent,1341,train
66461ffb16e7d46fdae74ee38fc436db72530d00d8765678b9286d24af725b0d,9,amp,independent,1843,train
a01731c0065d24f24629855a1b776b51f84b1181519ea178b316bd4b6738770a,21,amp,independent,1844,train
80349b6d7b9f691d0dfbf57f222ed3a5d41094ff3ecb60f263ae2d315fa1e653,16,amp,independent,679,validation
9fcf7e23bcb567a5d7e10b4ccc3e615d30f3144e30a80e5f8cc226de0fda4af3,22,amp,independent,1845,train
cbfcda916921a179fbb801ef990fbfa5d0e40f0c676d892d37312c860935c00b,16,amp,independent,1846,train
5673cd0aa23fbc0a3e73e40e2c218405018f186984517f13d70bef51fa61dbfa,20,amp,independent,1847,train
6bbcba888614e1d84d71bf212761e32e9da595db42f334dbed329ef9f8f11483,9,amp,independent,1848,train
0df5c519d362af38b5a9045b682c349ae917fcd42e5b045fde5c6b0c642b9890,12,amp,independent,1849,train
6d84f3e658d6cae2ffc0fdb30674416eec029c230e8b202afefcdfe8ad015d9e,13,amp,independent,1850,train
5acb13575239c49b193fde6e57a4fbf01e5efda25d58966466269e961bb50dc6,14,amp,independent,1851,train
ba1100f1771e3b6cdea7f84484f91090a7fc18324f90b63834d95aac01c8c891,12,amp,independent,1852,train
91670b9e66c2a1b0dbb28a1e4cce7e25c28a468fab1e58e1d25d3d91b96a5072,13,amp,independent,1853,train
96df84fdd2f0d31f3c5c3ec23279dd1edcb7e1a6256a612b75f5fc9b6fc2c71d,12,amp,independent,1854,train
3afc44366f9246eee5f51b0ec225d677e264bd1e2256697241175094390bf24e,6,amp,independent,1855,train
6f34f215e7893d599a63875d3dab125cbb39d9f993d6c5305b7f77626d3b9a9d,11,amp,independent,1856,train
6341c34583eb16b0af1aca85f6d81e1961483edecd64fee31b09adb834553f1f,26,amp,independent,1857,train
10d16db5b6edaaabe5d7ce156e23bc09da2ec635046d3f820a6cb1b9dcc93c87,30,amp,independent,1858,train
fd44e33610a86b07b1dbfe621e6ad5824be8887b6a0ce82149cc42b92ceee7a0,11,amp,independent,1859,train
6d00040d41c78e9a5811b00c8d27fd50b146d91f68f3442f80d81a31c7148548,11,amp,independent,1401,train
41cdd341ec8ee65e62839ddd384a2f9ff9ec0bce24dddef9b0f3e88408dc78ad,15,amp,independent,1402,train
2cf69fd5b5672cf5172a3bd6a86a3bc51731301e3011bae18ad2a7fdfbe3a999,15,amp,independent,1402,train
e4f76d07712f0dd468cdf5f3701ed2d4f701e2407f13dd5979847f160c48ba85,15,amp,independent,1402,train
490351db31665a050beb50cdc3ca8d4ddec1e563224403d0c3d1ce6b03bd95b7,18,amp,independent,1860,train
010d0231d6daf6d306ffe7c159d0ce5ff75290baf5d33fe17282631d59807827,22,amp,independent,1861,test
0b6d5412acebd74a8b0312cdd7bb4010100f21447972275847c7ada3884a1772,15,amp,independent,1402,train
4efe67d3455402a0568a32b51e6afe0f7be30fc1bd82c1163ad898997522dd77,15,amp,independent,1402,train
6a9e77c67cb59fa632f9434cdf9a277ebfc96a728c1671813e9a56136fdb6a22,14,amp,independent,1862,test
3ba88e7abd71fce35f8c83e486028b5264e99fa1b70a7cefa8aaf65cbf6e78e1,18,amp,independent,1863,train
3af714eececaa016e354c94f441b0de5dfb1085db61801aac95d1181ea98a5d8,18,amp,independent,1864,test
a8f548153ff3211bcde9fc4f93a811a01dd7a87f104246d6dd7d878ac009afcd,12,amp,independent,1865,train
972d9b9f8d192e12e268da307120f6f7a90986943b1cfdfc1f44500079818a2a,13,amp,independent,1866,train
8c5696bfc39c3670f51988f13d7dbe21334abdc4380e845e5e7ca5a2153ab3de,14,amp,independent,1867,train
75074e0d887fa14b3267d1909fb55f3ba4a6fa86aa10e020d6e75ccdcaa17098,12,amp,independent,1868,train
453eac3acfff3b7fd55e91543797cfce794499ab2119fe4fc8228a752ccf4119,10,amp,independent,1869,train
25c4d7a1a400791e9e800850c9c07adeb95a62a911eb68b68a8ee63337c27abb,13,amp,independent,1870,train
9f0c03f6cd13ed16f656787795d199c0884693878029a69894e6cd651457ac61,8,amp,independent,1871,train
81349dd35d0473dffcea6f0577f24ab9cb833f6428197de8d3a7a9f8581958de,8,amp,independent,1872,test
ffe05684cc1758025e8843f3269efea145f3c67ff61de1363d041544cc60a100,12,amp,independent,1873,validation
de8bf76eb80653a51c6f0d48ec7cfac07d172b76434c71e76d60c585b5373355,9,amp,independent,1874,test
2e357f92499ab711f04d9aee69ffb82bc60d82f7f7e21b6435c75fd439a702f9,30,amp,independent,1875,train
2a83ac4f2f9b834ae5a38652bc4898acb2e4543201fe9427f6d62ded83b50864,30,amp,independent,1875,train
1baa607b932b03825954e41430c3b43976651c3809a21910b5d777e96f5cdab1,20,amp,independent,1876,train
5972c970a2bf0eeacb85a477d762ca1d122b0cfb8d5c014e5cea42f7759b82c8,11,amp,independent,1877,train
c92c7596778f719b7b800a3fa2afe83b43b350abb63d92d66f52a00034228c21,6,amp,independent,1878,train
13d2e9764c629af599d635147681c4f6cf64a46d5821ff0b8695af1ec8060447,8,amp,independent,1341,train
51a91a961eb03e26a7bf146e7b627889f566a9dee6f3aed684b87b590e566861,6,amp,independent,1878,train
c8b3bcd45859bfc4b82a2af62d807bcb4549115822cad11c12abe96c0412951c,13,amp,independent,1879,train
26c02b081c7eb12266856b0546b1bb39d87c237ad5121ef57ddabec0876521d7,18,amp,independent,432,train
7352ffc9a90b3e330a5aaead4d40d8c2113109857940117c392c2678a654fa2c,9,amp,independent,1233,test
6abe3aee8738b66dd3f4fb2dee650318f59e3dfcd69b65811d2e534215cd96e4,9,amp,independent,1233,test
c70af7ff6caad51b98290a8b65e21c38a58e41b58fb22a4aa0d201154e4cd3bb,7,amp,independent,1880,train
5aa935a34e7e7206893db6f9c30aa83f42c9ef92b55e6b702657a5d213e75123,19,amp,independent,1881,train
9bda847fbf399933e7c47352a9e8e198b3ee0bb474366e01f9920576a2f57403,11,amp,independent,1822,train
cf11aafe75e287405146eac3e825a4c788911cc1f15fb98058675e5eedefaa49,9,amp,independent,1757,train
cd0e037d120c10ba92c503a76172ab30ffc76464a7da6a95a7868468ae6c03c1,6,amp,independent,453,train
3ca5f9315af5bf1259dee5d86685d78c88b91584bac71f2c460a50ee3b146883,6,amp,independent,453,train
2a952ff17eb6b9c299dfce47bf3357b051585a95943a70e0d62fc61e4051c371,6,amp,independent,453,train
afeb95990058c2dfa8599a76f40da7113ba1d14ccf14b9977ed06c73875966a7,9,amp,independent,1233,test
0dbbab0424664c9423197e0eb1b6d3dde256eb52e52ef7e05e17bbd0ff7aefab,9,amp,independent,1882,train
89ca78e441d1c2efdad790629e4c8dbb4e1705add58f4bc5e333605de3fcb0c1,9,amp,independent,1233,test
36de896225513d9031f3297a2f3def10ccbd376761a838e46ae2fe36baab5c84,9,amp,independent,1233,test
063fb7b2e034947e5c4b4a1a9d554c22413b85651f2fb5905c60892867a7073f,8,amp,independent,1883,train
ad44672555490b2a643d7bfd0977540194d25074792607570d33d42e1ea1fbf3,9,amp,independent,1233,test
d2bcdbeccbf05ec1e61c34df60ca610318d5b21992e6bd29eb189f74db12dc31,8,amp,independent,1883,train
f034b033f5ef7d46e0652e20f27bdf47b1b41312b2b399a6d038be0dfe60428f,16,amp,independent,1884,train
f2dc15a8e9aab11eba16511a7c33ccf24c792f68b3041759c122d80cf301dc4e,19,amp,independent,1885,train
388716220b666ffb5fb36b6f9206caf449cedd225c6b04c58a130320ad9c8692,21,amp,independent,683,train
1917aa31bfa7afe109810a5b7dcf1b6065302f7fbc3e7ee2a03f4d8ca516f50f,15,amp,independent,1886,train
b441d3260625f01004b90d1f8ab1e305624736ba2209d5ac0b7fcd534fdf7c09,13,amp,independent,974,train
c17422bc22b3349350ad7183818823c489aa16bff46489cdf719aecdb2057640,10,amp,independent,1887,train
267bfdd72ac5769420d5037589ed5ff2275bacd0efcc2afecbb6d30d760c1fa8,16,amp,independent,1888,train
94c08458076f8cff616b76d3b81ff53ca39971066558350aea56327fd88b8fa9,12,amp,independent,1889,train
bb8e7d4903dbed0340bf35ea99fea89e52bded9f42f7a5a5f424bf3a6f5d6dbf,12,amp,independent,1889,train
784da38bf620166b74cce4ea9067390c52d15d64f3664e9243bd35899fce6f72,21,amp,independent,1890,train
615a574d4ec9a6d71beb2c83ad03f78c6feb1200f15ad678f4db15c66147bf24,30,amp,independent,1891,test
75fb1c5a6b6ed3d40ebe2cc4aa64c3e984807bfef4798667dd27a9e650bd7ded,28,amp,independent,1892,train
7609a6d72dd91f596d84f97ac385a30fd4cc4dd819ddf91ad0bdba1ce3c60c62,26,amp,independent,1893,train
0274ffe58317fbdf00889821b8c16e7981b0b11f29cb58b5194de1dce747f9ea,15,amp,independent,1894,train
7a5f28cd9823eb48380805d329f4fb6807c15b72d2cba2b6a06c0cb62330aa45,23,amp,independent,1895,train
db93ad3916555c930363b51e69ec801d1302aa0d545276d3111724103ed5368c,26,amp,independent,1893,train
ca21d385a92a93610bf82d914daa8eba3b4454f1f35fa872867cff5ab37bdb83,18,amp,independent,269,train
4807ba2d3c1153847f13c67006b1b8cbe0956c0d2151dc3767aa3061917f11a4,15,amp,independent,1769,train
b16f5c953eba87a66f7b7b6d5a9a4c38c23d804ea5051b77e2bdee59072ada55,15,amp,independent,1769,train
740ca87337366d9fc2d5eeeba699da15a5b3626c9f60455f3cf695ac7f75ebe4,15,amp,independent,1769,train
957727fe080ad91c14581dcf0bac764042cd3e2351d9b39c11a29568d92612a8,15,amp,independent,1769,train
8ffc94ebd5600a0b62c267ac49b5f3f6256d8a1e085a4981c155c93d8c84e6c3,22,amp,independent,1896,train
2a076517ad5a0366ca2e8c015aaba4b4069f53e519471e3e6b8c60bcb9659f08,22,amp,independent,1896,train
8c7ae96810a8fa0860740618e8270d10684018c47feeab7c0b54588113bccae3,22,amp,independent,1896,train
47aa4ae7b885585eb79f57c8263acf353d68b500ae56611e720111e40c22d0c9,17,amp,independent,931,train
2f05d3758e5db02c2a378187e519940a5e2330742758593625c510749a17c8a0,21,amp,independent,683,train
49f537b2609698d232efcfc564946e679ab508550c23fbdc770b00a171cf0fff,21,amp,independent,683,train
1ef59f9a2d0ab628ffc3ec68536a3a0a7362dfb5f4099cac75f15b899ef0b477,21,amp,independent,683,train
a2859d00a586e13f5ccf3e84233a537decce8c9fe2b765d957fd42044f0420d5,17,amp,independent,1897,train
95527170078c033930a24bb895c95fe3ed3d48da64abd282f7dc32d68c740b58,17,amp,independent,1897,train
43856ac6ee72189096bcb3f839c43fc29630c2f56d2b39055e2396c7956b7491,17,amp,independent,1897,train
f6cca64a6434b35d3fc17af510304b4ac9204660256e213d035e036a3ef73d90,17,amp,independent,1897,train
b321a9cebf571b85794b77cfccf478a0e2e426c9cedfae03e7de136cc2a4b283,17,amp,independent,1897,train
f268ba473c8220f554d5d0bdf50cd58ef598b9fec36b6b4de63e9c80d1ae966a,17,amp,independent,1897,train
72ebaf02e48bd3fe7312d8c89bcef093ae10c8a006d80ebbe25ad08e187b1063,21,amp,independent,683,train
5ef0c24496ec16faacc1ad6dcc59cdd3ec511170c4e35bfd097f05365933210b,21,amp,independent,683,train
2b2fad3e753fddbaaf71168f52454f9fbe400e9aa24bc803421c798fb5de8690,21,amp,independent,683,train
93702b5b241c42c8538cb8d6df52722103288812133207c7123d79576c493fc6,21,amp,independent,683,train
b264f4cccf9aa5867df56bafb5bc0e4cadf5e2a37537b0fe111883ef8cd56556,21,amp,independent,683,train
07780fc03c91799369237bca115f9ec51aeb4e1d81baf701d2c27b23d5c06b99,21,amp,independent,683,train
3a5dfa4592dfeb6110b78284ab0049b7b96f4ad6ffb3866afddc95372ef2af5c,21,amp,independent,683,train
6bdec0be842734fda9a1352be8ceab5ff7baa267d8e8d42605f5b680a285c1e4,21,amp,independent,683,train
bc8e919e185199950605f4fd7932eea4623407b4200659ee9a3a2cd7243cba72,21,amp,independent,683,train
05fbac57932410db550053bd03b904926299931a75f84556eaccc5cf48cf8526,21,amp,independent,683,train
dfa955c05e2bedad53a60ac5bc05033397d5cc65800225339c26a96d27f0a9d1,21,amp,independent,683,train
11645b5fc4e36ab1347423ef1ad1812f56de5fd460bba2f554d5bdc5ac5f3c16,21,amp,independent,683,train
5b9a5d735aad724ff5e2dad96a9ca459e3feb66654beca2955bbf73374ef7c66,21,amp,independent,683,train
f32bdc65cbc770d8cbb94eed7621796011f19c23de636bb7b06c619e2cb3cf64,21,amp,independent,683,train
d40e7bb6ae84e828f02365024e12134e8fae90ef010133987826c54c8629e383,21,amp,independent,683,train
d8a8cedbbbaa26b647689f3b99b46b6dc6199bc1138f065aee1c819f154472ce,21,amp,independent,683,train
6ebd10ef40d3b5071650ad34024f311596bd62a8c137ac8a837ed1c06f64addf,21,amp,independent,683,train
ae69cde66863da1d0d260b588560ebab8eec200eb07735a698653a1f85a61379,21,amp,independent,683,train
041a9c05a1b1910424f0fe1bbf3197ccfb154811361c8d2ba910c780ec9d3477,21,amp,independent,683,train
ea2a4da812128e8a59a02451e6d00c749ff0ec832cd79f073378ed342f206b61,21,amp,independent,683,train
c4e320a7391f93d86d40dcbf1012f51cd5ed5c6c2f314682e271344ad96809dc,21,amp,independent,683,train
0837f6e94f56ff3973974df49997430bdc3154c2da3899b4762e1a43d93ee7f6,6,amp,independent,1523,train
4637c028fb13f988d9a173b4c438c33f238028e4c9f970db5b2a44510238711d,26,amp,independent,1898,train
116b5fb1834fbc7a264b261c4ae95510a7d6c6c0f22e86655c00c3c4ba9f126a,18,amp,independent,606,train
4804e995e5e1a6ad6ed351dc6946fdc73d1e7f725d73682b22901372e4a346af,9,amp,independent,1899,train
d1411f555a1e3a1bf64d921796bb0171189c2c4a0070bba495a554bf0d6f8910,10,amp,independent,1644,train
865a065320bcf53bad57de714b24d02083aa987ac258645e4c982d0c97cbc86d,9,amp,independent,1900,train
5c0289623b4d7094c00cccea5a6da0c48c88d902710d28809011642eb8d95ed8,9,amp,independent,1901,train
d0462956d6a4c8e5a0a8cc25f097ad63365520fd4b71848e474854e496b97c06,14,amp,independent,1902,train
fd43b9bfa68e7ca8bc3109213a6ec56f18b03aafdff838076eff533c66873df8,11,amp,independent,1903,train
3f13ab058a0904e88e5f13703de24784a1bd4aca2976f90679b883d35811c124,14,amp,independent,1904,train
90d7b383b195fbab02472b9ab9dee52f1c16258db5604a44a8c975a79b286a3f,9,amp,independent,1905,train
1b31f1ddf6f592c06e26312c9bea983f318777a1978e4bb33114aaf658c373c4,11,amp,independent,1906,train
f244bc8a34e8ebe20d48f933e82f69b80fcbe7ba53bf1678da58cb54d552b2dc,10,amp,independent,1238,train
52e7979a71a433ed7cbf8271bfdf329d88e4dc7c515ad3077fd8f000e76dd55f,10,amp,independent,1238,train
66a07657bb6aa1048f9f9685a69228873ab7137ac77903cdabfd555945ba5797,10,amp,independent,1238,train
c4af026edf0e61525efa318f764a32d79c3f9b51fba40109851d546928f62707,10,amp,independent,1238,train
43d00463e77ab1696007f3d8d52dd6530cb0ef2d3f1f050d5e6eec3885c8d131,10,amp,independent,1238,train
622470c4836daca482d7b8cda04fbf960ac3668b3cc7d40d013cf5a2b9e2c961,11,amp,independent,1906,train
4a96117d93533cffb72bfb8b1e1887a29bfd39aec3af85de6716b582a44d4ccc,11,amp,independent,1401,train
48e51f38b4ec97c4d43d9254a40752a62bcade9e35aed1f4f7e4fb45c9c3d154,26,amp,independent,1907,test
118e8d2a88af1818e9de0ceed527afffde74843adeb33ecce4bcc0ec4af27317,26,amp,independent,1907,test
aeb14a3d146a779162df5955d07a503ee621d07473390771661fafb6381f61e4,12,amp,independent,1908,train
b93a3846fec82326e9fc5c5100f88f7a79d746b01e0eb80438fc54b3cb9cdea7,19,amp,independent,1909,train
2e3b53784d7267ae05e38ab3e4117b33aeb2d64e50bd98e5cc1564dc8aaa1db5,19,amp,independent,1909,train
9043c16a96d7586cfc6b21737dc5e17011ac80866b31213318739fbe2e5e7d02,19,amp,independent,1909,train
85b62855ba163a97e712bfdc1f91bc724b5659a9db3b8542e427f5bc15d515e3,6,amp,independent,433,validation
bd05183bf986bb2352a63c5356e94f773521d9c3224e02b1abc3e62dec16e731,13,amp,independent,1910,train
c6743fe07c30b19c5aaef952359daafaf64bdf0dc409b35d6c120b7c01f227e6,8,amp,independent,1911,train
b0ea8d5ea95a43a9c069fe79ed3230e5f2047e263b977b018c9b484778f045be,16,amp,independent,1912,train
9a9c3b5df368f7c31446955e952e9dccaa4b5704aa6a107aa7d62cbf119de32d,7,amp,independent,1913,train
74a48d4af67de70f8fe40c76828612d84e63a8d0db7f1ae62a1dc8e9fb405856,10,amp,independent,1914,train
820c53230e453d8c615c0181938f4856169530b4f173922617c20e4f359851d6,14,amp,independent,1915,train
7928fedd1392c9859a12f93a2bc0a1cafd8e3aa62b94e2a35d1bc0d7412050b6,11,amp,independent,1916,train
a71934ad9f715bd461c754e16f789de0db03a5922c5867b95b5fa32891e3c0ba,7,amp,independent,1913,train
730a7ef92eb63c79dd8fa5b67e21a9494aeeae352e3fcf8bfbf4c39d1dc5ddd9,9,amp,independent,1757,train
fd40d4763efeb9ad8a0472572aabcb4a20840a65143c79df069e54703f6c5f7a,20,amp,independent,1917,train
79b96a8aa43dc648eb742410bae68c8de8030cda0ebbc118f5036828b04a61fb,9,amp,independent,1757,train
2a8e7e15a7a18f1716db9a5d51d31d1e3824544ec2f0a79e7210a187e51acda9,29,amp,independent,1918,validation
796bc237ac83f5b3568d7816822028fa7f614fb1581adb2860ae2e76093941e1,20,amp,independent,1919,train
ed95d9f86c5c70bfa93426dc60073d62cba40f104aa7a8696e30b7b6586351a6,20,amp,independent,1920,train
3951ec77c2e440dd778886fe46f08a54bd0147fc883a51e53e65e3ba8182ff9b,20,amp,independent,1921,train
31984391c09ff529a79aff6332a3c4f6e397a9d40793d588e8633061640fc676,18,amp,independent,1922,train
86e3943aeb9eccc262e7a232b401b041993014fae3437f79f19db210ec399196,18,amp,independent,1922,train
1e6aad39232c20e677046e55c65abbbef69d3c20b3e12ffd6041a8fe5298776a,20,amp,independent,1923,train
d22111288d3c6b5e3962ed9ae70fa8cbeb1e9b4f18b1ae76567c280747c124eb,18,amp,independent,1922,train
a0ae6cb42dac2f814898dd63ef599ba77a9b9673764e50943a154e7589e6ff3f,18,amp,independent,1922,train
b8be201cba1a85a5785e94a22236966ff2f8bf25e4b627c59caccdcb5f61b2b2,18,amp,independent,1922,train
1343f35d6aa0c94b28dfe202cb53434e80daee47a4570e6450f4f08128fbf43e,15,amp,independent,1924,train
4bd33c6bf8e2121c38af2c51f90fb6cd0baebd19a48c80dff24599fdb30089fe,22,amp,independent,1925,train
3a82d0fac12542041c6497a1feffd8b20e578ebbc58f03b5601140808847a157,22,amp,independent,1925,train
62dfe85e19273f203a5214d504d8102272c3ed136a3bec2f1cdccb1838495cd8,24,amp,independent,1926,train
789a0c4cf9be502f5ab42b3297a7808eb2765a9e80970f458066ec20a46e4fa2,20,amp,independent,1927,validation
185dfaff05f966d6a1ad2757ed4013d557f6499af9d30619aaad5429ca7b13ad,9,amp,independent,1928,train
d9cd39439e9a2641ee583f6809036b04f0852f6b08b82512d45773bf339b909b,13,amp,independent,1929,train
5f21e81ad0341c7825a0f5c93df150b921cba7dd0d020127ec1d5a2d15cc53b4,19,amp,independent,936,train
18b7b7cf8e8ad2d690a3e0286b58e9429af29b71cadcd8601d4126d63eef0534,19,amp,independent,936,train
d1a77635afe8c85edccb7c66af73705900447dd91a1567117c22bbf251324fc6,19,amp,independent,870,train
db6c5eba3408e322dd95d0074b0bf941c48b152231f7098d2450e6ca3b4b5774,26,amp,independent,1930,train
8df2e31d5ae52fae46765d676c4c0a42af5d9be749578bee44f6657fe7f29927,26,amp,independent,1931,train
d814ff76b8b3b69d94fcf16aa0c3fac6b7dc909134eb480baa595f27ee7dd940,26,amp,independent,1931,train
03ca462419ca16415d4d37b4f3eea6d56715913319da601d7aa95db9787e51e4,26,amp,independent,1931,train
91b67b74fa066939ec47dde7645877ff2f3c67642afb46bd0b4689a71e033a44,26,amp,independent,1931,train
a6cc9a7b5cc0c67a69c4f604c5e954db3b05682d1cc2c5766f5a7ecdce746882,26,amp,independent,1931,train
6aea0e42a0e05bd17f66ce6cef1091511ccfca9add0df10d18cbeedf1bed5491,14,amp,independent,1018,train
111b4dcdbc21e88624b1de247651fcaa5765b293914985d7eedd0b37e4ea8348,13,amp,independent,1932,train
4fa77771516fad04df38c416966bbb80b4d2e174a67080ba574090c49e4915f2,25,amp,independent,1933,train
d0dcba3d9eabba3d334745b29ccf54c00cadcbfb7c908378652f2f147d5496c8,20,amp,independent,1934,train
87176ce259718f9b2e63744bfd7748f273b86e503efbe04c9da0653512015dff,18,amp,independent,1935,train
b2c529b9d2e8952885a87b925d35fbd4e8c4d18bb163b33281e9b8b182abffe2,18,amp,independent,1935,train
f9fbe11a621d2d9d9991f8f48151ae5d57b011699a9e27acd1b16109607d3511,18,amp,independent,1935,train
a341a5308db70fa2becac64931224686b41d76781be58ddee7cf1f3bed33af3e,18,amp,independent,1935,train
de468e9cf623866a21d55054bb16f376f3b3a581de60f187b31464d3e15b658d,7,amp,independent,1936,validation
34e6d94ca7fa0aa439882862d8c765d2d36fb6cf43c021eab6fd86a9c30fb1be,11,amp,independent,1937,train
28b534c8170f9232374dc9ef7fd82e6c1f79b110912f124abb911bcd2497d738,13,amp,independent,1938,train
9135f04d86487c0ea721819c26479e104ac225f3f4a3d30fd637364ccac585fe,18,amp,independent,1939,test
f0c9c2409f074e8a1610bd48145dafb8341064cc190a43454b24bf99b5d1933d,18,amp,independent,1939,test
60511144396d5992930d9dd40eda064b4a7b61ab3c9fc6c8e41342656afa7ebf,12,amp,independent,578,train
b4ef8d40cfbabe773a951dcce82d924159a0b55cabadb64f0741a2921e4a5c88,29,amp,independent,1940,train
e5da29957123392be4d7b06658f49b385cc622ea036394d5e87cefc738247450,25,amp,independent,1941,train
58894a696af2515a3082682be5bbbd19ed832f2d28a7fdb92c2be6adac41fc2a,25,amp,independent,1941,train
80095569e32c666cb797a307c7ed52f1320f3db3a050c5d0dd2bb57478acd011,25,amp,independent,1941,train
df81883b2e8124cf72ae07bf4ff0163e525628b8f6018cedd6042d7ff5dc8b4d,25,amp,independent,1941,train
352b5991fb45699ced3e5849d33685fcb23cf1fb0ce6edb89f22d7bb765fa2b6,25,amp,independent,1941,train
5ece392cfc14811671dbacd5b73dc2aab4ab2e8de05403a9b4a031f3eb8992f9,25,amp,independent,1941,train
699f486508d37408401b0680d7e69334d236d3285cf083759337076ad7a84ed2,25,amp,independent,1941,train
71af9fec47993b19b747ac3b52a07a785609460c7b46a66a4cc067c1eb99ff67,25,amp,independent,1941,train
763423316b6a6701aff8133eddcf9e6280e88aec6ba9398d7c99dee15ad468b9,25,amp,independent,1941,train
a4816572675e80163ee68f2dc7b21f911c0e59c7ea228b7812de44e2bdec15c7,25,amp,independent,1941,train
b43e80c9c63657fd64dade667ac1f6af26f18a35067a1770f8d32933ea2333a8,25,amp,independent,1941,train
6b0a86eb4b4de6e5209ed1db75eaa24d6b905088c07e84b8f72fb37a29a90a03,25,amp,independent,1941,train
82d52aed25edfeb7cfe3abf84a5ec5a212429ac2f4105c0ca8d5a54c6eeb1568,25,amp,independent,1941,train
09f0040e9e7e88dc34d74808ec7bf96b2ae116ea511ee20db7cb69beb29fe742,15,amp,independent,1942,train
13c179cf70c1b789f1cafd42c3033d3d01faf573f117834a75cf67e46c94d32a,15,amp,independent,1943,train
11dd2d4c1b73f1c1504bfa6ac1778e68e72c1b6e8d187ea461a6ea34f4a1748c,15,amp,independent,1944,train
b0592ae1bccb631bb1127d9d226fd9f90bc3f54972e17681eaf80dc018f361ea,19,amp,independent,1945,train
f35a35bf24ef5d6df399d376f097c65616cd957511445152577ea273247339c9,30,amp,independent,1946,train
75ce67fdf2b50f6767441219ea9e91aae0e8b0c93e9e0a8eeadbf71a8a14bed0,14,amp,independent,1947,test
47627a3d2e9e562e2b31116a43b6351fb90dbe868a06ec382b3c75ed5d445ac5,20,amp,independent,1948,train
67e4a7537afff9e9f2c1b636447a3fa5deb6b8928b7ca02aff65ccf5b64d1fb9,15,amp,independent,1949,train
71f91a231de75e563740a9c87bd58da8668e0da9995aab4f818b72f9163c9dbd,21,amp,independent,1950,train
05574c2f70cb565e70730aee6e53181ffc904d038c876a214bc8b025282efc12,20,amp,independent,1951,train
b5a1d9806701dd589c1ed8ab29b988c702e8e881f8e68f2b6cc99259037b0ba7,14,amp,independent,1952,train
f69fa4e5deea457f969dcb5fd8a9fba9d2eaf1dcadbba8af210a124730c88e70,20,amp,independent,1953,train
e26bbc54e9879b66bfa7bdd6fcffad66c36c0b8b1e45e7408c75dce75901191a,23,amp,independent,1954,train
eed57fa27165fd761164ff27d8cf13c8876a808dfd6be53405d2a235f0f28d9f,21,amp,independent,1955,train
b71b7731d097a4af2c69f20ec76d64da9861e57b84ab729deb2558215023986d,21,amp,independent,1955,train
e3f89a4557fe4b59eb89ae1b7aa1c3a4a1f42fa372d248a90cacb11a2235a8a2,20,amp,independent,1956,test
94b07d00d890a2d6f9b9277aa3bc61a9eba975b62b43a7f970494fc345dfe280,24,amp,independent,1957,test
d7ed78e615033b83c1a78327b832f57e9f0755e5c35fbed006b5f5faa015ea92,20,amp,independent,1958,train
96d5716c36edba51d2f5f749ee5b0205fd792dafd998b1adf3a8136f64a1f325,20,amp,independent,1959,train
1e61db414d47d7a3b93072b7293ba69814251c52c779e27fb9a3167e367dec6c,20,amp,independent,1960,validation
7add04c8fba1a8799644e7458cfcbafe2555bc03a2470bd433253ecf2d2846a3,20,amp,independent,1961,train
3a5caf92cf20ca03d0880b74b21e18964093c9b2bb1537916ab361e2bb11df16,20,amp,independent,1962,validation
8706d4f6826c726dc16a3c1dd96355e2b07aee99c1041b00bf3e20bc0ce57785,20,amp,independent,1963,train
18efed9266a0741e75b13fce2669b1b3b09fc19fafbe9a4ae6771a5d0140de4a,20,amp,independent,1964,train
88d428016b732295b508f8098a9ce5be7f46efa321180f3a2789e71ad6c2943c,8,amp,independent,1965,train
ff327a0d2f6bbeae468835bb3cff403151031916474d90b7900a57c306036499,8,amp,independent,1965,train
7d072edbb8fdf6be3c593dda351f1d5f246947f9339ab75449356ae705b73a64,24,amp,independent,1966,train
b04b683fea5da592612eb1109ff81f96cfd060e2d51b840bd6900206488c36a2,20,amp,independent,1967,train
71661b9dc2615a42688afe9ac24f5123a4d37aebe128fde9fb8e9b456ed74d0a,22,amp,independent,1968,train
f1a2ec3ffa60ff94b64cfdd0cdd5c10d8decd5e97f6e2773bde688061e064931,19,amp,independent,1969,train
84d9943449493938a4cf00b9de48b0533391ba93671d7b188e8ad165685070ce,22,amp,independent,1970,train
1288aa4774b27548dc4d69484a68607d1399c053ce4313c74c4abe72e65f0e70,19,amp,independent,1971,train
a3b7ba254485ab63af99d4ab7fd601dc80aa1419f16ae724b9f537dc881854ca,22,amp,independent,1972,validation
f058717f8fdb92124d41a16cb732cb2149f869484efa8ab60f6ffeacf94680cc,22,amp,independent,1968,train
9d2fad5aacdb018709fb932e70c1dafcc77e109e346c3395c1ef5595f607e3b2,22,amp,independent,1968,train
8347a36a1a4028f89debf727c9f82cf7c812dbcce6850ed7c3b14392ea356df1,22,amp,independent,1973,train
30c1c1bce22c1e00246a626b80456dac961165956b02545ef40eb707da7f1f6e,15,amp,independent,1974,train
f82d984fa9f5654a41efad5911ceed833ce725f02a081cc4e7da910b87827cf4,11,amp,independent,1975,train
cde9dcd690efdeee2abfb5114b02c8664ff2f3d4c3d6fcdf2d859b5f62995e39,20,amp,independent,1976,validation
0487ae0bef5c5a0bcf4944972217e3c5eb64b9fd49bea7d10f320803d1722369,15,amp,independent,1977,train
01eee4d918d6e699d26b03315ce5a94d9abfb8650b7ee5005caa3e4ef6d7be6d,21,amp,independent,1978,test
72463f44e273e267317aac121b933852ed181e9fbc22d71b1c179fe3a146b129,7,amp,independent,922,train
2ca93348fced32d9550f7d65cb233a6fb6b8c27faccc54b7b62122abcd97bf30,15,amp,independent,1979,train
192b41d81a77ff0ff2b5469481ebe8db53e5011b8d86ea559394716c6037d26c,24,amp,independent,1980,train
002487fbf36c08f4c01517cf0d119601c8ff990188c3e9967f5b12083ba715ed,17,amp,independent,1981,validation
0e4fdee71d8af7d0b4770fc83ade352248c8597e46e1d072154d6bab55117425,15,amp,independent,1982,validation
5a2f1074068da19cd6507c3a434a79648fb1e202b18300635b9cdf92af7c9800,13,amp,independent,1983,validation
a01b8999e4b4c30baa67cb08ff50d9412d5596123ad4d7108fc4691f670e2852,26,amp,independent,1984,validation
6a981579262839fd27d2c33f9521467f1c3f87be7c7138559043165df525b9ba,26,amp,independent,1985,test
0988fd25dc7e9132fd7d2a0e0d920be80e464cb03465a7c3adbdfc0ad8b4b8ef,26,amp,independent,1985,test
f9c81848e505b2e80f72186ae4f722c2b869b7edbb67fd61589653b6b52d2870,14,amp,independent,1986,train
bf2ddf49a7a735ef5fc38854b0b847be75e4d4eb179d4c7c1a01e683ef439e8c,13,amp,independent,1987,train
d4d22ba0d76192b18bb7e0d12ebb87d37c755849b8ef83695c209a0585aac93b,22,amp,independent,1988,train
152e3c150b3fb0bfaeb3ceeaa214bfe06931fdde56bc73a2a034cccbea6662bf,12,amp,independent,64,train
d2d2506b5834fd9ade93c3f08a2370723f5a1b93a8f9092a7262c94ef876e255,23,amp,independent,1989,train
29c6fa567a7c9c83d3f8a6902d4d89319de0d5b702b995a2bbe330fb94495eb7,23,amp,independent,1990,train
10c076b54caf1380cc986506192623df3d7135f5ef752e7df4cf751596c52b94,20,amp,independent,1991,train
80518cb3ad2369d6d52195f0d83ef8290b5b89bc9cb29ac72e1aceee1e77d669,20,amp,independent,1991,train
99961c44721846cb39f80d7f8e1efea2b064940152f1ff81db0a64f29d3f2a18,19,amp,independent,100,train
919f66bd29ac0020bcdf61b0f40ccf2639ca694764b3875e44052d8a5fdc226a,18,amp,independent,1992,test
a54a554679308565d94ca3b379d2bd75f22f4e53ea0b08c72acc18146990326d,19,amp,independent,100,train
4ab6b014ee10a3d4c7175bfbec0c3366012f0f0e1e978b1674b6d83b89f79d34,19,amp,independent,100,train
a027e67fce93c34185fcf7d04cf976ea4c3d8169dd8f29f039b2bd7455a80663,19,amp,independent,100,train
98359dadf763c3870a77462bae3a3626577591a339cf6c010308e6abbc3880b0,20,amp,independent,1991,train
60d6706c3a74c3009e515babad377caac4285980c9824ba5a4508681a75cd213,20,amp,independent,1991,train
35d8abd83d5f8a8214d1dc813693c9c6f4432827b42251212fb64f7ab0d135dd,20,amp,independent,1991,train
a6b6f3d3949e1c6437f4134cd6549c359ea53538bad920348beee3229b0b244e,22,amp,independent,1993,train
0cbfed3f56d56263d05e5bc5e3fc8a4a19ff2eee9617f88e7edf58576bda72aa,17,amp,independent,1994,train
3721cec6620419443891610f7cc0e10f0f932e00261e31e569040fa5519315bf,20,amp,independent,1995,train
3a993484896b804005060bd5e82f3b0b972a60a02de9c00d3d6f7312fc29ac53,15,amp,independent,1996,train
fd0b0bbdb736ef9e2952a99061ccd79399bde894de14657c8032361fc9101b30,15,amp,independent,1996,train
7dad1f26a4e20c69b89b960a8aebaecde09c088ec1b234337e41c973b707dbaa,9,amp,independent,1997,train
bbc4feb1245927edeb17a3c7bf8ede607de42748d683939fa30ec66fa240137f,10,amp,independent,1998,train
b32ebde92f2fdab82437a02c9c5133e8233cbaa8e4b86a1291da7ed84da43bcb,20,amp,independent,1999,train
59d2e6df0b72f7782a008688b3fa138bd51617b3ef401c34857bf5f1de7c6f87,13,amp,independent,974,train
d92a9a36f0fadbe81339c6708fd69d745e24ade6a7c9794d38f812cd1897252e,17,amp,independent,975,train
d15132ab02f506366cf0e325d525ef1467a1997e06e4cbdd09be278ca6f1ec4d,20,amp,independent,976,train
787efc6c4197d7fdea3bc9cc36194e4298f132a13d7672f8bf9c18e52f258aa3,12,amp,independent,2000,train
b324a5d95e568b8d297b3121bf0ef6871bed59017613d53e8656f553bcef3a27,20,amp,independent,2001,train
4218bee6261fffa23cdaf87f827fee38f0d2bf3c642f3e239837b5397cab3fb7,13,amp,independent,2002,train
1446efed4621519f7b4af0fd623fc3bd837e6596c3d97286242492fabf2c5bfc,11,amp,independent,2003,train
a81959a0e9edb6a42fe3b3473ddb90747a6f2c0690b129448b01d33f5c0e7b00,15,amp,independent,2004,validation
5289aaf5a2b30ffe1bde8c2cdbf14deb071df7d58fec20bf177717bcbf91251e,16,amp,independent,2005,train
15d7921219174d18fa2427c5f420722dabb4e598cb85688f509b75d29f065090,15,amp,independent,2004,validation
ab1ccad35b305ba2bcbe12124ffa7ae6bcd009c3a7a17dcd8e096f8702f8a16f,13,amp,independent,2002,train
69b98f0820ebe813ff992dce5da72e51e4c02842389d33bba0ef01fefa5bf4f0,11,amp,independent,2006,train
43aa068765b1d0e768e276ebdadd40da32dd69c0f9a908e2ff012ba41ef23786,15,amp,independent,2004,validation
23f93624cb8a1d0a1ec476e32a877e468f4e8c4feee20eeeb4635ecaabd6b0ab,13,amp,independent,2002,train
31a2d08b9ab7d4dc6b27dfcf9a7c7cfc4ea02b34e0f6f3f8894e9e91f0152f17,11,amp,independent,2003,train
9ab1e4124ba7847441891e2183114bbca9af2c1343cd0e4ec0464b45690a9f0f,20,amp,independent,2007,validation
e02cec1b6022e56bedff6a772b8ad54a43a54e7d266ccf4e473af73fa4e8d552,15,amp,independent,2008,train
9624752e09546fc1e0cde4e56b7b7f169c60b38d8431954cdb5b5015757dd27a,14,amp,independent,2009,train
a128075612f658c7cbfe0d9542788274b6aefd233d0cfce86fc0b8b4065b0eda,15,amp,independent,2008,train
19e59d7d395bbf041ce0e301b3b32dfa0b60b0d767c5fb4b010310cebd125ca2,16,amp,independent,2010,train
68135a2210c56174b4ff4f2994cea52cf51d306b4ee5f41ae6b59ce263be8251,18,amp,independent,2011,train
d7500c283304b84ae8491c0f05f52de465310d869d3b4cf131ba28d6ae9922ff,15,amp,independent,2012,train
6c66d99aa54732312e036de05cee9fa7d03c8b09bbaa90cbb964138a883a8a5e,15,amp,independent,2013,train
7f856d573b405716c9a46aa843d28e58871536e5b195ee6ace5f9522b4f5cd79,15,amp,independent,2008,train
695be1a48e401f63a488f2c4e9e21aaedc0241499ad28dd41947ef430902b936,11,amp,independent,2014,train
ef04a49b0050c39adfa1cb671af5e18616ad5c927f20ca6f7af8a8ae06feaf0b,20,amp,independent,2015,train
b44a69025efed39db0cae96d3c69035a89ad310e823e4dc4db325832f60c4ce1,16,amp,independent,2016,train
aca00c524ed3df2c0df0afd692c579c1d36271e897eb70e5f54e152555ea4690,17,amp,independent,2017,train
b0f3f6e0604cedef1f17a625fc363509bc611f21a9c0c27deb5d5703d4541d30,12,amp,independent,2018,validation
a8a5c9bf1f66c0a72c4c1685d78a9b88030117198a2493885c6874a803ed9b59,12,amp,independent,2019,train
3978f4a7ba1fd3e9afdfb29022f40685e424482532cdacfa000a42c366a35e52,20,amp,independent,2020,train
5ddce2b7ff08f754ee2e90118bac47d47e3abf918ef67e4146edccb06a43b1dd,18,amp,independent,2021,train
4c3c4bca84307271162c0a423305e1a6d4033825384d2754cc850fea1ed44520,15,amp,independent,2022,validation
11b3bba204910ade3fa4755816c69e5d3017a7add1b61825c8af22fc6beeb469,29,amp,independent,2023,train
5f058175c4ea981826071454ee37019fc1130baad76fa539b27d8d1c1274f8db,12,amp,independent,64,train
2f05f7e25c05b1761379f74a6522cc8991c3b0c32a6425e24e43edb835eff7c7,12,amp,independent,64,train
c60a3161bef682fa78e16fc6992e72647be08098fae995182ae98e034060b721,12,amp,independent,64,train
ca2fbe7916ba24eccc05345fa9e680c2a1ceb1174617550802deb0b7fbd03c17,15,amp,independent,2024,test
587b33fc0851c8bd890492f65d1e5e61335bc044760cf879b0966533d64894d4,12,amp,independent,64,train
bf4d03c7944ca1881da11ff4f036d3dc5907ad4c9e57f172cba42199e8b77e43,12,amp,independent,64,train
aee67cf6f81013a0672ec556ac9fc89cc5074210aa19d096857a947ec7f038cf,12,amp,independent,64,train
89aebb9dee66e44f2149e59a142a64749bc547b005ce6d09565e63256732c650,12,amp,independent,64,train
f028f58cbf202220ecf939b01e958df99c44477d44ef629f3182505758145d17,15,amp,independent,2025,test
990b625f555060de226a8111bcfce0b026d0da32e96b19de40b0e641a76b400d,8,amp,independent,2026,validation
91fa72b1e1b6b0f5304111011708673bb3c20430ffe41956bea810f11fb6062b,12,amp,independent,2027,train
24d1f06b9bed601c2807ca7d9794d77f99f3fa7a13cea642ea31eddcabd299a2,20,amp,independent,2028,test
8af3e90e78a4c46d6915ec87c1d3c1bfe556b6bdd2f98ec04a4ee82a20f17502,15,amp,independent,2029,train
4560dea558e28bdc529c50eed04b09fa5bf6169772fc4ddb83fcfce06560c9cf,8,amp,independent,2030,train
2252d0504f890f4cdf468eb6477911767d7225f4dfbb74d42d48a57a6dab8fd5,14,amp,independent,2031,train
f672ba63708efbb050ee23f985cfc92f710eda1f5f821269e9dde074a9d768a3,20,amp,independent,2032,train
c377c26385e7be2f043a326407ae7a86b46d954aefd4df529084ed5f6f35960b,20,amp,independent,2033,train
ba6c82a5f6ca76546822076fcb5deb50870baec58cab1e9094fa844ab98823f9,20,amp,independent,2034,train
38ae2e06ebc9e76c9f468afe773b89d6de88b70b55b3a83ba43420cd3dd7d527,20,amp,independent,2035,train
03774d8c4c255415c8af497dc3051fbbc8c65709753bb220f054d39faaeb64c2,20,amp,independent,2036,train
c677caa1aa3e64c419188da16a6f26ca6e3aa913ac7b8fc6e37f809b6ed83585,18,amp,independent,269,train
cecef3f2afa484e6021ac84fb216b58ecbbb73e7d3c4ab6abbcf8607c5b3dfcb,22,amp,independent,2037,train
c14b842f02085b6d7f551dfed1fafb7986f21d01f5b16bf6b94742a522d798a9,9,amp,independent,2038,train
48eada18e8df89a28f290a5f9c34e47b8cc01102d354808e0b14f23931323133,10,amp,independent,2039,train
919cd5db6462af3d5fb66564b5b7df0b3e654d2a0fa92d35b054b882c8929df4,11,amp,independent,2040,train
64d1eebfb35b54acce017b3bc8653a5b7bb9897065182a594074cadb1f4e172f,9,amp,independent,2038,train
924b4a3110999f528b5873e288ffe03e2f9ba53d0cc3989cccdb874541867611,11,amp,independent,2040,train
808d88d7031c5cb9f592e27d99cb6daea401dbb5710daf0538488c27a1ada20e,9,amp,independent,2038,train
a5d16706f03cb1a7230be8e9f3f59f80a6c4eae3daec19feb9b6b97fc756c9b0,11,amp,independent,2040,train
b35bea59f31ff22dd4a65f3617f4e30c49a524077e9df4a65b72e3cdbe4338ed,28,amp,independent,2041,train
a7863773659d3d170c9413d1fbaf934105ab55d6c361d128b181c68fffbf3f96,15,amp,independent,878,train
72064c16b72e45aa03ed6dbf13a71f826ae9a142e8e62a5eede4c48c55a7337b,20,amp,independent,872,train
25e6cfe61999920ba7978766e74f4e3d07bf1c00644ff7a347833386eac97483,18,amp,independent,2,train
2a67db686341842bb00f3a026594c0db080d6e144dbbf201e1a6b6370f11e3f1,22,amp,independent,71,train
4be138a8dbf2a1b88fa2ef8a75e7a5ad7f74d09326bec2a98300c52acb86a4be,13,amp,independent,2042,train
4e8f6dd15d90142aa18397c8facedb168a20af1843a74e3a66d87944b6f7ebce,17,amp,independent,1330,train
c6d0c7765bd74c314237f0bfab76cc99f5c68a3939c6971e4815cc6a8aaeddaf,17,amp,independent,1330,train
43593639260a751b6bd816df74b29e33ef909361560b7f1cc9aa5813d3044634,11,amp,independent,2043,train
b3b45381df74e5a5fa56b03c063bdde6f173642094d02dfdac55337f277572ff,20,amp,independent,872,train
978da696ae3ab4333be09390b9d8ffcae1b425149caa71c73fbf29d2620dd5d7,13,amp,independent,2042,train
1a768e3ad366c0f40c214c64b5967685e5e484bfb7f390dc3d289ef853815fb5,13,amp,independent,2042,train
1e60bd311ff7fa3d4331cd48d4b1db08328de683da98b33e3debb9d4d421edec,18,amp,independent,2044,test
7e9407873d9cc2eb699d86d489e6198471860790637aa2830bee74ae9d47431c,18,amp,independent,2044,test
286f4632ee62b782bcfb184ec660625ad3380a7545ebdeb302c0660281f3d107,18,amp,independent,2044,test
99b5f7886082f8652bd8f1e81a8e54314025b80e4696b624bf473d43608e245d,18,amp,independent,2044,test
261d1331d289d2061139f5f94f27f67d667b74c5e9cd73b35aea356de11eb68a,18,amp,independent,2044,test
0c861044d3c4432c838d56a3b04c8292134cc3691912825f596ebb5890080ec4,20,amp,independent,872,train
7577593ed63c69077eaa6db664eff5e042265f24418c3551c50c0e6268fc63bb,20,amp,independent,872,train
96b6afa67ef6d7fa9be863d1042b68bba293aeb89f11b85c75e831bd482eb10e,20,amp,independent,872,train
e99c9c25702f1df98985180b660d16ae5ffc6f77e94d2319efd27ad64c660d3e,20,amp,independent,872,train
3fa14df27579b8a398da1cdce49168822befdf7134056657480b05191323ad50,20,amp,independent,872,train
c02097d4b4903e95e0640be9a9248e3bc739a01470a673416d9e351dc95ec81d,20,amp,independent,872,train
7a4b9bf76263f3d0b5295af76d463d2252afc06251e9d8341cef042dddf736c0,20,amp,independent,872,train
ec63ecead922a688601551dbb0bbd18d66ccef3b065977d95f9b9cd83da7f394,20,amp,independent,872,train
2e17b04de82db69e5d5ab872750bdff1a9f9bce3564ca21c3a9a649ce260a306,20,amp,independent,872,train
a46bb50aaff3a5a350aeda319aa90e9bce3c1e908413bde3966386c00719174a,20,amp,independent,872,train
584200795de730d24e2a6f42aac172c24c529775dd081526d33c965526596d2d,20,amp,independent,872,train
7adf2f64c2a54e167818820f417b87a1441809590ff3eb8a2f37310b2a51d6fa,20,amp,independent,872,train
005af4d173bd8fe672656ad5e72bff61f431872167e1d397c6458eb5799346de,10,amp,independent,2045,test
2fcb0407df02ebb3afe8e7c9838f08d98978472bce2fd6b8e5529712e833d4b5,13,amp,independent,2046,test
f2d10a6c73a7bdd01ede9e7905f572bb49014e29c24dd6b192efc16821dc72ab,11,amp,independent,2047,train
90ca3c45b0cb2a2d224f37fe201bfd2346fc141b9c3c618e0ead236a5495ef38,13,amp,independent,2048,validation
0a61bd7a37608d6a0f9b1cb287c11ba4ce189ad8a3a615e64e92ca56922458bf,15,amp,independent,878,train
83a948fe3e0fd6f79caf3a99e2fc7879eefbcc6dc5c41d67c1137a5e467f3412,11,amp,independent,2049,train
678da7a5e7723c25f371e5db8480d1f7c8da50627ad11e823ea86ccbbd778fab,15,amp,independent,878,train
9832df62fae4331dabad8819b8bc585c57a45ed9e407f08a24b52a805407ebdc,15,amp,independent,878,train
a9ffdffa17f55302a51d52b35cac8a72e2771c722224c9de3ae72f867a2779df,15,amp,independent,878,train
12c00020271340fdf1efb23555165ff5a43c360181dd8ef1768180485e3f5211,15,amp,independent,878,train
55a95176a08f7c5c06fe9577c5f511a7cd5135f1a15b2527bfd6a0befb2d5021,15,amp,independent,878,train
f24bbac4ecd086ef866731a38b70e0a9f2cd9a05c58590482a42ac72afc215bb,15,amp,independent,878,train
762e2d3940967c711f5daaed25b4b79a149ff83d77c0289714969f6e3bf122bb,15,amp,independent,878,train
a8f207bb0fab0013f8a36beff940f86e2b893bed754b10036f84558172738e27,15,amp,independent,878,train
01868c16702c4ca7e4a86b3343512fa52c3dc214e74e15ddbf7a15cc720de5c5,15,amp,independent,878,train
880cff5e2c5384e8630250ca8034f3881bfbc7a39decfdd7c5d54db590fc6f35,15,amp,independent,878,train
f032503bef65906abb6181b116367ffdc2cd14e2ff0e940d6a3fbf2e7c50adb5,15,amp,independent,878,train
4c8e9aa67d0995bab335d9c4dbe19449dc4e40ccbbdcbda36d023b9416f12b22,15,amp,independent,878,train
b379da897c0f92a1b4b1a97501d9e902c7a4c912ac484a8ea4b392c73856f513,17,amp,independent,2050,train
129c23450b3f93d9f82d50ceca1315c99b2eb6005b11e6dca8c9c506d0dd74a9,17,amp,independent,2050,train
6a4e2581ba7d6e72c75a9229dc339db9413da85abb14aa6fadb7d5046b87434e,17,amp,independent,2050,train
af3822b4c3c252552218e024614f08d4c798df76a99cb1e20b176d9f9e851dbc,17,amp,independent,2050,train
4bbbd8e26a43cb71095b5bb888381f391695f53e69acc67532d517598774b5a7,18,amp,independent,2051,train
171d5a4e8e7200fdea5a814eebe647a2165728bc007c8c60d872d8e1cdadd900,18,amp,independent,2051,train
40baa10ce54c3082be8eb87e392b37dfb0ba2a82925d7b8604bc1f9afcd3e07f,14,amp,independent,2052,train
4664012a88c7fac587f47c6241cf145330cb5ca345a6f0a3ad4c890e0f25c1d1,13,amp,independent,600,train
2c90acbcfb6f3bdf014c5aa3a732183a086c4082b4b55150bdb2069a6f236abb,14,amp,independent,2053,train
cafef0b65ff8af295304dc66577b1ffad339ab0e51bd4ed006ff722023187722,13,amp,independent,600,train
5cbc3e4ea222e2ac9dd2aa92cf9938c3b37584000f56ff85672766babbc4376c,16,amp,independent,2054,validation
94fdd9eb685af9ff78b0bfc0f6c3ce3d217bce8b685dd26e658dae3d324169ca,8,amp,independent,2055,train
563e5d1ddcc6afc82df074697bee281db4946077aa8cba13cc1f2c5a24851ae9,14,amp,independent,2056,train
cca63453462276acc23878ddd3caa25bb0ed652ae163078901b90fdafaff08a6,12,amp,independent,2057,train
231bb6a7ca003e37684dd813952cfb625f994efc8c2146fd37c2fce5170bc19e,14,amp,independent,2058,train
c2caf6ecb3b6ccf4c21ea4cf78e397817f44fe40eabe116a8aa92b1124b9b0ae,8,amp,independent,2059,validation
e902b065aff7c0374e81114244d86bfa4423a2c59db39c1e4dec680e3a00134b,10,amp,independent,2060,train
641eb1f4fb95545c78fb1594b7241cdb1d5bea8fc4489c2bd61710c1c3b13043,12,amp,independent,2061,train
406ce3989a17dd589916b6755108c464e54769cc499a086910ce38fd2fd063e7,18,amp,independent,2062,train
5c638b7fa1f167e17dbde5a53d17f0219bc56dadc889cb08ed5b4b7edff6a23d,14,amp,independent,2063,train
d03acbd851a504f63885c0cad656593c5bca0ef3b2d1e10824533e7ce773cecb,12,amp,independent,2064,train
fa72c6bed8fbbdf2194c843bbe5fd907c305ada58db49380e64cc61a9136e08e,13,amp,independent,1034,validation
33f1c69cdf53c6b0ecc32396008221ce71a56c15ce0c670cd3c12a47f63c775e,13,amp,independent,1034,validation
e5048393f79700053197f647eca3c2c80f042b24de72f30750f2a9afdb9794d2,13,amp,independent,1034,validation
55f7ae64c461b94f758b08082a6660e20c875ba11a7ed927c4d18016e5b5c584,12,amp,independent,2065,validation
66af69a8710e9edf20cab8cfa892fbc40eb880d5d24a7b2796d12c72bf428f90,13,amp,independent,1034,validation
d4c22e4e8e2c9e4e92a3f8a44655c0d151c9cb8c3d41583296c5772a5d2e69ff,13,amp,independent,1034,validation
c113f8c7431af3880226edfe10f217dc80709dea43459c70ca0c7ba58f734969,13,amp,independent,1034,validation
1afefd9a82e54499d19c1ca42ad43b7208021e671ece40392cca3bd624e0b8c6,13,amp,independent,2066,validation
16bec7e413a8a8d39e7075135242071e83dbad01c52ceea5f4d94a26091340d8,10,amp,independent,2067,train
30d1f8091b50d4db9e6d64cbde9a155a0b4610587d9bbab47eba10431ed4f2d7,14,amp,independent,2068,train
a1a00f548e03c175ff42d10b510a4cd7f74cdace15c1c4d60a91fb3ae4269448,18,amp,independent,2069,train
903cf24f4a016e115c668dedbf5f62b11f3d20ae71afb012c28a1d8a92d2dfc7,22,amp,independent,2070,train
cb41e1bc7307144521436df1c1b257e5a2e4b8689218de685c22003a52b1e1b3,10,amp,independent,2071,train
c7ce64fffcb798684bc376585b484c25e675227b8e94710ef6a91c4b059c0b09,10,amp,independent,2072,train
22abcccd389ecee11cc66c01ca6efc5a7eb4572e4918c8aff192870eb35dd96a,10,amp,independent,2073,train
0df9f8d5812c7c7b3d99581e1493c43fb18436ad4ce9cf5ce4947ddefbbf1cce,10,amp,independent,264,train
44dcc347718c875699bcd56a803bdb32bda09a9dac8044dc9f1975fe58778e93,24,amp,independent,897,test
e1f431f6a6389f97e2bb05daa779959e892dc758f09265ca5b4a40b2d194181a,24,amp,independent,897,test
3731e169c61ac6acb8a5c379d1d1cdd7dde5df1791cbd018ea435d3d707f0eaa,24,amp,independent,897,test
1ba2ba65cabb78e24fea5fee76afcfcd2ab79d79193e203bb0a2c2e71038949f,24,amp,independent,897,test
34ad254487e0c1d09176b98754bfdcf3c2ba782f286feeea042c16ae03bafda3,18,amp,independent,2044,test
466c3774902a6e313884b551ccb00fb734a76e4e55b7d505c9fcbf5769eba4c8,18,amp,independent,2044,test
10086d3633b0274be8a5d3cbd4bc091aff301ef6fd6b42bcd65ed35c0139fc51,11,amp,independent,2074,validation
338c264314bb037b10b313e6c67402bab77cebe2ff865768674a77b30ffd6a22,14,amp,independent,2075,train
5debaab883a081d26c2470f1b3c49160f54025ec2bdc34a219f9d85c822397dd,10,amp,independent,2076,train
c2a838dec2dfdae222edef069e1fb6b2423559f56cd2ee5d2242d390aaf23e13,29,amp,independent,2023,train
cb8a0769baa88bdae45f1d1975580c3447cc606268fff41230ed1c84fe688d05,21,amp,independent,2077,train
2d8721faf980f28e2bf1432087781a0cac54436beb8536a950018e9543317853,21,amp,independent,2078,train
5a64e3dd5ac2c1293ad03d75591e5cbd35089df02d9cd2344f62b527f6207304,10,amp,independent,1065,train
268eec6db7a32173305ffa6443485321d5b15edfdfd2dc86cdee5baf18e410c6,10,amp,independent,2079,train
c3dd92e7c9ed03c06726394db65fc6c27acb4f58bb550d2c5cb372c334f9c678,14,amp,independent,2080,train
7ad78432841521edfad1f13eccfda8c8cd4314c1eaeafd582fc25e5a0ef0461b,14,amp,independent,2081,train
576329786730acdeaeff84a4e7e5db354b27e7ee0bef5cb5e86880585d2a2683,7,amp,independent,922,train
3fbd7e05903771af7b683ddf1d3dc01a7400caece68a8a23f68850cf487fae6b,14,amp,independent,2082,train
86e0befef3927546e3ab4e60ddd87d174b40c9e374f04ed50b24261e04f08b4c,14,amp,independent,2082,train
ff5799437446ace2a1066c6e8e32f25ab2e2a516f0405fdcde7647f962d3a820,14,amp,independent,2083,train
4df6437a7b4886bfeb222213cd91e948be074e6c851b85892f4a933b3f5fbf41,18,amp,independent,2084,validation
82133af79f8d5368a3564506aff292320b5a8d35b293cd52921882e1ed980076,12,amp,independent,2085,validation
54d396b8cdccf4564663b96d909e23b4d5745f5cd85265c438d066997e7d089c,18,amp,independent,2086,validation
8611a38b2d536b3ae5469ecf3679f5318ab684b7c5402ba7705126d143eed3a7,12,amp,independent,2085,validation
d059b4dc568d586ebf9b5ce716100a44a3f4a99a483c9da92e942f87588a687b,18,amp,independent,2086,validation
8d9eb2d90f8f2054c7ddb374f25f918272da986ffdc7a97368d04d78ad01701a,24,amp,independent,2087,test
798f26e24632656eefd1cbdc08d995417c468e2de0550b7d446444c47df17088,9,amp,independent,528,test
d81d822a01997073cc6ba70829eb865c30427d70b2dea690fd7ff8443ad17004,20,amp,independent,2088,train
28da612d174976fec335eb309a176082687c4072d6383181598ae64634cfb746,8,amp,independent,2089,train
ccecffc865a3371057635226e9b95ae25bca4354331eba6a5df932d75cf42078,14,amp,independent,2090,train
3181c8faef6c53d1c907c658328fa2c35bf47d170b9cb33fcdf5ffa41482ddaa,8,amp,independent,2091,train
6b1925e0799d5537c991dd7074b84526a313ff91e694573074b4cb605a9445c3,8,amp,independent,2092,train
fb2f7838adf5ae748ebbb22903799bb84f7e9d56e6e0433deb14507c7d49ce49,15,amp,independent,2093,train
17d41bb136614b4cf19fd512f951492d9a698b0472c7b3b8997c58cde8093de7,14,amp,independent,2094,train
f8902229f0c9ad46e60ed207bd6c0c8bf3e3cd5b4db3c38eff3d946fc40f1002,6,amp,independent,2095,validation
e6e15d136155413b4094e4c969b06dd9f1a459285f36aef78b15c7913ffd66f5,10,amp,independent,2096,test
560a221c706d635989d0a48dfcc5de02c371caed01ff90fcdcbd404666c357f8,20,amp,independent,2097,train
980f866a30bc4afd2fdaf0b3e7be90efdba97c836df7ebd709159b127985a145,10,amp,independent,2098,train
e9be6bb2a44d06a72107c57d80b09d8f081b7f2fbbe79315b233a374229aa193,17,amp,independent,2099,train
52baa2fff84a94959e264a0501cba5c9834f21e5477ae48766cac10d72ee56ff,8,amp,independent,2100,train
a8fd22763404e383bc7e3c9ca1806957579c2caf02134fa78e8db5f5ee331c60,15,amp,independent,2101,train
81419f574d4f2a20c20058414c3d7fe9782f997f7d45ac13a3abf98949efb703,15,amp,independent,2102,train
ab3e646ec9c23311c6cac4d2ca31b74d524ce5ca214eb8864cbc84426aae8971,15,amp,independent,2103,train
b7124bca51ea07af8ad3a54efbf402229d326b9498dc9aef0822ad232c2538dc,8,amp,independent,2104,train
29aaa03dcaf6c7674c1ee054b5a41bb2e028475b89d4dbad2361cb993bfbdf35,10,amp,independent,529,train
e9242312f67cdef05d76d53e20c1ea320bd25f6fa498fd0e9b904ba05eed911e,8,amp,independent,2105,train
3bc887cddcb4a66d855b6b7f2485b3987baa2bea3cb184f9bb29508c4460b96c,10,amp,independent,2106,test
46711102c25c989513c67dda282c02ab9a31537176fd93b00c14ba330e0bc0fb,23,amp,independent,2107,train
7f3dc51dcad3bf9dfc05b6ec05f8e12441b6e365bf7fb842521782d9a5f9ff89,8,amp,independent,2108,train
f5f6c1980bf033e7be062459d45743c73ee69accaf3138d017928b254dd02919,8,amp,independent,2109,train
1c3878de9b662406961f6dcbee5dc2f40347c04a470330d768d14f2d20584e6f,8,amp,independent,2110,train
9023ef56b1f4fe27edee857cb9b74458fe46817ac717bbc6aa8b5eb50523b76b,11,amp,independent,2111,train
4403386bb14071a937613102cf99de530870d35dd6ba0081ac81e3f13a5c7ab4,12,amp,independent,2112,train
911017a0590da012ca2626d07a7aacdc91cbb7869b96f267993b3b71bce85b11,24,amp,independent,2113,train
c881d88997b9d0cd0b83648e92d8cebadf76725380e4657193aa6776a1e8207f,24,amp,independent,2114,train
21138a06522224d9b75790aa3d12b1f2a6566d323b78f226b89c3bfa70126dcf,24,amp,independent,2115,test
7d3a4cb28ff0d16dbea6695fd140d4e432ebdcc48c78a0764b4945695c3af5a6,23,amp,independent,2116,train
995cd45fc9e148ec0d037019556c175cef8f474b6bdb686f515201126192f2bf,12,amp,independent,2117,train
7ac755ec0a115d531a7c317e4196ac76c7a629ef0daa6bb46a18f2b951473924,18,amp,independent,2118,validation
ae18a912f16db27795bcee9362ac6c419e15dfa846d00eabc49e5963ec911dd8,18,amp,independent,849,train
76035cb4a574075b956b1a9d2cf2d03df3a1c5e28bf408ad31bf8e12669100d2,18,amp,independent,849,train
cce65913f87eb1b49258d6da76fa1e5f2b8c964c5e696524c94fbc37033424bd,18,amp,independent,849,train
86d42539fe41a263e91658a6392efd1c0fe2e4757e73436b5b9b57dd967126cc,18,amp,independent,849,train
a62a97d06586a6dbcf8a3e41f39606302c1caf69bdea910020adbac114b4d81c,18,amp,independent,849,train
3542416389d34322abe644f076457f1ceb0c458cbfceab9d6a3751be5d0b9ba1,18,amp,independent,2119,validation
7489f59d0b9294eeaf5c62295e2eb0d64d4b26118f3c6b4a0d602b6dd6f95ca4,9,amp,independent,2120,train
d7d37e15cc0f03d99a99b302089313bf1257401a8c1ea4b404a912e97831dbdd,15,amp,independent,2121,train
17ba6850ef0cf268430a5dca0521951d8001eae17a9d3997ae5ef8a00d531a87,7,amp,independent,922,train
298ed76d01a2ea04b93810adb4a69d773a7cd5520adda039552a8950d68a2be5,9,amp,independent,2122,train
8fb6f10b46b331d740f0f7e21d2d86f874b30288f9ce1ff9dc10fc013f9fa0dc,10,amp,independent,2123,train
aa9c5bdd0ccb2815b8a25d177c213353402d5a0138335359b1191f0b1d83a72a,20,amp,independent,2124,train
cbf90ef37117c3a5bef26f9f193ae229420b7ca40ab3d409cc4a7b3552f1f090,15,amp,independent,2125,train
fd98e9ee143d88ce68cd67df2aac1982e782834ad8beea0afa2c6b7960af0586,12,amp,independent,2126,train
ea922836a614b96abc5693b919aef601e4f6ad42e02ca02a52b317a3928c851e,12,amp,independent,2126,train
5cc96630a62dbce5ff47b3bc6b4648d9bdb976b981c490a3dad10c452699109e,12,amp,independent,2126,train
b84ff24a61f8b066ea5953fbca55edc00ec84931b3dc41aa262ede78bfe316d6,12,amp,independent,2126,train
97831692199ee035e30218d0dd940e68cc3546b17b777c17877d795586f3a0c2,12,amp,independent,2126,train
688ae10a558163c81afcbc01c6745fab9c6544a9e92b58ff9fc17fca644f4fd8,12,amp,independent,2126,train
7da4e90032b51e9167c5302b72feb9b71f1994f66978823273cffe7d262da7ab,15,amp,independent,2127,test
8e41c2102683b5fe9005d0b1ad99370dce830d057ab69f058858fcdc7ccfe003,12,amp,independent,2128,train
963f41f729adc1f7531c27f2d10140477d377bae925c43117b78c0e968b216b3,14,amp,independent,2129,train
e67e24a46f8b833cc84948b4fd42a6648191faeb3f774286dab032773b81c95d,17,amp,independent,2130,train
eae0c255a2db1b8d14c8651b6f86b88fe96a86f7f1122d7c1238d3d248ae28ac,20,amp,independent,2131,train
2775dc6088e8fa75cd4bb1ba292c28cc4f2671f39874c2787acab60fc134466a,23,amp,independent,2132,train
a87133d14b9cd94edf0b34e974cd6533bafde770ad8101802392286302b4e573,8,amp,independent,2133,train
64a3b01fdaaf78fc97f8f956dcdd64bb79bf1bfdd419e0ba0145896f5dc16895,22,amp,independent,2134,train
7de071c94ca000d5f75b945f368c45afc9e3c303c7edf3ff4412c6b519fbea53,22,amp,independent,2134,train
93e6424e6f8149a0faddb6e1f1726675c96410b035900ff31b5a61c26d0b4bc2,16,amp,independent,671,train
2c4141495792eb3627855b3b5bcc477e78198e0c03b449a90c11dc683096a984,18,amp,independent,2135,train
47cac6c8cdf01a0a6cd2eecd370352138129392ef8f196ea4040982c96d9b724,22,amp,independent,2136,train
3f7fa9c6991796609f73485e49edcef2b5002fcac676a5e9e55e306e3cb08d84,13,amp,independent,895,validation
00d31769a0c4d44a3ff75d681858da6d03edaabb0f3f2b1ca6207d74f8366423,27,amp,independent,2137,train
0a7079a4c23ec3df40c922c3e129db665bf4d6afeae280b8e9ce838b26e7506f,11,amp,independent,199,train
c42f02572fb68547b36a22dabd108154e2216e859195ba0d7d690ae35e6d3ee3,27,amp,independent,2138,train
01867a1a8bfe0c4d7a6b7e45b3b5af540e27d3e2aa3d7aae585426b6ff484691,27,amp,independent,2139,train
20d838609b826872775f1fbe2c044ba1d7eb9d2815bde0a32adbcc9a73594fb2,11,amp,independent,199,train
8675d4985b144d112664da51e04ac4a898f811e323301e282c67b3552c6ad2a1,11,amp,independent,199,train
99dded36245751910785ff10f7df4549d6c99de575b1769dfb8e03fce4306b7f,11,amp,independent,199,train
e9010985c4b2e9281f7dc19c8340153814abeaa48886a73fe3d98f4d0a5664bf,26,amp,independent,54,validation
54c3917b0e4d60a07dd71999bcf8a0f3d7292bfc7cbd54581f7d47399ebfcc07,27,amp,independent,2140,train
86efbe688c089453c96b2568e9e98a462069cc28abae2e860853fa6301434466,11,amp,independent,494,train
57849eaed9da05721f9d01c6a48019b70321dfc7f7ed1645078f746b883701e4,26,amp,independent,54,validation
dcea6607c85329661307a45a5d8c74b9223761c9cb0171e1555e4ee8278bd2f4,26,amp,independent,2141,train
7edbb8cf0a18a790cff9bd00b9c5311169274f72844a26602536353a2b3c8f08,25,amp,independent,2142,train
ff9c067e0e7d0b5600ff734c50805a6c354eeec8d7d257031d91ac19d0cb4e0b,27,amp,independent,2143,train
99844a6a5a4d844e681aa0880b80b5b964a325ba8d67e10f26bf82e139c2f72b,11,amp,independent,199,train
3add7f813e6113cfb1e53c4569e5664c132dfe1102abf9cb5df185b934ce99ed,11,amp,independent,199,train
c9b18bcf0229a2fab214300d90d715fd6bd4155c4bdafe25c1e5b7b251d4da7d,14,amp,independent,2144,train
f976d2dad77c9bd7aac9964a2439d803826329507f21326fcdcaf186b79db3c4,29,amp,independent,140,train
2d2c4456f2de1faa246d30254e3b2804e0de46fec1102ab886c472e812dc432e,10,amp,independent,2145,train
79196f9677d280b0ba269863783bc46b33a8243437ca2e735319290145e20a28,24,amp,independent,2146,train
daf1dc16f5f3094f8823e1de14347b7b0533e83f0df6f1b20ed0527010dda075,12,amp,independent,2147,test
412bc78789bf98a611e2466a9893a82d5db1bc7bc341f0fedaa09e6b77dd58a9,12,amp,independent,2147,test
116c2b23a321936935a679f01a121b3e42a7751b7c551e99a12a80941b3c61cc,27,amp,independent,2148,train
fbbbe7fc34cd02377163e3838f68ff659d59ddc2e5466361643f0b5c4e1b606c,27,amp,independent,2149,train
46bd5d7725ec5600315ac248d756861facd95e140955282aa55e261219e3469b,9,amp,independent,2150,train
93a2b0164460986d910d26150162e787f6723b010ca99da5198f11b99d8bb360,11,amp,independent,199,train
74d12220e87004fe19eca7bd1905060d242b590dcefd6de3295b6943f579ad04,28,amp,independent,458,train
bbce0a83a3b92546be513c8ddbab207a0e262ab24637198db010952ac443fb68,10,amp,independent,2151,train
cc1543b15fd6342f1e1a22088ef818d04627d84c08ea89176c4a551d4b049ff7,12,amp,independent,2152,train
6da72495106d79e9bc46e542031dcc8da551caeeb2b747042c5f133ecea59d6f,16,amp,independent,546,train
00370fedd141f9989cb2a0eca3966a10378394efb54fb5d2f1cdf84daa38bf13,28,amp,independent,458,train
6599b3102bfefaab35d28f680e166d665056b3b42fb211aae948f95ca440f460,28,amp,independent,458,train
84187a1bd287fc947cffc984655f54a43857ee524a1907a891562ed8b5a4b8f4,20,amp,independent,2153,train
e125ef130fe4496bc7f61264063e3cfd060b01ca01890e5d2437863b24f89f3f,10,amp,independent,2154,train
3ebcefb51ab252354d20293746b3396caf6975f469062db8f9dc66e88bd1d5c0,11,amp,independent,2155,train
3d689902fb46981a0b9d9eaf960d050ebec10141a48258241a0c4b966e47ef17,13,amp,independent,2156,train
04bd9fc9555225016b63d4f0cf45b6b9a3ddb5dd1e329042a2c2dd38871b7ffa,14,amp,independent,637,test
2890a217114f886e77020d88f2a7df9fdb6fefebcc2ec6a937b9798e7aec3638,18,amp,independent,2157,train
dc0db56f24706497feb93b43310d57133d58e745399f0f2e0c28afcc1698d8bf,17,amp,independent,975,train
89293690510b4ba3ae82364108f9734f5b7c99178a0af4c6717008401120befa,13,amp,independent,2158,train
e7d4e29afd20437745ddaf809d8e8165232bf0d57673ba3187f3b52906a5c292,13,amp,independent,2158,train
00c2f36a2c8e6386f1c8b31ecc198d2eb06e87fd73be7dbb42927d9352e8e735,23,amp,independent,2159,train
0c6279d1cfca7d70a72b7ff5fdf98253c9f46fad5cc4fbf2a3fc4081d5653d74,17,amp,independent,2160,validation
18ff7fbea53ecbe8e6004c4c8a20ca601975e8cd4fb13be6eb688acfae789ae4,8,amp,independent,2161,validation
e3e06f234f5e4301877e746df7fde14ba1e1649295c05d487f19b491271e70ff,8,amp,independent,2162,train
77b94d1b5ddccd99cdfbc388f64ffed384598578c47263de8d4079be0bfd6f1a,21,amp,independent,2163,train
942837af4ef64239ed15fb0b33e2887771f13ef669d7817c548bf6700e97513a,26,amp,independent,170,test
a9d165eabe16b6b1c9bab4e5d0a94de050faddfc108c8add7411112f374fdf40,18,amp,independent,2164,train
9cb9082148cb605ed8ef5582824fa86ce0755fe9122e701882502f968da9b847,28,amp,independent,2165,train
025a7f2ee235a2d35ec2259317d8acb0cf5ad435cf085608d1733afde529d711,29,amp,independent,2166,train
b3b24431d7007a4ebf0872749ddd14c48e2de3b4c6e809a7e5ce36cbb42d89d7,18,amp,independent,2164,train
95eec6f3999f820abdf6548f797e39b0f895319faf0c356d12d358aeda346a9c,13,amp,independent,127,validation
04ddebcd49fc7a18f9590506501e376e4c3d5777fac8f699d235dd3ffa966c37,17,amp,independent,444,train
76cab79f6be9629c0f0827b0f982e4980f97fab7ac48c79663fa879d71f4a9f2,17,amp,independent,444,train
f23117b6d03338396f1e5f136a5d002db55384f3daaca460ae99ff679dcbc03b,17,amp,independent,444,train
9f0bf3c236afc48914fc81c279e0364d9ef235b4536957d2ba4f59cc0c75e638,17,amp,independent,444,train
e8f02da327b6a5ea294fba08a9b5afa54e9548887bd1f49dd1f02828d0620d42,17,amp,independent,444,train
7390f61c0279018b934697b8b9b38181b07a0bd3b143ac744ecc594fa0198c47,17,amp,independent,444,train
d7f822e0ab193b4e24e3a633280f777e2d75914992ab97ea9ec75c6505a1043d,17,amp,independent,444,train
2176a56a4b1c468d6e2ff7b419e99e1747c16a1f31dc083edff1716a591c0804,17,amp,independent,444,train
5733b6075888222bd91c8105a62c9d4874ae5cfec14fbcf9b3d6d8f985563063,17,amp,independent,444,train
03c06abf787be17192beea3f606ddea07305d2e4d9d65522d1cc45f016e1cf37,17,amp,independent,444,train
bb1f6b10dc187f008ab3794e384375453c77cb9578143bf4c4b8e583a324ec34,8,amp,independent,194,test
bf34b90392e177fcbb0fd14ef5209943eed3e873d226b9f5d41021bdeb1f1d85,9,amp,independent,2167,train
460fc3d97c5c605e3d6ce920a8a55d6afed27e5f985d6ee1ac04ed9f3c2ec623,20,amp,independent,2168,test
9549d9dc339258d476ca2b1cd11de358c55e64003f319f2f39cd3a418cfd976d,26,amp,independent,54,validation
53e76c2214802e0b6a1229bb3bb7ab0ee2a012b91a11b6c33ff39220cd473f84,26,amp,independent,54,validation
2f664b98bee9522c5016e72d85396dd541ec15eda3e4415a9927118aacb79c9b,9,amp,independent,2169,train
7f5d906ca5ec83796e182959acc5481e7f722096429e772589a857f47e4a70d6,13,amp,independent,2170,train
143c4bdfdbde184e89cd16bdcf8c93089f6dc455c857a6dd345b4f78dbdbb918,12,amp,independent,668,train
8b74d8eaf0613bb3286a4b7681fbecc9f95599e2b9b5f6c5d7aabe305aabd299,12,amp,independent,668,train
24bb24bb76cee66ba3ab50d8f420990c359894144590a5108c1560cad61dca3e,11,amp,independent,2171,train
eb13182a8910b193ce040d55975d22c12973d48b364eb8084c120bc4774918a7,12,amp,independent,668,train
be1748989012e0b0408947ac748c432e8b01827b43100225db5df0211304641c,12,amp,independent,668,train
31ad2359abd3f32027f128f2a8d4a67befbe4d56d21118e10d4a5bb266c19643,8,amp,independent,2172,train
7c7d8f7a99d09cd37a1668777744b8d39b5e85941eeda6e98742ff178518c4a8,12,amp,independent,668,train
4bef9683a0a91c0b0e49f4a6efff84e82a707e126bbe8739b14364090435aa4f,10,amp,independent,2173,train
2340bdabc6ab35eb8f6b8782bd0a503d973d20c703ef4de7e3d4ea9b822856f1,18,amp,independent,672,train
5f2fbfef046abc7980d7f2f24c40c098e3453ff110bd15b095aa028c0ebe7432,18,amp,independent,672,train
1416f8e5432419bbcab36fc868b696fb70d0872be1a79ec4e3b4bbbaed0485a7,18,amp,independent,672,train
6eba731fb847898b131ed940076bdcc4ddc52633308d1ffd6d21a930ffb03f9a,15,amp,independent,2174,train
a55e06f5001adbd965a558d2819984700afb032af1afaeb3b468c1c53625f92a,16,amp,independent,671,train
0e1e235121aa9bd393d8bf158f91f2895a93f8ff5dc96181d6eb197e06fbb1f6,16,amp,independent,671,train
062c4cb1406573dd5dc1776c4caf53e4dc7490cb22996b639bb7c075e8a7ae41,16,amp,independent,671,train
496c2c75d3c4bc5e69529dd2806cabb16c3e0e563fdac1f5fdab7bab5ba211d1,12,amp,independent,312,validation
9b1d719ea5b90d57dedbb2db57ece33fa1f95b33b60a7704e59ce91d0595213c,11,amp,independent,2175,train
e5bc81e2548031775022a56df1266d81aad2c745f69af37298040f4b9c5d6195,11,amp,independent,2176,train
a6064646bade27c9106e9e52fc599859ac530589560db03e7a2ac61ab2baa06a,19,amp,independent,2177,train
4d32dbdbc192830472f1d0f92f274d56d8b4d6dc14802ed215cff199a5969f52,14,amp,independent,637,test
0b31879f17fb73739f114d781e3a6bdd0affb5ffc5707bc44df3d822cf202171,12,amp,independent,2178,train
85ddbb9980da881b3230a71dca0e720bb2d58d7b88195636bcad6180efe943b0,12,amp,independent,2178,train
66e19677f6a9444998a0792e361289229b5b17c8fa4898aeb50f15dc33ac6118,8,amp,independent,2179,validation
24b54849011c35937e6acfa7f4a5804d43375ce1d227135b6b084fa6c8468f52,13,amp,independent,2180,train
44db4711627d2b7ec22bac8bdfa43d447a82bfdc9a273a2c099b56c006c926d8,10,amp,independent,2181,train
835feeb5e5d153bd79b0e888ad6b90584321055eef3108cedf47011d025389f2,10,amp,independent,2181,train
b1237ea7a558e7285a302d0ad1f69b2bb70e77cbb7316b0515bef21c1e415ccf,8,amp,independent,2182,train
f6d690173d62112d2c83de079f9000d934eed4c355df13baff3273bd713f9a01,21,amp,independent,569,train
cf02af22e65176f1142bda6a93ef442fe62ed93641c05a20211339e684578707,15,amp,independent,122,train
c116b5245c6aa61f7c9cda988aae12c09659ad03bef62039176d359db7890517,9,amp,independent,2183,train
98fc3fc7ab34f3dc1ead53e56694cc83ed61f1dc0b1eb183cb8a47f5f0005d6c,12,amp,independent,2184,train
b55f8ccb96592657bdc41722f22d58e1a15ab5874b95bca238db093f3d4d00e3,12,amp,independent,312,validation
5bcb48ffeff552ee20a42e5a7eed31e70c60be0065a0163e8d67d5783b3572b1,20,amp,independent,2185,train
ca997d8d5d20c60d8c4d4fdae2dad6a48723d0dc1a2bcb7e5df9e22c348a8f53,20,amp,independent,2185,train
2027d0c7eac606129edc9abf290ba1c186589ed8460e71f00e4244c380d5cac4,20,amp,independent,2185,train
1b965394c6be2eff02590a9d373364b435074fe78ea593954406f39d49f28600,9,amp,independent,767,train
8afed597d980b1855ade65dba2e295cefee8f48c6107bb242a99ca9a1aea920e,7,amp,independent,2186,train
3b6afb79065787f560aa6cffa1e4b81caa93e95dfdc5bc42a943274cbfe80930,11,amp,independent,199,train
e0b2f2e0adcdd52cdb232b59f96deb8f7ccf9f52ced69880e23f6581e820bd95,11,amp,independent,2187,train
bda9a99dcbe811afc6c9b5ebf1be5519d27035a8bb418cb4ca2bf338956621d2,20,amp,independent,2188,train
7be2d960db25426672cf481912d35592e136ceed03a5ad0028b75e75faab7a0f,10,amp,independent,2189,train
0c8adfd1efa975b41bd0a2cf2c69259d42fe5676e8a1bf2bb09fce448cc2d45e,10,amp,independent,2189,train
72291df83e9cc4a6d29cc5da38b2ea6bc9d6197892d60872cdfbeadf661aac62,6,amp,independent,2190,validation
23b16f2710033cd919fcbf6f652bf77b3ce422a469c11a6100c853c787437fba,12,amp,independent,2191,train
bdf3e4c637f90e0167676feb2e0c12cfef53168f4c1671b56e364d8758bd8be7,10,amp,independent,2192,train
36c48a8a54e1659020caac105610df66ede6625f9e7e3c623fb67de52c046728,20,amp,independent,2193,train
a09a261d3f4a808cf76bfb6397e498ee3fe762e6f37811ad6a68dbcd1b1d2ddc,20,amp,independent,2193,train
5c989db61c81b27b2717ad136189f982fb18647ddc1683889a5562095424f6fd,20,amp,independent,2193,train
3e2069ffd13c1cd71ecb7805b2047e956241075389ebe4a7ba5975280894fcfb,12,amp,independent,312,validation
2ec812abef866a853808b0d73673a9635a1d7612c7856f6523093695e176b484,12,amp,independent,2194,test
787a01afe9685413392c658eb8507820c962654fb2922031376affb5befe68fa,9,amp,independent,2195,test
33d5dae3e31d484224b57bdbe6008cd9f0cccb59a038ce528b84cfcb5922a8f8,7,amp,independent,1913,train
4a31446e356d994aaf6e2ae1bfe26661a4be344a5e97aae7ef19330a8d90278a,7,amp,independent,1913,train
9c2aeb98fd98b343642c96b83550b427f4b88f38cc8c4fa982d5d70fdd072924,11,amp,independent,199,train
52bf6b402bd862e033af59b65b40f48eb531c4d83954dc1cfd587303a4343d60,11,amp,independent,199,train
64cfccc74814c58ce82de64865e51ddad7b9cef51549cf15df5cfddfeaf8a8b5,11,amp,independent,199,train
feaf6636b79dc596d8ae369f9786d0f1aea2984f0ecac5fd68c754c93daeb029,9,amp,independent,2196,test
04c0950cec093cc36d006642bfb65a252a9d1db5c3558109015ed8b2d649b543,22,amp,independent,2197,train
ebaf6488456e474052ffa7e28364c139d62dc7f22ac2b7f9fa8a9df5baa9c3f0,11,amp,independent,2198,train
714f42016f30ad20c545c3f0aca964495ce603f3d9648cfffa6c95b215c06efc,15,amp,independent,2199,validation
c99232a02ee31fef242c5455b572640dfc521a84bfd993979ffb3d49e99c0c99,16,amp,independent,2200,train
e288571ab86230552cf36a734ae801f79171e6fe0d87cb845636e8420b42d155,15,amp,independent,2201,validation
6a19b9503633673db7f58e5c9f7e2ed694caec307bd1378dd43485ca2320dbcf,20,amp,independent,2202,train
8c49aa4fa4685f8400c62ff491a3913db80bac7aea88a6c100fbbf6e40fddf16,9,amp,independent,1050,train
dd384d03b94a42a1768c17239e389221f0b8be8065deccf9b7af3e36269bdd9c,26,amp,independent,54,validation
829c9529c74240a6ccfa09febcbb8907bae34ac0f45ef312e40095fc25b246d1,12,amp,independent,2152,train
5804346ca80b7875b887862a9f3dcd82c57aa17c515c04f9d621dc202eded3aa,14,amp,independent,2203,train
4aea02d4a639c2cd3a238e3336691c37de15a6f601b23edc853e1b8ec98e27b2,27,amp,independent,2204,train
91b0bdc64a39d24b2a35795a5c7b79aedc68d4e2bebce3a5cc05e8c66d3fb986,27,amp,independent,2204,train
87c735117abd643379ef1b84bfe0301414275a03a6da823e1d4a220c16bb9359,18,amp,independent,900,validation
dd197dfa1871344d33a08ba4c6ad848bf4c09a2ba35b5bb8bcbe28b4ac86171f,18,amp,independent,900,validation
b5bf18e4d4f08397c256529af1d69ed98d9acfbbb1d6925b842ef1e573dd4317,25,amp,independent,919,train
c1617f372e14a2c69b0cb6b1d2d4dc3634b3a51b3ff0c9d780c82267c48c8c4d,28,amp,independent,2205,train
47860a67e2961d5d3137100e7fcc84dd4fbd047cf3a9c7bf20183fcb859314f5,14,amp,independent,1986,train
89c43421a394071bddc8326d63abd2135aff0c142f090acd20e2bf9e0df0e20a,10,amp,independent,2206,train
4f7483efe7a5f00f13504e64b69a7c33465fee8af9a5d36a43ff534bfede8761,18,amp,independent,2,train
f04f357241dd0b8d03576de48106b91abc7da7ec3149375efe0063a775de7495,27,amp,independent,2207,train
2571afa3cdd2965fe946c1c7e16789267f701cb5fb631cdec8e683812982d6fc,9,amp,independent,1050,train
7fe5b5aa542e72af54b3d6658a65ac9365a3adf7a0ca40f7a09a57b0ec6e4796,20,amp,independent,2208,train
e134d5ab15419ab70f5d467e0672151ced8cb5351c020b8981b0f066989c13fd,22,amp,independent,71,train
d12a8b3524d00efda2d4bc287beebd03774c44fec567e6ba09aa37abfb9fc57d,22,amp,independent,71,train
79528dcffea6fd55245101c11183488e38bb7c0607508fe64a55ec6828a481d0,13,amp,independent,2209,test
b1f02c0b06e762e062675949bad868dae24530a9ad1ff5e75639dcc29dac7963,13,amp,independent,2209,test
94ebedfea3eb939cb411b26057ad1bcc9e1ee671aff3407fbfe9f621df95bee5,13,amp,independent,2209,test
1a7dac21a9b9e501f75bc1612c0148f4119909d3cdf53a1e010eea5e07207356,13,amp,independent,2209,test
d82c9aa9e1fafc88ae9a9cd5b4ba6e6f78165efc20731b6ee17afbef55601489,13,amp,independent,2209,test
03ab741d8a2e23688c6ae8ac80087e96763354c7c712d75303f0ef8a19b1df4a,13,amp,independent,2209,test
54d510ff9d6a5935feee03ab3ce04e5a6c9c028c5e2d190b6e123cd81cd7a3b3,13,amp,independent,2209,test
128c85247b4ebac22dc5db45f01cf761acc1614b622d0f589b72bcf384146978,13,amp,independent,2209,test
87df3857e250851f394b8ca66031b3d8135299e01694aaf2adaa82f6ee9cb6a5,13,amp,independent,2209,test
9c68870bb9a35097a0a5e98ea06ce661e9716f371a329b40855ced574a9134f2,13,amp,independent,2209,test
e77e02ff6a5d5d5b0cfbf9e1e694a3a3bc86ae51b1abc5b58ecdf45b97f6f988,13,amp,independent,2209,test
1732dc92f158e188b54b516b91b5c150bcd32417dfbc9faf4201eda058d5706f,9,amp,independent,1050,train
fccaed4cb359ed1734ba3fd41868e571406d8ee516bd611140e41f91bdd383b2,9,amp,independent,1050,train
8d00ad92f36dd13b8482129bc95a28f4638f54bdc51db9f2d6847a5940a19a75,9,amp,independent,1050,train
d05c208886bcbdc2926ed8b40dfe2a50840f4b6781464973adac120b4242bc03,9,amp,independent,1050,train
559e753cb78b9e3a3b08457b8c4e924f29e631cd0548ca2471d0eea03b97e487,13,amp,independent,110,train
7d4b9f7153261b32dd44631493fb4abaa70534c33e1b685203632caf5993c620,13,amp,independent,2209,test
58c6e40c36bffecda670e2060e1c19b45ce64775177517445269be3dc88c17d7,13,amp,independent,2209,test
709c7108abe4571f8058f74773142c39b16d9e67da4b049e732b1852b295803b,13,amp,independent,2209,test
8c14613010aa2b06cfcf4b2299ffd7232bf1b6c033c4c02e756476dd0049fcba,13,amp,independent,2209,test
4253cfb0333903336460a4c2329f36ee7d655f2452304942e8801eae0861cf77,13,amp,independent,2209,test
f96b08b768b6561020b054dc49714b8a2f90ab41757eee01b2b84431356e9bb8,13,amp,independent,2209,test
a043effbde6c1230e07faedeed90754e20ad53769dbb03584ae18ed56790e39d,13,amp,independent,2209,test
67eea088468ab689e3bdd84f6a31b9efc72d9b3c9b35d2d00a64d446181c2a95,13,amp,independent,78,validation
70cd66380cde13e344c7c6de668e62cca83642c5232ec0bca184491cdea18913,18,amp,independent,2210,train
76421db7012afff89b25265e6bd545b9b85ece36e1a81f21a018c10c7a85a582,26,amp,independent,170,test
33492c8bb5c1d5838320c5c3bdbceec858b6654ff791c58a083d65ffe4a25177,26,amp,independent,170,test
1418f6f14a95c2b0a375c3acb037c1dc48b809fba9590995ec962db58604b615,26,amp,independent,170,test
f113d61cddb9d31d89796c5e8d0555cc2d8ea9c45693bf9f296e13083a94adb0,26,amp,independent,170,test
3a59bb1638e2a13e2f0714609adc8342acfee8dd63fe02f249767217d134751a,26,amp,independent,170,test
53a328b2dca496275f503f04a589d64828c6231fea0f4b5a9a1cd5aede7be088,26,amp,independent,170,test
1396f6b15bce47ff8f41443360dbf6859b1f52801bbef880cfd6b5d6eb848a79,26,amp,independent,2211,train
c7602382f6ad524118d1024e6b09ad2b35250f3f30359c0067d40b956ab98e10,26,amp,independent,2211,train
43aee6154d88db52720e4a5684ef9ffaca89cb5fd8f4ada8679ef752bbbdfee1,19,amp,independent,437,train
3cff86f2f96daf155568938a443bb56b5661d7a11904bee5424bc71174fa57cb,22,amp,independent,2212,train
aae4e0465b93788b9120e3999642a34b39fd29d2fcac42dd134d066a2024e38f,26,amp,independent,2213,train
9aa66d2974c63808096cef6e0bf1e870830461ed32caf3ed75c48795740f1166,23,amp,independent,2214,train
b8191bbff0bd4e87ac2a87b93b3228bc8ccb9c0fe2df4c1fc1f0f9210cc5fa0f,26,amp,independent,2215,train
9924550632c6ee4958ce5a683ea6a13813f508ee8b6769a891db90ca4c734e26,23,amp,independent,2216,validation
b18b53718b26647b1520c2176b6b8820770be870f2e4287608572b68081d9fbc,27,amp,independent,2217,validation
f18bceaa47f4faaa17157b288d9c8109346221a1d89d58da76f1a8f87fec4e97,26,amp,independent,2218,test
3b9417bacb1a766ffd09808b1c8d0cd28a545d5f2e4b6b0833691432d1f960de,18,amp,independent,586,train
b86385996ff2d1eafc88eb1da504839832ab460e8ba9146d111b7290f7c67036,19,amp,independent,1149,test
fd853a3a6c7500c4ee5b2e63a3a94ba8dbe5b5c605610d60032c5690ee863289,19,amp,independent,1149,test
4383c5d97129ce83f97898fa56433b1077db4e70dd799372683298f8c1af96a8,19,amp,independent,1149,test
d1080382a647a1784d93538e27e37eb60755328585906eaa0761ba1403197534,19,amp,independent,1149,test
c60343904f23db38760809742cea576ababed948d97affd5bdc2c6293622bdad,19,amp,independent,1149,test
30ec82ba99c52b3cde37b354e49d50775b25de937f611ea2ae911eb1c6123335,10,amp,independent,264,train
593036ddee1158d5544485cb7bde387b3d48bb3361b3ccf2c464ec82398bb5d8,10,amp,independent,264,train
bc54c9d695a1867373cfaaa4cb504574fc7e3db105af61115a8720f41636229e,24,amp,independent,897,test
7ec2c35cbcc3a7e1960e19052c93f3c38725f6c18bc11ae76c067ae506eefe43,24,amp,independent,2219,train
0aefc6f0b0124cf4991bc1ba13d1b469e012045d7950aa2c4eb2a35f7c1364dd,21,amp,independent,28,train
89dffe99c699590a8bce8da53a457bc41df5d398fc8b1bdf2ab16171bf259977,24,amp,independent,2219,train
00d5cb205c5a8627c589baac9cc5571423c69d25fc2c58b7c6605b071a7263f7,24,amp,independent,2219,train
f9321e32dcbebfed0574eb0a4aa439fe6c771eb948d107387abe14bf836584fe,24,amp,independent,2219,train
cb43192709f53d28caddf344c55896053d1ee1e8833797ccce2283173599a7a2,10,amp,independent,264,train
9455e3bd4bcc98103640a479fdaa0d721badb6e1d3ebbb9ac9bb6f3b30066966,10,amp,independent,264,train
38d8416040b10be6cc719ba36e88e10efefe94adfae70d81835f8e222bdc01cf,10,amp,independent,264,train
518d1cf0a15340aa388b1d80a97b781baefb67c1cba2b04845baf005d34278e6,18,amp,independent,269,train
8492b9eaa5e49e8878dfa70d8ae19e193913cdf45dba80e49a24023ab15a5657,17,amp,independent,268,train
7c10a5df6afe87b75ac9a403c92d2ff8ec34898e90db93c9a2886d2b684466e4,17,amp,independent,268,train
acefa46c4ccb136c6e887b103b1e9b096578781f1ca649b0e7a510a9385663a5,18,amp,independent,269,train
18792c5d355ae48dbcbe44ff9fd85060f7162ad7913e2298333217bda9c09e6c,16,amp,independent,2220,train
fbbec29638b4a51c26ab4eb7dda137cb693a1e69f65bb2389bdef6b322b6feb8,16,amp,independent,2221,train
cf618308b1ae5711f5710fc744bd0e2cc3c97f6daac43842b8af4d3e53792778,16,amp,independent,2221,train
8d2ee56cb2b9665f18235f84f2a45ec9e556f7d8f735d518f7e5aa161890b033,21,amp,independent,88,test
fce8542e0c7f96ca747e9c822014d8cd62cf7820a39efd8b93494d29cc3196e4,21,amp,independent,88,test
0edf0368c55faf77479493010602ee3d5338413f75d8ccae927de38f12b68915,21,amp,independent,88,test
19e61b8d4c9195826872a070291cebd4c015f4f9c548281f7aa6c8b43259fbe5,21,amp,independent,88,test
4397731cd3ebd83dc21f0df8e13f2937ba8d63e0f552ccf91b272612a40ffd92,21,amp,independent,88,test
78908dddc7e5361e9e0a4a005a90878582ca610b8288d6688b8243efcf2451a1,15,amp,independent,2222,train
6eec4ca01fa16058683df35b20bc92f4a7573eb3a18756dd9328b24a71548ad5,10,amp,independent,264,train
aabb817337339e36769de60210b29f331979bdfa33b971f33f60e7fd84b83b22,10,amp,independent,264,train
6e3cb273c77c62441fbe34715732023af3fd0bf4f6d2d04eb152009c8420b6b0,18,amp,independent,2223,train
2a0a1ad11be621e2fb4437f25de9a7c6c7f18850c4130707139e2bd3e5369c3c,25,amp,independent,2224,train
54a34d90ef76e7c257d750f547c6304c0fab5fa4ba628c33c56aa9ae5208bef0,25,amp,independent,2224,train
324e5694cdf107389cd86d1486bfa71be168bc7fe1c7da2f2f4ea237a7ff08a4,25,amp,independent,2224,train
34c473fb913e772f219612177587039695cbc8c8826383c09bbb84f6197825ef,25,amp,independent,2224,train
8d480888273cf060c736d638ee7b771fb1b5f86713daf606261f1286f9a37c90,25,amp,independent,2224,train
25bc65f409b08174de211e374f99956430c301ecdd328773cd0da74cdf0fe8d3,25,amp,independent,2224,train
574e31da6a52d4fc60be422e7fee532749d9add1616f375877be224569bd448f,25,amp,independent,2224,train
0e5299ed03878d5dff9157985a27edfe4cd3f46b2c5d67d87e2f4c3a09babda6,25,amp,independent,2224,train
b1c5307dad607023d6eaeaf5af95bd91cce73f897d00d42a3cd22a752339e380,25,amp,independent,2224,train
0ed061b4b515ddfce25762ad07830dd27d4d0b7523548c086c349ff373c6abfb,25,amp,independent,2224,train
52f355c9dd5c95341e08a34ad5c3108713d3954e052d2922527ccc86e1c2432d,25,amp,independent,2224,train
d5f1ec4d81ad7a7e40febda1d608787205333b70490e7204f9bf7cf8907d68d9,13,amp,independent,2209,test
a0b9ab1344da3ec7f9e1e3349048a115b95e79323b117f30d16e0fc386bd2191,18,amp,independent,1246,train
d1201cdaafa6bf13830d6822e79ee19f0069761772905f4231f56f750cc32792,13,amp,independent,127,validation
b7f2c959ea8be887eeb56ec446dd5c0fc5b08ceb55ef2b824969af9fa06a3d76,13,amp,independent,127,validation
d05e2c06692564a6b14dfafc2265542f39522633c98f66a8fe78e822d0bb3692,12,amp,independent,2225,train
0999d46b3760a13690231333f56ae7c361f91fc43ce9d4cf4cb1e9b33047bee4,12,amp,independent,2225,train
60c8dbf98e0a1f8e546c3dd41be992743a85aea38e2fc0d98f33c8d59e52680f,12,amp,independent,2225,train
765d35bdd34b554a1bc8341aa9738103fc8b46fd83e351f2c0f3d4170a2bfe57,13,amp,independent,127,validation
06cd4c117848b8f1186566834ced203900f8d635cd0a87c1da7b9556e4aff654,21,amp,independent,2226,train
27d5de70dfaead6d43ab5d40f3a53831192f59ea36239d71a431c365cdfca10e,10,amp,independent,195,train
6af5f37f153d56d437a12fef1de0398b10a0e6eaa95544f580c7318493bfc3c0,10,amp,independent,195,train
f4c7f596afe4b85f4d4be60e6079d2e19e84a9a54251ec6c2bb4010ce39908ee,10,amp,independent,195,train
05fc197a39476fad601d13e10186e32fdfe404243df34f26d4fca35441c2583c,30,amp,independent,2227,train
399b29746410bd7884171996cbd083c953e4a3f820fd912d6907552999356ae8,23,amp,independent,1842,test
e49923d80c3c30bb3ac98cd41b330753a0fcd8ce032f064e47cbda32a2e52142,17,amp,independent,2228,test
f77760ce7d6a76c124b9157492f1a6c166d5cfed6a1ab62b5e053794a7d4a09e,17,amp,independent,2229,test
3210bfee0efc8a8fc9fa09e358f2b2cc3742c789ec959f2d2147f338a207dece,10,amp,independent,195,train
e9a2cb22208334da8fcf16fa6a286c0432bdc85847941beecd4d5f2ab5078c3c,10,amp,independent,195,train
8ae2bc975f7542b93cf27e8be98de45e853454f61b810599696031ec62393906,10,amp,independent,195,train
c3e56e629d43fef845db194eca5daf1fb05decf8bf9512a8590707a227da09c6,10,amp,independent,195,train
cb2b8428ce5264e1153793d21974f42b529b7d2d8ae104eb53a9c2f54fff12b0,10,amp,independent,195,train
ff0e81d0cf6ac00962293d0461318a657d37db1c6d6dccac36790061a2f79b30,7,amp,independent,2230,train
8365c6bba64ec307f424a41ce5f3eaa690688e286e738a2c4db121646e6e13be,9,amp,independent,2231,train
266cc863bba9940e1ef11fb3d3322c0897691917de303c9d8885fbbec2b6db55,10,amp,independent,195,train
fc9e9eb9c58491521fcf245aee2cf584e75c94092294ec601c48e11bc6c6d55a,10,amp,independent,195,train
b2764c281da0bcf99e9b9b11b482538e00ecb917292f2567f27201089d9a01bc,10,amp,independent,195,train
0a8ca7b44dc81891607090d25aa8b4d48ca9302f3c35183575de041b42ee4c83,10,amp,independent,195,train
ecbbad2e6b3831219533114edb83845667c99b97ccfc18ebf27556a67e927c7d,10,amp,independent,195,train
0088c0519e181963b49bb347af633b813be7885d3cf83c342add31bd13430159,10,amp,independent,195,train
f3b530389ff682071fb3c23dba9acdee60d6dd6342371a05cfe43e615deee2f3,10,amp,independent,195,train
ce216a2adff2a54f186755fb81eb40722533234223d6055f2d499f7d49c38448,10,amp,independent,195,train
83059b938451570d14a8829c9b2465a71dd2ca10e569b27734e2f4c2e1ed2676,10,amp,independent,195,train
ffc3d8b8061f5cef9f1a1e71a5e5d5c94d958360453e31d97f3e24f87b699a15,15,amp,independent,2232,train
82535ad87707e76f6afce811b85b739a2ba93a881076aa072fb88a3500a336e9,25,amp,independent,2233,train
6c118c87e2e6fca0981c626fa206fa9c2384990c0a5bc26e72d545d807f9fb93,29,amp,independent,2234,test
f45a07f2fe82ddb141cd0aa5caa1de7ec878118281b1546014a67c1388eb06d7,22,amp,independent,2235,train
5bb500969821e9faf8f0283ae5912ee56e31ff9edcaf82c27258dd13746332e7,26,amp,independent,2236,train
d5f77d9b5b9197309aac886c0d404dd7dbb688ef1cefc2cd3ac5bdd988e73c81,26,amp,independent,2237,train
138421fc2620c34c33b064f806890894d68df595743062e34b6a153829d0bea1,30,amp,independent,2238,test
98f8942e2b4a754c589c13acce553a0a602811cea6c57367f5e090ddd1fa9b9f,30,amp,independent,2238,test
04197e73269d99bbc1d90b1bc731e0b312b138a5dcba38d2b076a4f7372bcd3b,30,amp,independent,2239,train
31d8a49c846126a39de429066704565861947625b96145d9cf849b20b1605343,25,amp,independent,2240,train
3b325ae1bfa3c655c1813ebf154023d5ec0cdebf2f5795f612fe053cdd5db206,29,amp,independent,2241,train
0ef7f4642740f15c94c83232a0d57aa6399de0d6f27d97e8d427cfa0e4c73b69,28,amp,independent,2242,train
bdb955407a5b0d84c40a23d5bac0de225382305df091b26e7e7e17a300792ba8,28,amp,independent,2243,train
c3d7356e442c53c3306a4e397b36e6b2a54e3141d3227fb5734e891b7f1ab843,21,amp,independent,2244,test
b82e07c7e9686887e89e50718a4f4ca775928be37f4e2d84f0b01dbcf640daf8,25,amp,independent,2245,train
2baf906441e80c9f8829e67670d47b54f7c11e7e914c831297eb94b2d5fa59f4,15,amp,independent,2246,train
13f89be71413b0b02489e878b617a3f6c95202c3cb83e99dfa0fefa5502dff95,18,amp,independent,2247,test
a5105a538d72b949f8a8e2ac9d3ebc22c22b70bedb279550a67703ee2b79b3b5,22,amp,independent,2248,train
e30695f12554ff68c1eb9a3b26d59020ee8560859997d2585069222f40cfc32d,22,amp,independent,2249,train
720c79a9ea6625446af31a7e5f5746523b53a8fec1eb41f076a0b17b083eb2f1,26,amp,independent,2250,train
a2ae189ec80ee73de21289f64bed30556ee48e64d773dfbd32e025198f8de5fa,21,amp,independent,2251,train
de06540f08c2b177919da9a021dcbe97d46714ab97b326d46694d7ea15908675,25,amp,independent,2252,train
3d26db7d50fd24bec425161d0b9873a801a4ef1067f3a9de9aa89d0d5cd3be9a,10,amp,independent,195,train
9313aca3665db341c3d3d529b4d2cafffba52788de88fc85623ebd1c17ba64e9,10,amp,independent,195,train
d38069903974d2eaed04d8179e90dfebb314b8e4e0637fde8a9b7d0dc8d5c5f7,10,amp,independent,195,train
a65cdf051b22fea459a2b33b46ff3fec6c74f5543ee973f4c27619fa254f4785,10,amp,independent,195,train
51fe53a6772a1176cf7c7a3f7ae1ee51479cad4dbc64fd021deb22b7c720483f,10,amp,independent,195,train
24c3fe2a5bd7f20e8be3ff8f77a6231308a9d7d6e128ee3ffe654659a57aba51,10,amp,independent,195,train
a969ea31fc92c6280aa188695751b00801e083f3de800e8740de6fb33f209ab1,10,amp,independent,195,train
b10f3b213fd6ccc0959fa979501c875655da5cfcb1048f7992849c31df9f379a,10,amp,independent,195,train
c6c350993876bc7881d2d00a2b1e06b9276e48298281967d2f7333325f62e5da,8,amp,independent,2253,validation
33d6603ca01fb74d2fc91249ec82255170bd92bc39f68192def96af2e3b1ecfd,10,amp,independent,195,train
8327147f7f7aaa887aeb2b6192e015b576e468c1d08fa414ded3bc8324c656ac,10,amp,independent,195,train
ad65be42926f35b0d95a9462aa59c4b35ed845b2ff10f64e95c5f2c7e8545df5,10,amp,independent,195,train
df5983a7dac3da78b901b60e2a3fe25e02fb9ca4773854b37bcd907b001b9167,10,amp,independent,195,train
8f29c48bd2ecbcb39f1f14dfee8d3dc2bc5cf7d5bf9a19eb114c55a996e19d0c,27,amp,independent,2254,train
49b947098340e890201d88bb1601ef0163d4feb3807a76046474ec70d0a3b1af,10,amp,independent,195,train
93c92e0f80f28270c5c4802c226f270e35893c169df820f35c5cca3f32f60ed3,10,amp,independent,195,train
3841aeb06ff1869bd898ad93203f8d6929dd6a8524dedfcab7297481f243c58c,10,amp,independent,195,train
696e55e6c8c7717a560b4124c7b8d2c82bb4d343ec5b5622d938b19312837b81,10,amp,independent,195,train
96f3a6b6436eea5195c342d987d9142d3e6708c3e6d5dbcb34861ecb8655347a,10,amp,independent,195,train
421843a405ade95495aff134b009e0443cac111cbb8652bbdd4507208ee9dd13,10,amp,independent,195,train
97f11942ee32f2c5bf6096c5a7bc9766132a5da33f398328ca76f25ebb7a8c2c,10,amp,independent,195,train
ed8cdacf974536dca3e19705d4ca1371525cf45c2fee67adb5418eeacefe4dec,10,amp,independent,195,train
b735dd97e06a663f4d934abdaf974cc7118d73a23968987f36d8ffb609565b8b,10,amp,independent,195,train
18dd72a7ebd440020e809bf345bcf628172c60a5ae98aa8c8d92a1d0314f01f1,10,amp,independent,195,train
1340b4edde2deefbb8c8a13eceb056402ba4cbc72224b63d2c051295c4fd1d61,10,amp,independent,195,train
d999ab9257e0997ba5e74bbc90941161cf29021c029a56c51c148014428fce71,10,amp,independent,195,train
35ba99de366f03bf0141591ec6e1fc4ad8ac6a26a76051fbd878c96a46a61862,10,amp,independent,195,train
26e7ed28dbf862f62e09b433930a73ca62e1c2d76c2ab7743b29c5ac4d03826a,10,amp,independent,195,train
a7cd4c78eed815d92e2c9bf547cee80c0495ad546f1fb9786750742362fa3a18,10,amp,independent,195,train
1c5453e51a23b25b409910565531b55ce5e3917ed4b4d18111babcb0b9ad73ca,10,amp,independent,195,train
73a376d37347279b6fa2a2a120f3cb4809a5a6ac24a37b675930d29337640c79,10,amp,independent,195,train
35b6980becb84e56e08b42d6b54dc16ab67117081950cb7373296ca2f62c7d9a,10,amp,independent,195,train
7232276cc27f37d894c6798d933d55ab62d7d781f985fdc30dd8ebd0b66e7f02,10,amp,independent,195,train
7dac54ea8681224f74dc217d9705188b34ebf1441af42ab3592e8af5e6f259cd,10,amp,independent,195,train
d98831c48f1faa6fcd06da0899cfcf90bd14ffdb8b3579062cd657a135ba9c2c,10,amp,independent,195,train
0bdc38bc3b5abd8b5e8d18f10a4a4736a4b2260b1c7071fe4ec02e6f0e1a5af1,14,amp,independent,2255,train
55bbf73d6be8e82b7c4002ee05dd074dc6dc3cd8d4a0a2e19d002304585789d5,30,amp,independent,2256,train
2771f44cf704886ba71f06091b464c9b783cc575caf94968dac7463f02ff4760,14,amp,independent,2257,train
3389bb9d4aaddd4bf96004e3f4800f0bfc6a03b0aa5c93ccec36d7df7ae31a6b,16,amp,independent,2258,train
7213d7f89b115507b7b99018bf0b30d3a1dc90a76cd9a95ae7ad1d7eb3fda6fe,19,amp,independent,2259,train
012e94f51d8ed5b61d8d542786426cc131532f7bdb9714c7cb67364c33252c53,20,amp,independent,2185,train
188b322a099340399643dad22039d77ade3bf5dd618754305386f21da06d6e11,26,amp,independent,54,validation
b7641d36d33a17d84ef6740a35bdb65817a2cc693976cc3998d044101d769b85,26,amp,independent,54,validation
78de7d72b77dbbb9a43d56c8ee16fb2916474131cbd63771a09c55de3dbe3e3a,26,amp,independent,54,validation
3a73e25aa99a64fe1e61044a52cf68173868f0225aa47e8a97437a93e6a43b42,26,amp,independent,54,validation
6dd590cd374a1cf7c3edeccc9d74249db471250bfc01c5638b56eb7205c30665,26,amp,independent,54,validation
2d9164d79c53a0d0adfa23aefbdd69e2517ceed45895be7eb93155d5b0b24dd1,26,amp,independent,54,validation
3d37a5869715731c079fc6b6ef14c25a54297fc20ac95c2a56d98f611fb7633c,20,amp,independent,1551,test
e22bf81da02e3631936a0eb20e264c3c2f22facc13fde6e18e7be3460a2d4a14,20,amp,independent,1551,test
30aae3b2b602f96e40159774a3e52c0eb339c0b52c3eba63b20a59db36bd16e8,10,amp,independent,195,train
8c759b8677dfefee06e304e5eb6df2594ae9722d137fc8ceb44ad64472185184,10,amp,independent,195,train
34dd98d7c662f7f48dda0a966f0a4364cd64606e4b371d17f97c30e4dbaac839,10,amp,independent,195,train
0e231d53f0e4f610effa2174e0169faafed88d8fedaeffd180b0b5880239ae04,10,amp,independent,195,train
4a6025160778dfe7ffd93d11fc63f0ab599015e6bb397c5837b806332499d0f1,10,amp,independent,195,train
2b4b648babad558de697bb5acacee7854e9cc338a8c4533f2c23246cd3f4944c,10,amp,independent,195,train
56cf49edb841b9dbe78d3bdd889bd039536ce2a5a6f8e0f2e48e49f1fc6afc45,10,amp,independent,195,train
886213d91ccfe294deef22dbdb3b9479b9d2776e36d795e2ab3a947633de9e2f,10,amp,independent,195,train
8cb1b81555ae54500fc0b9ad9dadc6387e5af44bdb5817c4fac22ac2535633a4,10,amp,independent,195,train
650cd6a1c7bb27776a3ddc723149abcaea3bb7346efceea8f9250dbde043e099,10,amp,independent,195,train
de88e4ce981836492ec7e5b96189d8a946ab2b8bcebd17d4e9c50e71e9dff402,10,amp,independent,195,train
7e54466a281f02d43a18bca6adc6667d1a285ffaccb5633096d538ce3cac2510,10,amp,independent,195,train
f523e20d8ecea900f5f5cfea2f629408ceb54a2ea93738189aed44742ffd6632,10,amp,independent,195,train
af2e0ddd63ad6ee97014757e7141c2495991080c246d0b775670ef01a3d9c50c,10,amp,independent,195,train
dfd5a4f9a4cdad65edd8b770894a2074a22f6d39bc5c3856dccbd025daa6b407,10,amp,independent,195,train
fb962998a462858e71dce3930dd20f0f9b481a89c909e87ff2c7ddca0be2b946,9,amp,independent,2260,train
4016cf19669c1e0797b62ba25029786a79d80380ea32977e1e03eb8bf0befc11,10,amp,independent,195,train
45ee06f17bcea20ad15a8c632964aa1b78c8130089cffdbfd0e3183d773071f3,10,amp,independent,195,train
cd6e2dbaf65d511cdd14dc928edd73d23c6c625b662141268312a01796ae412e,10,amp,independent,195,train
db218216d6ff138a5638be1d0cbea949f5a32947449ed4570e91eef64613a2d1,10,amp,independent,195,train
6d7764f13490f9422b804da1332ed1fa5809d3de42a8f80b2555e21c5b077409,10,amp,independent,195,train
95611e6c179b4eeefb8313f8028dbcad9cb42112782e893546136d36ede3ea5a,10,amp,independent,195,train
c4a3d9bed38f4384466e0473a64361daf8a8be34558eff781d003465e07651bc,11,amp,independent,2261,train
8890a6a46fe4f1bb56d70c7640869e52d63ee2bd4177f90cc873962b8d5fb92c,10,amp,independent,195,train
4966d6196745af07224614ac80616f9bed80f0976da6d0c3b9ebecdb6b889843,10,amp,independent,195,train
b809a7eda4cd18d60760630c936841c663c9d4e8ae7f17bd55eb1139d72808f5,10,amp,independent,195,train
111d4659a0d9edd4c1ddae28d7d94f5a366cf009084f1367b42a5f60486e5406,10,amp,independent,195,train
7c9d8075e8a392901a79cbc03e67424e8d15a734cbc9e081ed66e164641c5ea9,10,amp,independent,195,train
cddf772cea9017014b27895f3c11dd5fc8e0765ce1a26cc4b78ea5710082498f,10,amp,independent,195,train
2fb69ec47e12f0d64e61142874a8a230945db715bb78e114b743c1500df3fd6f,16,amp,independent,2262,train
69663979dc848fc040813238269290b69910a5147a9fa00fd9cfd2b6f6c985a4,10,amp,independent,195,train
eb9df6fa47d745dc38dd825105804afa2cf024023701a29198e0c3ed35c248bc,10,amp,independent,195,train
ef1d1e94420e20c7282c87b330578af046639cdbb71ace89b4bc61a51863420c,10,amp,independent,195,train
83f8047b3a396e40736760c31074f66bdb5d46b42cee78c7d279a57c4e14f0f1,12,amp,independent,2263,train
754aa1d7f552cc9581c202cc7440dbee4c7396892b71e1bf9d3959f25184ba60,19,amp,independent,2264,train
dba0974493096e3a55f44c37e63671f5b516f318b04cc2ed79e12945482e546d,7,amp,independent,1663,train
ab62a25cafe8587987ccd0ba05ec4a20cdd6b0c09cd284f82850479364e92212,17,amp,independent,2265,train
8de1a608bd79bea08890034e7e5ebf850ad316583c87ea550a12c1f175b37aa0,8,amp,independent,2266,train
12631b99bb840f4f63019c59a44ae882ce7c741bec6f9766017af9813b1bd03c,10,amp,independent,2189,train
52302b8d221f1dc3ceac1bba9b0f515ce5c423b890fdfde36d8590edca01dfdd,20,amp,independent,2267,validation
0407241abcf551b61a500004dbba313ca19507d6e318867659255518b7743a39,8,amp,independent,2268,train
6890685591f0e1c61f99ee78a89e8f17da871f1d1b38a24db9110723f251a232,16,amp,independent,675,train
ae3abe5ac4d7338a2210029d7ddd4c8cc16e7bf6956a9a2e1111db4c98e4d8eb,16,amp,independent,675,train
6b582fd92c85421147957bc2d0d4fbad3446ed6f9ad023fb280e08e0fd29ce99,18,amp,independent,2269,train
667dd43d8f16bb768d0603df11e2d59b752086ba45de913cd583a30209223731,17,amp,independent,2270,train
b8198152e6ac2fec6a7378a961b500cf38a9d442bafa127696da570b78b9273d,13,amp,independent,2271,train
7c4108c88f0a17a717bef88e5f7a07005fe28525c45621ac78695516a8edcbf5,6,amp,independent,2272,train
f73c27949af0ae44f271278421d8c90a2b3e44da77415eb7a9123856aceb078f,16,amp,independent,2273,validation
6d33df5ebcc62dcedfc201716c22e619a3a0084714b1a00dee389db1c5e4f8ca,14,amp,independent,2274,train
618ebead57000327e7de27e49dfc62dc647dc09118473ebca8535db58033183b,16,amp,independent,679,validation
add7aba0709bb411f7afab5684e636fd6eb54ab6fec8891c9f2609d8c4734070,17,amp,independent,810,train
1055d9814807591e20fbb437670ca211f7284919f17688ca712a763c3d10e825,23,amp,independent,1842,test
24492537ed6ede0f850c5b17246286de1aea7c488c44d8fd12578bafc3b07196,8,amp,independent,2275,train
191ebfe46dd4abb465603901461610d6d97cc9c79f6149c451637e254fa7dc75,9,amp,independent,2276,train
4ad8c254442989ce103bc72610418c4976bf8c9248647bf85f247cacb7cd95cc,21,amp,independent,2277,train
2a457c2ec5ebcff168ddbc16d56b2799500635490b1e7b3e534922d1bfe55cae,27,amp,independent,2278,train
57087f5cc7fb37952308819304ec9f0e7cba7137a8070b8dffaa09f398459c7f,25,amp,independent,2279,validation
dca849b9efc830cc900ad93e8dfed44c005a17885668aee3d687bef4ded3df45,14,amp,independent,2280,train
b2ad09dc5b4ea533ffa84dc5b97caeeeae4c1c1e75af5cd4fd717e82eb9fb1d2,17,amp,independent,2281,train
95ae2016bbfdcb30754c5a545110faf1beaf032d4839d28e6e75db08bbe735f0,26,amp,independent,2215,train
0723b3762a1032bf5e69218e3209a765fc5c49f8d3d069fb112bc8a200498f91,23,amp,independent,2216,validation
f2a40eb1ddd06750af6a1268150fa6d4ab8692231a9807ba6d759c6f42e4a57d,27,amp,independent,2217,validation
2ef9a47b723fa92c747fdefb05e98ffe3e25c786304c5e1ebef700aa7caa9487,26,amp,independent,2218,test
057fb8f67d23ac321edc4468f6404bf3e99acc145b838312a9c6dde7e9f2882f,20,amp,independent,1958,train
33fe14aba6706db0b652ca237c2d77547b420e3c3de4d4ef34bd1c7b7d209a01,14,amp,independent,1986,train
ecd717fc9b3ea3d36089ab0b5cc04cfe7664734334586f51182adc24120200c7,14,amp,independent,1986,train
8fd23a69dcc6c0c74bd01e762c86aad09c0f3d508fa598ea9b91d8ea25ac3643,14,amp,independent,1986,train
94aea3a94fd6a4e6be513442488a98d80e76b05f28924a0088d3a4178cecc2b0,16,amp,independent,2282,train
e225f5b05ce9e2a4dfd244dd699516f006874a2571c5391d775d8216748c1b86,21,amp,independent,337,train
ee80a7ca156544ac892c10b919378e5f4904d99ae97d35cae54a52722f17d609,16,amp,independent,2283,train
f5cb19e59db238efad4b8c6a06ac9f20f51c1d23c3813ea6175ceaf7cb6a7a33,20,amp,independent,2284,train
13abe2818c346ad8fc33fa0aa28c917c5ab8201edd9660f39fdf26ce1d3a6c2d,14,amp,independent,1986,train
6454d5ddf28feb02b2c74b454c99ad394ffb7e2992353370646cf74a44bd5f83,14,amp,independent,1986,train
3e50bfd35577f7d67b683b6b1aa37e361d8a87c6b476d6a47563caa4fa67deaf,14,amp,independent,1986,train
72ebd22eaf0c5d77b5fcec040fe2c307d5b62a332275ecc9ed9d6da1a183cf81,14,amp,independent,1986,train
c765a37a6b9c89e1422c00f45c9ad7d92ab0e9f47d84d4c18e50bc0a6f33cce5,14,amp,independent,1986,train
354857f1a2b7054b035059bbeba687a9e681a9f55421e2965c7b82cb5797e6ef,14,amp,independent,1986,train
5f411ac4fbb0a2a838b5d9bf3ace7ff64d649ad991cce58167edbe6ff7cbc02c,14,amp,independent,1986,train
8eced0105fc1bb71be79d5f175ecb53dbe9889012b55af695bef86fa70720a37,14,amp,independent,1986,train
aa77f927c3d33cd4dae3eb0b2f9165b05ea171ec2cb453e39fe59c6f1527ef8f,14,amp,independent,1986,train
5fa3d04896c3c74f0ba8aca07c2cbd19fd41163f85098939f12ef7adb8673190,14,amp,independent,1986,train
543511f89afb675a25a8d4c9ff6e67fddfd42bcf330e777d8b01ca2539dfc5f5,14,amp,independent,1986,train
d150811fd863e060a60084f8af259362b7d58538c73d565b7223a5e154541cdd,14,amp,independent,1986,train
bc49ea6e78bc2f5b8aa9d03ae336f005e09bf320578387574b42ba0c855c699a,14,amp,independent,1986,train
c91a7f99fa27b0276961eb7d82cd7431cd9e20489505dc3dc8915606d98eb2d4,13,amp,independent,612,train
10bbeb544bf2affb88ac5fc48e840ca71990f6bbff36b771a95423ba12e5b0d4,13,amp,independent,612,train
93566d634f260b156da6365bde35c15f8d570c3f1fcc0f7607f00755ddbcded8,13,amp,independent,612,train
f30bbda0ae6139c53c54a3a29e2dfe7378b9f341fdac955eadd70250081352d5,13,amp,independent,2209,test
a74e3452e3bd080c0645b0fc5d98448d4c634c1cadc9915236264703e30b827a,13,amp,independent,2209,test
697dc57da70843e2af934aef2c529c1227a70ca2dd41ca75c89fc9835fda6ec1,13,amp,independent,2209,test
a9cd37d2da56fc65b27daeb65499bb785f63b42c33a3aa875ecb000a7a3ca235,13,amp,independent,2209,test
06ac059f51a9476bbbb00b55298101b9bbe48af743c263399f854a54bcbe3346,13,amp,independent,234,train
626a4a048459903f375532edc63ad8273047682f3ebec052daeb36d1ad4fa774,14,amp,independent,2285,train
5ef516fb3f15db5e3d1a7bf3ef4b288b8d4092d530085323275f6516d6841165,12,amp,independent,2286,train
543abee953a6557edf80e0012e5ef06a0e0b8ad212f5e75408045dac3c99e130,14,amp,independent,2287,train
7a120ee49e49ba3d864a83744248a4545f38b4c17ba93e9f6f3c111137e37875,7,amp,independent,2288,train
719ec3cafd7f33f8420bff23189fbf45e22e711c32b30e5eba4c574c4ffddd74,23,amp,independent,2107,train
d820b3038a0787108a0d03719d0502af01c4e1824d1296a129603c271696cb32,18,amp,main,269,train
01b454393ab4517793aeab6008795dc7c7f9e5956cbcd45d816fc5a6119236d1,18,amp,main,269,train
1aa53a1a1e6d5a05e1d670c2b534eaf137a35a7f13acf7397eacb993a987edce,12,amp,main,312,validation
ef9594341a96318e4a3bc39191a1ec4d5ad71848bb6ea4c4863a045475bb69fc,25,amp,main,2289,train
170ee841893426bbfba6a8045f72b3332f82120eb56538cdb3efa649045491a5,6,amp,main,2290,train
0e92c4d5b6a6dd1dbf132c7611d6ba6877ce48ef6b400528fc7c8677cf6446c1,21,amp,main,2291,train
1d0f814c031ae05ff321631607250f400a1cc5ced2ad137f292ade9ca3aba55a,26,amp,main,2292,train
ea28482b97c9960497947406f264fe0099040eb07cde7b2540ab710e98d7e06b,24,amp,main,2293,train
054a8e27a198d4842cff78ca991933a95c7b795d6b5b9b018df1defb78d07c0b,27,amp,main,1116,test
a1a6989a7c4573696e26ce47e8ad962458262906dc127fb44660ed2e6467a337,27,amp,main,1116,test
799f97e4aa3b0d286e780bbeaf3a4a460609b8f6ccb75c5986b9fd124637fd99,25,amp,main,1117,test
1a9b2321fef35030a54b9c4231eca27a4d12c9c4c2937e6523773e54f47c8f2f,27,amp,main,1116,test
2cac816ef71eb6aa8c408318d786064a8a6677f77fd2ecc735ec552fc17bc06e,27,amp,main,2294,train
f0fae99b10c0971c439aa905f2aabce048aafbffc1e3693ae29b7f7e02329cdc,27,amp,main,2294,train
1f674263cbabbb8f0d6a6987af9c06a5e7e3f7daaaeb41cd8885e95292ac4176,27,amp,main,2294,train
c5466cc3c901f0d49031f96e6bdbf70c33c0b28a60ef42679e8188a383eb2b2d,27,amp,main,1116,test
56f2926853a30380c031eae41adf7752f44d03170b6770dc2369fef0d0fb4911,27,amp,main,2294,train
c3bf8106a7e4d668e15bbfab69870b15d93d9da0ab9a066cdbea07e6504a3c51,17,amp,main,2295,train
47b7050f9a0dfed05a82357567f5d27ccdae64bc9c968c4e9619d5b4280691b0,17,amp,main,2295,train
cadf6dd2819d11d85487f5e4910740d96b950d8b376d6c15c69448f31ecba12d,17,amp,main,2295,train
73316db31a0915e45d3541c98508bb436b95037961a1a288b136283310e3c7f9,17,amp,main,2296,train
4e56946836a807e8f9e3cd80946125044fe7fc871cf25bcd103f21e84e343970,24,amp,main,2297,train
6f74e26d8a5270bf23fa95b517588aead9dc0cc30ffc202c7d924e1880f77a6e,24,amp,main,25,test
64617e4253cd389dc8261c175930107aac6d3bbbf39586a30bcd14434484efac,24,amp,main,2298,validation
b22397e572184ac03d92ae88520d4a505c26863b0a40caa3c02466ae166da4a3,29,amp,main,82,validation
9aba6a36a124d15e1611614b369716cb3d2769f5e2d94d54116d71082ac26e8a,24,amp,main,435,train
fd989d53dc32a9bb276bdc09413124b949f41b3d3e9beb9b0e1300ae69743764,21,amp,main,88,test
71af4dac2b57f587cf762d08a377c9b501ddcb210a697a768262c369a52ea16f,25,amp,main,1941,train
985b950bf547efb2cfe902fb8c925f350a6c1aaf28efb39ae5922931be79da69,24,amp,main,2299,validation
c6c20f1f2ab23f1a272319cf566deea7c1495a19106e3473dd7134b9f6bbe6f5,28,amp,main,44,test
72f2c5a71d9cd5ca2feca2787493128fd9fe50335cb9cd34ae5b6cfda13a86fe,28,amp,main,44,test
8ab704e4b46c66322882d6737ae64dab00e7a7744f08e2e01627fee30191a0a9,25,amp,main,1941,train
47a6092caf94130c0e0d51336280216ccdc7e1766c7771bc9c265e8454a72bc8,27,amp,main,2300,train
816620afef4b5e109f33b06afad50cc0487deda9e92889012eb664474e44fca7,6,amp,main,2301,validation
cbeeab34c0795fb820a7cf97eea5724bc8fe7ce23ea0ddfb8e986cbbf66d9b6c,19,amp,main,2302,test
198bced9fd7b17af7e6ee1c2a512279c1004805dacc9013929e45a53fa047d1e,11,amp,main,199,train
aee3d502296714669ff7b03c6465cb78c4277242248bcea8807589161c21bf3d,23,amp,main,3,train
16992c17ef86f261477fa95852fb6ff432434c05dd29ddc93c14251d7f98d2cf,26,amp,main,170,test
f1257d336456140c43d0d53776b13641b199e4d70d626ff4b45296242654bbc3,13,amp,main,127,validation
c04cf3d790c34c7723d27225c0dc9cf1fdd75372e81b68911253fd83faacf20a,18,amp,main,669,train
2b0ec81407d11aecb6cba2608e9f60388dbeca184c751f1c6f0bd02d024715bb,13,amp,main,692,train
04ddc9efbc3d886e42b19394620f881807fae28a6d989574cc62d6f39990fabf,25,amp,main,2303,train
b52a14c589aa7e3eddfaf15f4a13c3f5861c8858db0fd91300d380ca6150c015,29,amp,main,1087,train
b1c241e8d853c43998df58b0da066e22950d04d296963ebc4fe9d335531dd873,18,amp,main,669,train
1bcc0555f450abc4efd086c8447728e40a98a8aa85e2297153af40f7f954d9a5,30,amp,main,2304,validation
1729a544057f1215442a9b5fe729095f638b94b4b5154258f9cee9545c52f1cb,28,amp,main,458,train
3373d1aeab5c06d33241a878502d41169a23d406fa2931f5d279734baa190fa7,29,amp,main,2305,train
e0823bb1dc700bbbf3f623d5e2c06d12963ce5fa5d91abc8e8cb8f3588d34c92,30,amp,main,2306,train
26a145ff80b55a4aa3a2570919894ef91131e13236a627e48124d8fa66ed8047,29,amp,main,2307,train
7bd68e59cc85e137ba695e732932dd95f784dd32832aaecc189c78f38f019289,25,amp,main,155,train
b6a7f3647478b5b95a797442805504545dfd9c96a940d702fbf6d0c6662ab8c4,16,amp,main,2308,train
b6e4d34a7f2a1252c428c06751e8bcb41b18bc2e06a12a2ca77bedfe9764d48b,16,amp,main,2308,train
bd0ecacc7387f2b84b2b9326f549e75bb73646540c016a5a9d94679254de5598,20,amp,main,1991,train
05726f8bbd80df008d52da32b2cabebbdf2443f107f9b5aff36fb5744ba94b17,26,amp,main,2309,train
aaca7c2dd8318a58b751d4d2d8593650246d86467fb4cb0d96d52a38126684d4,19,amp,main,1149,test
029454f74f485e6f481e74213a943e53a508f562b59dae3af3a2e4b284a92d1a,30,amp,main,142,train
d3272e14e7145b3eab87ee206a113dfa35c090a2668b907d0daa113d696e7e39,30,amp,main,238,train
68c0d6f1fde9bd996064df487a7144dc6a286571e7296e7b89950b1d00660fe9,29,amp,main,246,test
12d7017dee9a7037586b3c6f91e59e7906dd9ff88f004e7ac9c75f2607974fc5,18,amp,main,2,train
704dc235dafea3cf11344343ab76ab360a6f7b8fa2c37995c9548d434d570ff9,25,amp,main,2310,validation
4e1efe3c6b1c273de3c0e5ec14adf0d6f6c88ad7a0f553d72e151c90f0915b64,30,amp,main,340,train
07e29ce9a3cdcfe79d0bd657f012435b9a6670fbbadd17e5ea25a665580e9880,18,amp,main,672,train
9598493bc67e9fd9c5d868b7b82d542c0aa4a17d961cca281c668283f6673ee8,14,amp,main,639,train
fc788687cce8b52c89666f6aa8c9b8fec50cd09566ca16aee1544fb1af75f1a1,14,amp,main,2311,validation
7f3a9756891b49b941b2142543b10803da415f309f0f1744fc2f3cfd1302dd7d,24,amp,main,2312,train
b6caa1581eac8732cdb884da81fbc7f295e6979ec98285c8fd43193c3008a882,21,amp,main,28,train
d0fde22879b6aa700c3e2dc3480d5044291f71221a7c9663d13bd7bfbd747e8e,18,amp,main,432,train
321d17cd91e91d8c03cee342e9ec1705255c26146928d2e8f72d650e5d088a31,18,amp,main,432,train
518ee5eb9dd913ea36cd7d74a7dd5eea6b8090d7518c3fbe589776acef62ce25,17,amp,main,931,train
b4b5a2315c725f83e10ad32797f941d12a5eddbfed4e7d2b5ea52a89adecaad9,17,amp,main,931,train
176c86e218fc23748aef9e876f7d6fde68d16d15292a69ce7e312747a466b7a7,17,amp,main,931,train
79feefc038ba21a4d39dc648364e1d9c21457a098e86462e81a197157529343f,16,amp,main,671,train
f756689b47aedb1e593b4b4d81af1ac371d0c58033c3ecbf0a6f65dcdf11f52b,18,amp,main,672,train
c950fcfd392a65b1ea5c7d3421789258d6cbf528c602868ddfb6a1bccf4fcead,18,amp,main,2313,validation
c57f2a03034a106e57a3e850d2467ed98c50e53f5efabda628de4ad75252f654,18,amp,main,672,train
77b83bdb687e00f0191316ebb759e0da6f3e4f1e23287850f8da44cdac8cc3aa,29,amp,main,2314,validation
dfda739c699271c5a7883c3fe344db8b9e88930c4f05c56cc0f9d57f3cec094b,25,amp,main,50,train
5241948f9be12c724c2bca3798371d33e359fcef59b8b60bf231267aecef59ab,24,amp,main,363,validation
11ec4c72a40b10d1130b68808a601ca1d876849c0eab909d8a1f490ada9bb95d,24,amp,main,363,validation
619fd693004e4010a1f932bae057c9bedfa671130b195208fa42b66333cb1b77,25,amp,main,2315,train
5d7886d73bd4abf88584770cdfad76dfe7aacba889227535b3f6b7f8d7315888,23,amp,main,2316,validation
97d56c7a346ae408453051510474b36a845a4e054412c7d9416f0b54c39f125f,23,amp,main,2316,validation
07fdd70345e399bd0a333e47b5f9316a654d6fcfc99bef8293d2327229e20c5e,25,amp,main,2317,validation
6026e78a22a7e84eef2141e4c3478034bbcda6dffa0a38dfe9dea010a187135f,23,amp,main,2318,train
7777faa70a8bf5e6062dd2cc5cdd8e4eb96cf3891fff4dc864212d9ff8085cb4,24,amp,main,2319,train
a508b1815794fe573192c67dee85f2eb8e988ef13d70b2bfb291bc8de67f63c7,21,amp,main,337,train
003393f45403c53704a6b6c51d200d810c1f7885c04a9e50a2781eadcd6ea9fc,27,amp,main,2320,train
1c834683cde3370ebae32691b5676e63eeb762208131a2e6bd6d0dca913d8325,23,amp,main,2321,train
15c73fba9be5fcc2010d754b4e4943e573fc37b2df2922f0e6619dec69cb3bd7,17,amp,main,2322,train
e32e0890931144b87879df5ab2134838453a884c753ee7225cb8d8e5f5b9c78f,19,amp,main,2323,train
f3125b39bb876dcf7b2380875a6861dbacda177b611690b7b30845a525430e1c,19,amp,main,2323,train
18b602fc0cce2a0a6195b55bbccfd59fe38ae8e82aac5e6c42d37bc663d83864,19,amp,main,2324,train
885f12946e55e7ca877a2e53c327f74787396ef4069b1ff5b97399838892b407,25,amp,main,1004,validation
f1185c2d5134d50b4b0f196dce44ee3c3dd2c8925f8315fb6763f77c29a7bed8,25,amp,main,1004,validation
68860d02bb5258b2bdb29c3c2f9ff974cf70bb0482071d6dc84ececcb43725ca,20,amp,main,2325,validation
c9c82c9cc24175563f40dc78c4fd33e91b776d648dde849c4087a3253ff0c29e,18,amp,main,269,train
3c03c5903876009665edf045ef25b6aaf99e64ff7f0c5c13d09613f713a8bd0c,22,amp,main,2326,train
dd0b765de01b0d1bc7908ddee9c94e8fdcbec92c5fba6d62700e4435cbc392af,21,amp,main,2327,train
d8868892e17c6851f3db05f51abb4c2b85e72610ec5bbb7c65a1739827fdbb42,27,amp,main,2328,train
11cde8f83c0ca99214c207b9bae2d7b757b129820f9bcc5f87a87c0bd8a71480,28,amp,main,2329,validation
c5547ade73b3be7a90f824ddeafd3c7eb22b56937f1c9368357e87b651e490a6,23,amp,main,1778,validation
d38c04956aab2be0bca6e171ead1cad7aa05f24cf33741fb44eed74b3a809230,30,amp,main,2330,train
3495a8158459e1184c2ace90ebe0cdf6fbf9a459b94f49d42dab6b153ea76ae0,30,amp,main,2331,train
ca3b212898432c896a1c21e5115ac8ee8763cae9fd2ef664beaa3f2ab9da0481,30,amp,main,2331,train
11cc0a053e193c77f4ecbbed3aedc4836c60d0c56d49d8ba63a44e2addd4953e,29,amp,main,2332,train
e62784d95770fd4148661e33bf1bdcde279ac99097ab271299c503059f0feebc,30,amp,main,2333,train
c51a2745254e7dd832ab06f7df65c534e79439870d8ad9744e7684efdf575021,24,amp,main,2334,train
124ef733b797876e4e4bdf4f835f8d71dd9b76c73766c0a0302f2896442ad986,24,amp,main,2334,train
67098526d20e0a873f042eb023181f0a086047cf14b71d4ab20e71f1ad8c3f63,25,amp,main,2335,train
ecde55593dd180367cbb11d31c651ba0a76f8fcf578462c5fe466e82292308f5,25,amp,main,2335,train
7e9cc023ecd62c031fc0dd74e294461d1d23ead4a2cb0b1d63ee9ac89a833ae5,26,amp,main,2336,train
0cdb743f8a79e200716c1a8d5d2f341ece9b00dc9c74be87a635225621e4444e,26,amp,main,2337,train
08f8357350cd3ab4d0c797f8a29262708c1334487f263a327a8942d7bbc99acd,24,amp,main,2338,train
94b411ee61dcedad7ad3762701dadf79312a4342a2ad13510de15f3cb3072f05,25,amp,main,2339,train
4d8912996869fab5ed7582aca9d9c3a47e1401484482652b4205eab85f551df8,29,amp,main,2340,train
cd3279afb88db527a19ff1277323837a4a69293674b392333d8a42f86a66d301,29,amp,main,2340,train
859d00fac577681fe3710ae0bf99a2cfaa1d0e0105dce4c3e77262c2ff83b27b,27,amp,main,1116,test
7a5737921b4b17ddd01e9c5a06adadde047d2e01b5e6d4e671100f3c745d52dd,27,amp,main,2341,test
0cee9f26ea43f5271173607fa010355ab85f2d9e60ecf06a354ddd4484d4d503,25,amp,main,2342,train
fe2b6c4460c1cc4021dd7c30eba2fee3184456f088e778e4a5c693aef7aca7b3,22,amp,main,2343,train
2f7572131f8251d41404fe4eed7c415f21d767d42b41c10f241f55d8bd1f2982,14,amp,main,1986,train
e5eb18e8f8a0c4e20959cac6092ac29dd204959f95556bb1d2534a3d27a1f8e0,14,amp,main,2344,validation
816521b640690f908467f10c20639fb118f125195e852b6a03de41d96a50640a,30,amp,main,238,train
7f707713f7124c067d44b1b4d0ce34075f9e3e0f6e7c6102a525ae8893deb441,18,amp,main,182,train
404e99a13a5a2cf152c85aef21d788c9cf75174a4f94ae1978c0c2795e45224e,10,amp,main,264,train
7c847f3f2cfa2dcbcedff65d71d7516c2f69280e4177b307f6a41dd5d422dceb,14,amp,main,2311,validation
39bebbb968937d437e0facda873be322170522c7329a3d8955f162c0de227aed,12,amp,main,2345,train
2dd3da820cd6ce3a3ae02caded922448789a281a6eae15cbe44c3897632a83a0,24,amp,main,2346,validation
16bd62e1dff9c29c1e30eba0495996556cb1b0fba25c4958dbe9e3aabe8ce827,24,amp,main,25,test
da58721c3e428d3613c245f137999fb7243f03bca843c0d7af3ab51e0f12c0da,24,amp,main,25,test
22ec09d0eaef2cb5000d782ab121e54d21e2dfc1dbfea480cecf4a34346b77b3,24,amp,main,2347,test
bc001c4ff7ba345827b91f97736513685b9c66d8408e7fe08ff52b0a59701234,20,amp,main,2348,train
f76eb0431e696a3732acd5def4f594ecfc7cfdbfab4128e33b239953a1cfe23f,29,amp,main,2349,train
3ac59d4044baf7fd0fa80c8ee462874ebe38ba4bf116db5f26b0ca1bd156ad32,29,amp,main,2349,train
dcbb36a09d0f50b735b16f295b979208088114f25589396af88a54d420279dc0,17,amp,main,2350,validation
af1e3b675e90140f609e22d82ce2510241fabc05f1086b05cc9412fa1e5979c5,24,amp,main,25,test
8bb6252e9774210d10acb5f44a0697052cf2be638c456f609afaa56d3550f54e,24,amp,main,2351,train
0edd81360eb0a0ceac96fc1e01eefd34e4d03a70bd453c6cd95a49f9002bf3e9,24,amp,main,2351,train
e05de1341081da14d8b3dfac51791f0a14bad47fd97ddc7af6439a46ea5284bf,24,amp,main,25,test
0d1cc406f193d6fa65d60f2962630fd66a2f318166ff3c1461a2cc2c5a317f35,24,amp,main,25,test
ee13d40e22eb2cf7813c09db7476d508adee5269796771869bf133161ada3a8d,24,amp,main,25,test
da3737383caa40f1a85583488838c963b04b38895cb8cc4246c1a87d3f5724c0,24,amp,main,25,test
87bbd1d22d166c8921a092e88c7bd20fa146f8531c70824c426b0bdae2b0599f,24,amp,main,25,test
0ad88125e11e14e2f4bd0699148bba9d720078b8cd961eba258766b13cab98ac,24,amp,main,25,test
8721c5684061479881c4f121477c57f701ec00a0e86819a782eb81092a7c7579,24,amp,main,25,test
c159f40d9c208940de78eefc90d5cf37e66b63f39417b0c74ca13ed95c51f8d1,24,amp,main,25,test
1e9391ea0540494e27d5f78bd3eddefd2d6fc211d741b287b3c427e7626067dc,24,amp,main,25,test
d1b3caa69767c863f4a88d3cecebbf4b372cad71b2409dfc3e7c9fdd8a241e91,24,amp,main,25,test
4e1914c54d14afece198fd5d990588c89d4e0007b8125b1dcb93f030657f295c,22,amp,main,71,train
0febaef1d2d3d5e7c27295694d36f07dd34d1cf4d8078c4bbe238433770be21a,22,amp,main,2352,validation
c494f3d314dbe2f1f2fbc5e983ac0b8f3a07e3ffd92586604beb80f1e7a12b03,24,amp,main,897,test
0e4958c51b1ae4cd81693fbb112a8d3aa00fd234a42f9189913971328451694f,24,amp,main,897,test
4a2c9916b6538263e63159de4769d4acdef87106771a634850d13f1a25c3f5f6,23,amp,main,266,test
37dbab4218bd4a2a30502a218d90b90969968fa193e5c034cb6b38341f1a70e1,20,amp,main,2353,test
0b1878f50b6a6d34c3623b83bd09558618f3b15e9ce02c10a6d91535a62a5ac5,20,amp,main,2353,test
a3f41bdb5df55909e1d71ec49217533df84aff9d707c9206d5dfaee731196f91,21,amp,main,2354,train
00009419d7ccf4644cd5c673a3b45dbc6ad7ded21aff3d8b7c41292aa2f92b57,25,amp,main,509,train
58f2b1d05ec3acf998610c7b5ae433c0d9f4ebd0230a602eb9539fb1e139ad00,18,amp,main,606,train
3736bda6ba98b96ca14da583dfdd015fa5b8da0b9dcee12a7c8bac31cf4f027b,19,amp,main,695,test
b61ff80a4cef1d50e4bb864fad84378916bd2543ef5a5d8f8c5e32f96d21d6f2,23,amp,main,2355,validation
9994ab11f69436ce6ab58a6acf4b5b39f687eb09346ca3f2c7471b06dd8a7dfc,20,amp,main,1043,train
29edf8c31f9cdfd79d0dbfc3758d697aac6b81a5de2ef142a9b0e51f280d63ea,20,amp,main,2356,validation
4917a74ed67a41b4cf81a467fbdb93c5b328a59c6b5b8d39c834c23784b4e149,24,amp,main,12,train
bb248da0c0181381033786aa60fd0d2ecca088e169f3e3d2bd8575b1b76bedc4,21,amp,main,2357,train
9d549164b05b4cfd71a7712e4d959005437a4e50a7c0d89f5ea6836ff653001f,30,amp,main,2358,train
29921812799545e5c92245d776a09335dbd8d4f6bdfc6f152329cbe630fe3177,20,amp,main,159,train
6671e472675c61b367fdccc754e715c91dbf25c22d49efc28fa6ba631df222eb,20,amp,main,159,train
8335e1a7ddc2c5262c3cf525671b4c9f1612d8370efb0447347ff992110b9700,20,amp,main,159,train
5dc5c585a4ae8acfc0a9bf2e8badf8ff07b86022a83fffd400599317a86c0b18,25,amp,main,2359,train
e83dea8d6783db21936c3350b8e8bb8b013736f885e5340220f4e8d8aebf2a91,27,amp,main,2360,test
8d937e12da9bf676d953ecb4c06eed4fe86fc5619d01881e7c34580d8e6cb9cb,20,amp,main,2361,train
263b73849e51de0edb358c1916d2475af4bf07ed5496fcb1bc2b0b1d7723df7c,20,amp,main,2361,train
8c6bcbad970c4f11c05cfcf1b7f0942d3418d0407c2dbe51ab5ac6e561196e9d,12,amp,main,2362,train
5ca1c58c6bd4f18bf3e903591eb41810e30486b575249cd23f76399fe93b9c1c,28,amp,main,2363,train
3e6101d7176bfb7ecd07fff6b6f14b0a44db5b69cba2227e01bb6a99c48cf5e2,25,amp,main,930,validation
48a594556aae7833809dff53640577db87bd6789038689e350c24494fd8bb194,20,amp,main,2364,train
20594edc18e5679585fd028693444b55abcbe33388418234cc45ed6c3ae32186,30,amp,main,2365,train
5bf99be778d6de2dd426be3e56fc9a0244fbb6b70817989a5cef17bb97d4f82b,27,amp,main,2366,train
4989b7c8c8f323dda7fa86693de09be0dde27fcbf56bec2bf715399d5abe50be,6,amp,main,2367,train
0a50939ddf3d18218317e30b17ce8f5df6cb6842792203532e810a772cc5c4d8,27,amp,main,1122,validation
26b8a41e7203f6698329b143965697b5ba0f0d30905ac64ca6a5dbc7bd7150cf,19,amp,main,870,train
2c2ba086263d760152702d3a9f310cae06c103bfcd02cc64ced3ae8b6ab6ac36,26,amp,main,1893,train
5d904267063521ea39f2f2241b94299300cba8ac6f02103680c2f0399518f860,17,amp,main,2368,train
ade8d29e79bdfc0d37fcb4e6103aceabdc49117d12c18383346febd0917c61fb,20,amp,main,1052,train
7cc30ab8495a98982af5378f2eab34932da55f3521c2654d98fff1e8394e3451,26,amp,main,1931,train
75b534e14db1475002a598c5dbf82b5584793f618c4f73b6b191f26b38878ae9,26,amp,main,1931,train
57a8304dd36eb753411ddc7eef1ff3f6d6b7639e05cbdaea114eb20baa9a53f3,28,amp,main,115,train
1c4cbc889658a733d6d6cd0d699b59e59f33c75eca1dcc8e1efaf3ff8e07e7eb,24,amp,main,25,test
b88cf5b4f9d07aa947e7cebff8a3671ca882431868a300ea32b33fd3c40d395c,21,amp,main,2357,train
1f57833079381d9b999a4899fe752aba86bf92146ed75309c93761467d3c6414,30,amp,main,14,test
be27270166e739999708ac562a1a7baf4e844d0eea6dd6ae07dbc184b9322218,26,amp,main,2369,train
3b7d70ed7223ab4b4d5ed882d84b5004d3c31a088c47780197095b7ff2c67566,24,amp,main,25,test
81c7daf018da7d4b9900714c08fdbaf4803b59c911d54ccf4f158c3d75b8686a,23,amp,main,45,test
9c2f1233b248c7bf507247d2ad469a6f9346cbcb274e506da2ffc59f91d3a61f,20,amp,main,1052,train
c1790b62bc3882186722e8cea45a178c1bf6e35b31f9460a25fce39874dbae5e,20,amp,main,1052,train
ba88dd43a8741cea5faa7db94d9de539a1773309185b06b644890f0e6c1ae050,20,amp,main,1052,train
8ff9f600a653cff2dee7dcaa4c92d67a09cec110be77969148f057960b4af7f2,12,amp,main,1475,train
c762dc76afef99909b5bfec4e08273eccf6079e0a5525c0872930fff8e46863e,29,amp,main,2370,validation
7e8cf0cca8563f1a7e6069d0bf6c4a7e57225b26c4a0edce35051a0c291a3018,28,amp,main,2371,train
1dd0d567acc4d13d6f3df22da184624412f638483aa7eabeeeedb0e32623b15d,27,amp,main,2372,train
87d27ad1c6afb342da63c1101980ef3251c98776dd2ac31fbcce67b9ca202e4b,27,amp,main,2372,train
3bb92566e620df7e865fdd066d7c9045b266ead5e5b2026ed21122be10cccc91,20,amp,main,2373,train
ad08f6ce22ec92e6102f407a8c3e2a031eeffb6828f10f5ceb0ca726eb6273bc,30,amp,main,2374,validation
ab31de955118159d5ad396299953c09017c50b599a5c0848aacdb730a35a9766,23,amp,main,2375,train
b9d98223c24d6cd9bf8eea01e6b1c7f5e2ea54d1811ca8262479ff91239002fd,29,amp,main,2376,train
6b89b3bfe63682db4e10362d4239f96460cd5df75d3d9cd30b430ea57f9cc2ac,24,amp,main,25,test
aa12e7070fe32cfa4e6ea2cc0abdd98edaa6b08091b38b9d9d49169916331b9f,24,amp,main,25,test
975f4c341fc9252abcff7b6d05d887a014231068ffa21c6768e142b05c1be9b8,28,amp,main,44,test
acfe013c0e4c21dc20a2c63b32eca05f8186d7ffa71207373be0b02e49728b1e,28,amp,main,115,train
d184aba8f358dda2cdc0fb127e1ea613af9f4f61cecd9e28a4353e7d66d5029a,28,amp,main,44,test
c89cd899144ec6d2e5a4696aeee6842d9296a010ce9d1972bd2f26bed6ef10b2,24,amp,main,113,train
8e780855c370d6c1ee3ff3fe53c5deafe670a2b069aea9897c81364039c37d50,23,amp,main,2377,train
43bbf37bb903be369e2e7f020948b24310778c0877f11587c7332cd4e72356af,28,amp,main,44,test
c06e87815b9c878c76858dd97b0aefcfaea28c7e0ffc84e8b5591333a3af4470,26,amp,main,2378,train
1c69063180341d43956038412c921740519d58c1f14509a7719b07ba03130a2f,27,amp,main,2379,train
41e4b95b17dc9b3af53b41b8b72d9c3d71d5056e106c9a5ddd32fcb3dfcc013d,30,amp,main,2380,train
2ffba87607c2d91addcdd15c97bcc7f544672e47bf21ea06081b613aeec680b8,23,amp,main,876,train
12f033783b3d27aedcb89afd2ffafa882d520549cc6b1fe8b000d1d788b11f87,21,amp,main,2381,train
3cb29dde0bea2eeb3531ab6788bdb9dd865b378d40be0b59aac5cc6f710fe9f1,21,amp,main,2382,train
20a6af931a72ceff42475719038fdc904e4593a0f7bb8d39cbbf22f991e4aa0c,21,amp,main,2382,train
c9c488c6d939ad1302640841b94e7272ce6147ec29e54d7a87d2672b7071b411,21,amp,main,2382,train
a163d2ae15a40e792a17043012362cdb82db9b1d82047685a3a2db9f8b4e7b82,19,amp,main,2383,train
20276002eeebf615dc28ed74df5b7205bffffd5b512a06b1d43cb36e29fbc444,17,amp,main,988,train
b286896cd1d911f8520aa8498dd103aa0f1a134783d90d523379f3b9fbdad869,24,amp,main,2384,train
4af00e334d986483184941e2eee96ead6e36451c73db7024d5ddfc8667e1f033,18,amp,main,182,train
f9a7e719707fb6746230933b79b1190bf0a1931a5564dfe5387b9af2f92550a8,18,amp,main,182,train
ca83798ded4ae72dd29f9a41e764f64d01bf00ae06523835b4bacee16b16acd6,21,amp,main,683,train
d04dcb64f42ad25f9594663479f6bf4bdb36c5d5c6b4d0c214150abad62d2666,21,amp,main,683,train
f120806ef35ea67321ddeef92e0eda902860522e33bee03b9f16caa0ef3d0f39,24,amp,main,2385,train
2272bcf58012e27154ad9c9dc4fc495351c152f11287caf35e30b257b6f4b046,23,amp,main,3,train
0aaff8552ad1d0b759dfa2bef39c862da37e271c44656751307b349b382d719c,24,amp,main,2386,train
c821cab5f600acc74df77dea5937510f63c1e07b3dd0458a918bc3307d91fe7d,20,amp,main,2387,test
ce11857d8d54964f2d484480b9f829f482f7ce25fae2fbca4582d6abb94822d8,26,amp,main,2388,train
e73f5fbb6e495abe6bb2adf28a73cae27aff6dd28343a0a5d366704e45b73cce,24,amp,main,2389,train
8b77b9863e29b98e7554877fd8e138ba4e2e331e5726f495e7a380f766b838a3,25,amp,main,2390,train
36791567a9fc9dc0e810ecc74bb2d8cfdda18818ccc74820ad8b0bad2b165248,25,amp,main,155,train
8e30200b2f1c2214a27e93097453ccae04b02e6e376944fe2cd207c481ad8816,19,amp,main,2391,train
c542f63765b685258735069cca75e9f85ffdfb1c9a955e27d082f96743d7c5bd,25,amp,main,2392,train
389cd3f8b61a3590c8ed2d762fe0d31aeb691e496e1f131e037daa1aeb6bf63e,25,amp,main,2392,train
39da16e0702905422794c2e811e9bd9c43fbf2c8b62d12bd058efe362419964f,23,amp,main,2393,validation
3c4c34a53f6887af6cbf2ff3fa1cb28d4b97a3b4721eebe9566f9f66dd940e91,26,amp,main,2394,train
cbf0de8fa162c63e59428018ed9d5d40d0fd9d6b330dafd301aebd3c13ae6d2f,21,amp,main,2395,train
6ea2912204e0a4aea37f015ee5c006a211948d8da9d57863a119f4b287374a09,19,amp,main,2396,train
50e399024d8c184637dc7339524c5ff51dd81b9ab4d3129236a6910302d709d3,23,amp,main,2397,train
b36031399e41e126fcb45705594fd54a474ed2c03bc88d0c3fa469c68666def5,24,amp,main,2398,train
a18afa62499124419d49c39400ee361f28f4f139e0c85da64f56c62389fb1e9f,25,amp,main,2399,test
8b76f5a6140a9209f83bf6c8a90c125b6cdf0439e84ecbb379ed7f84c4dbd856,14,amp,main,2400,test
2e2274697540a9dffe97edbfdf11f9fea87883d4254727b73f4c112340f0887e,18,amp,main,669,train
77e66ca96144f71997bccf8946b30ed7d384267c2abff6a0e269a70a509b9d46,20,amp,main,2401,test
b15055bc6263db1e80b0514beb801bd65cd981e11d122d25da9bc0a4ae2a5f50,22,amp,main,2402,train
f8ec72150baded93fa6bc50170606ebc2d8e8f836ceec1ec5d21f0a0ee74b59a,20,amp,main,2403,train
26bbf0e1a71d69a10b791fb9c7a8c3503452d67300c8114bc08b80bfefc6ca9c,25,amp,main,1941,train
895c8ceda6c7482e4f823c7cf07590cfd2350261f642f32078b6f31a998c6294,20,amp,main,159,train
4401fa19ccdbdf499c530421412c3ee354e4c8e834ba123d683be6793651281c,23,amp,main,2404,validation
e2dd40cf07b4720017a2a68fc424b552de5eceff597dfd78b224050ba82cea69,18,amp,main,2405,test
f13abf1c7cba45e5c7cbab40aded409403de53226c48f5aae92f49d1f523e234,18,amp,main,669,train
7d8357895a7607157b9624d0822b8f34690d14815c3927d98ed0a06b61f6d631,21,amp,main,1955,train
b51c5cec7d6fba5913de08a0281de05eddd1f78903fe9604888689655f386f5f,24,amp,main,25,test
23329bd6fd79d65b952e50d780c9ca2b49eae26f240febf081a8a8331bd94d9c,24,amp,main,25,test
50eeb4d929614eb88f01a67680a8d639e2e08ee1c4a7d5d93c42edece723ceea,28,amp,main,115,train
d6998149d16784df73ab3f4556a4c37aa083c5c3f4c0938773425fc98fbe0132,21,amp,main,2406,test
60653dd5fe17c5b6b94ddf56e9b2cbd4c75b56cd0b66513299ca4255f9833f32,24,amp,main,25,test
beb1f16afee8c1f988946f6f6e202721f43cb181b6c439b16ddb4c15f39527b7,24,amp,main,25,test
cbe8c87842d59a3b30b34777be41a06f1e0cd4e74a532237dc42a40967f8e9b6,24,amp,main,25,test
3f1366db7f466c38f0342673a86e7e9cf5a3d97a11d65ab2cc928a303e6613f4,28,amp,main,44,test
a1b5454b1be1a80496069420b26842a191e57fdb17d254bd29f372fe60caf4c8,27,amp,main,2407,train
066d6a7f8e6885c70e26ec781cc071d1785833f99bbdc685556fd6d4aa2d390f,23,amp,main,597,train
715f7c02b6d77d1698a7d80e0e379774c1611eaf802146298b64eb823ce42918,20,amp,main,2361,train
b53e7a54fad2957578a6a9b2ecdf300358c390f0cc7e7f62cc2a91f3526d6fe2,20,amp,main,2361,train
39ba11cc698e648b50dca2c10a0a27c37ec4e1a23fd7b7f8f87e6badb1698765,28,amp,main,2408,train
abe4acd65b1312d476a5c8176d7e584f27a287b39121b07b1f34f7eaa7238320,30,amp,main,2304,validation
7e8267796b0dc2f6e4df8afc7adcd7a2442e4f6f8824adbe57c13b67eaeda1a1,19,amp,main,2409,train
ca43803c1b32891d8b8930a73c3400bbdf7a9fb26c3a6b82a756d8719a09fe06,15,amp,main,627,train
ad695e755de6d9bee7293bfbcb815e0c94976511b5ee0edba87a4f0ef25559ff,25,amp,main,2410,validation
4eec3f0d814e4c8ade3ac55aa062f2c716e3e6207b64317ca210629abc2d058a,26,amp,main,583,train
3d09ff45887edb7dd50fdd2f335307bdadca192865c9dc1b506fa2aeb9224b21,20,amp,main,2411,train
3c60f211c056f2ef2256236923d78b350c04cee87ae7983932227db096624dfd,20,amp,main,2411,train
d494be6ca351f524b719130144b60f9a4ac53e315d59d6ffe10c21f9680383fa,24,amp,main,2412,train
de51dab478a0707572d06a1711e18a15551f06f6e37fb502314fd051a67e3b57,24,amp,main,2412,train
340a622d8bbd57da6831caba8bdd8c68d2bb8c5f7d5859d60ca5e8b09df841ac,28,amp,main,570,train
0952ec7ccd3bd2d4a1c3afd360b00ca5a339844a285ed9d073039e3c5e1ba65f,23,amp,main,3,train
7f0cf30d72ed3c080aa25d2fdd72449204022ab65e8acf32f9750ae8e0507539,22,amp,main,2413,train
7803a625ba53e505a6b7863900058ef1a78e27e4792f211f3977e75a5f26dc45,26,amp,main,2414,validation
1e7bd340d3b193de0b0ad900dd6ecb51ff102f2fc9afd7a9d1d98cc6fec58bd7,18,amp,main,2415,train
3c2af62a684e8aa59bb641b0de793853d3cf69ceb6461034c9d163131303d298,28,amp,main,2416,train
798f221b5123f9655abbfef67f86558e106bd49700940cd35ed11bc0d29ed7d2,30,amp,main,2417,train
bc8e373222aa328a31d51b91c90d57b1cbfb490c95fe1442bfb6be219e51e680,25,amp,main,2418,train
8edace1bfbf3ec4de882041f95d30655a95c40630bacc88e935ac2dc17f4c00d,23,amp,main,2419,train
267d4304bf19af0e0e7283dc43f306b172a75d584c3d9213907fcf1a4e792a8c,27,amp,main,2420,train
1ce7450e2259055ee1679b927e2f655a9fab00d804bfbc9045d2e54c83b45728,17,amp,main,240,test
dc39e3a78511dd43da2bec0696e0212f90ec7b6f8642dd22179d965a9b639f2c,23,amp,main,2214,train
b1107608fab66816308eb0a50d33fbb1ce2e3cc99a75c12933979e1663121621,24,amp,main,2421,train
416cc3d94030a71a3050a8ab2b3c435bb29769368ada8a501ed3f1c9f11b730a,24,amp,main,7,train
6b21773fded358aab47cf458e83b6e652151210d22c9878e21897e2560ab3d2a,24,amp,main,7,train
22655a3a28524dcbf57d6687acb049e868738fb9b9a61aaaac6ecab3161599f7,19,amp,main,437,train
215090b39605897c6e1e240942968f59597c9dcfe1038b0c0bfaba97e5b43c9d,16,amp,main,23,validation
6fa4c5ec241c6b94c6fbd4d0eca554b10f43c6be022bfae48691caa6b8955c54,30,amp,main,1325,train
1c4534ed650ae97f29e17c601ec83cdf59d7413835ffeae2213486b997355fc4,18,amp,main,2422,train
31b73a51fee64afb73ca12a6915502cb9afb80d6c8a483a789f750495d31b320,15,amp,main,2423,train
a2b09114c035c51bce808bc33b1907240b7ec5872f6ffa480a29990080a54d2a,14,amp,main,2424,train
fee1ae73efb4f7f0a1b74842dffa07cf3cc0d642d2ed6d35b27c0ab38832eb65,17,amp,main,1093,test
7821ed105438a9deaf5fc21ef3e210747fc05c40aa3b947302efd1904c93f016,17,amp,main,1093,test
a7e9a73da9940695bf60d96289d23e28abee14e54c193a49d18d1d0bf9d7c3ce,18,amp,main,2425,train
bf00ce34c624d140aec31951c491f2a5b56f57482ab740874e1ebdd74d464088,28,amp,main,2426,train
b2b4d0649e48b1104513ed424f7ec3680120e6002e9f1015079f90b05ee7f564,23,amp,main,2427,train
cc49ad6de074dc7b3cb848dbdded632adb7f7b3b30ed585a9114960ce3958c9a,14,amp,main,596,train
f6d3aa745bd4cc5f26b65ef8d2f1b36b4a27bb05373fbeee5253c0bc3dd24e49,18,amp,main,571,train
55b828d2b7151073432589929a00dde72754a8183dd5c993f782039540964336,28,amp,main,115,train
9d2711158a3d72105a3aaf0bb10791b9920f2b4543578849be9b853ff6268ae8,27,amp,main,2428,validation
837d6d840a75cdcd9ae1ed9ee90405bf8e4a43cc6c146dcfac1d9000842c4f75,30,amp,main,2429,train
93ccd06d4ad4072cb723ce1684ae2436519ba971804b0a4e025d141f162a8996,20,amp,main,2353,test
d3d17ac1fd9d38b8cf83eefcf552fc1c6a2b7a432a54ae1fb39e7b0907256eb2,29,amp,main,27,train
6da5932bd9d57b3c4fe85aedae81cb7e8b938ef3df433be4a7db8a2d51e52bf5,13,amp,main,2430,validation
6c8b1f6c2265f845bd4e86f41a35f8db2a53ec8ee873cf2a23d75e438fa60ad7,21,amp,main,2357,train
6e66b7310732d38949fbae87cd74b59732934eebbfea16d2cb792d325732ac74,28,amp,main,704,train
04cd67ccd2700e0b789fa15b4e190b464ef1c51531e8fd88bc3d4a3c9a8aaee6,15,amp,main,2431,train
1a6594f307c61963a650b1bc91c94e989c17a42d86d2fb18eba22b6027e24256,23,amp,main,45,test
1db32d7990a3c15541bc54970d0d9c86fe301b2a71ed2c2ff8ee4fc468b575e4,21,amp,main,2432,train
bfe462c8dcf03706df385292fe70955452f11afc8fbd162c5148e139956ccc41,15,amp,main,2433,train
1ca4936702e28c7dc51e28fc29c81f250a9c9bf4359f34a16ee2b54b124e571d,21,amp,main,2434,train
de78209f7838e550ac714f63aab0ff0041a24a1abd3ac0455a87a4677cbf6343,29,amp,main,2435,train
e35205c3a700eefedf0a3721abf365cb6a783f7d48d6b152c75d424825fcee30,24,amp,main,2436,train
6d4b0a27b3cc14064d0c388ef32fe0c0978c79c3bf99b2adfd9fa65ab8bc9d9f,24,amp,main,2436,train
589b8824c0f70198f81a40eed8d41ab62d7007b12f9fb98199ecb1f7044f6384,26,amp,main,2437,train
2a3c0528092a2b2dcd53953016ab22ade95d98d4f53ea11976d5c0dbda1b7aa0,29,amp,main,2438,validation
82aaa48f6330f16e22b3627f45b1d85e7ed8810923afbb7abbe3685ac5bc378b,23,amp,main,2439,train
dcfd38a5223cf722fda5ed1e6307d78dff7c18942607b517fcf0dfe00b42c339,25,amp,main,930,validation
b13b1e1744ff4596d1a6581dcd54d8a8ff4f886a67dc070566d4a92e752b3e40,29,amp,main,2440,validation
96ce3c8bbb6f791a445cbc32e17797e90211c591231c31dbc34412482597da2e,29,amp,main,2441,validation
f65caa4bd19a68bba19e12b4ebae03f92ad3e9c0313c3cd6dce31962bc974302,25,amp,main,930,validation
404a4c57dd924943b6b4292d3a554480c960a2f3c8000b3673457b1a48bef529,24,amp,main,25,test
f85d79898a6250c0eab76386447a021c1fede8e96cf4882ac107eebd63ac540d,24,amp,main,25,test
33077f00a33dae571d8fc09f0564d88700e32f05999f8ccce7b076df6ef4c55a,24,amp,main,25,test
765f56b36da7630e4a37f23826fdd7b14d17291d1b09b203c22ec826543fc89f,24,amp,main,25,test
64968e446e82dbeedde0a018aee13bf58ad86ad37e3affcdfec97b706eaf8c85,24,amp,main,25,test
4ff094381b1b2a55c93a1855249299af754202612874afe608a0ba0825bf6132,24,amp,main,25,test
d2ee74e56557612c19fefea5a9c2e44e82648b9126844d67d6f2a53211563e5a,28,amp,main,44,test
f0b0f3457d87528660852d739f5b82b87d0bf4333e0d253ed8c071d43ad051d8,24,amp,main,2442,train
7ad0c1ebcbb67661d6e19cb502f8d51457e8caaa6300b4d2f9e93783d117670b,24,amp,main,2442,train
d4da25eb801105ca46a75106e989cd6b4b188a17d725ab6c241f245ffa1130f9,30,amp,main,2443,train
c44a1235cdc76edcae65ee252153a44e4500c283ca2f97376b873a798c08d232,24,amp,main,2444,train
3bb4ec5be8371ef7c4dfb5c472e6332f8c26267e56adec4defc0096107f2622e,24,amp,main,25,test
441e7f62f5205858be767e7a25093f7e28d162e96f8863df78859d697953f44e,24,amp,main,25,test
45d090763abaa0337698bc11a831206accc676aabbe126029f001f6e25e1a0f7,24,amp,main,25,test
79f8fa15bb714850b47e33c447e32553b0f8b83c972cd55857f4db9fb6d5412b,20,amp,main,2445,train
baae374fb4e9ddc796ca76b519a702002198e55f2803ea66e1e093b0651ab9f6,20,amp,main,2445,train
a861ede7841181e737ac367673d97bca4d95a45d1d859b674dadadeae43df68a,24,amp,main,2446,test
7368d3654375a6313d1ca443823db84b5be79caf642aac3394e9738db2774f16,24,amp,main,2446,test
0c6c56453cc3706287392d4b5a4ab09a461bff7dd0f5ad180c4ff312eb28b8da,20,amp,main,1052,train
4c3dec3b7f62732f17f3c2a72c10e310f63611fe9d2be2ba519f02ec9e789ea1,14,amp,main,2447,train
2dd4c0ee39467505dc1197dee22b2f2d2e9945be6b4ee7099c3004fc5f1cd931,20,amp,main,2448,train
f7ca20a8067e481e2f674e22244e84122f709067253283ccd3d1662fd91d06d4,23,amp,main,584,train
f4e4e471825d0b4046bb119989d4f021f56290620f5bcea2acb2a2f705cb7775,23,amp,main,584,train
f116219667770dd6d6fbedcb33be87a6a10eb83defc1843b63b7bcc3a2f5e535,23,amp,main,584,train
83ee187d0d71209c195eef3936b2a0da729172ef5b9e61867a84897e47e1983d,15,amp,main,2449,train
fa779b59888b7b0750f9c9b3101cb7d17c0b695839a90295f9db30f30b47ac64,15,amp,main,2449,train
b2d774262c8fed10569b6b97887ed001c060b31414b48e712c94ca35871dc659,15,amp,main,2449,train
277f8fb2a5472e16194eba11ffd410b88c1f5fb7902593d91241b765000e51d7,29,amp,main,2450,train
773f76223840c5fdf3910adf8fcd788886ac5468cfaceefce33e89706b789100,28,amp,main,2451,train
a383425971102325f77a397907362a69fad770160c957b77d22940160b4c56b9,30,amp,main,2452,train
d6aff1f4e572032b683adf0f168e3b7ac6c819fed9de6d0ae9a6f80f017e6496,21,amp,main,2453,train
09d27380ce01b4c8789d72e7a562c2350ba85d1811e8c351bc47e6519127a902,25,amp,main,2454,train
ae0f3e3649f0f152bd5d67db897a63fe0710ea0e244f8773145bbad9e048f3dc,15,amp,main,602,test
d512e3852b30851e9b48a3973ed19b70eda012b1064d180abb8d1a17e4050d3f,14,amp,main,2455,validation
4f3aaaf80b74743b83553c657d5fdf8d1fefb6b153ffba225dba492036502499,26,amp,main,2456,train
f31e8c8e32ba82bfb360597c29b9e249e0ef23eb567a412213b14ceb1976c0e6,22,amp,main,2457,train
258142b4b10a490a80b3b46e01bd2f44d441618d7ac464337addd2dd50884536,25,amp,main,2458,train
43d317b600e362b857c3f6d5c8124ee2e1f70f21032a817d0adff5c7f7278ae1,18,amp,main,2459,train
51a92c8731cbeeac01ec4870d1fcccda12412c9620c0186edea3647aae7216cf,19,amp,main,2460,train
9232dbbc5f0b0f2fc0782ba93324d9bbef2ebf18273f29f11ab954f3a253970c,18,amp,main,1922,train
5a0a76eae03f2050163e7e947cb42e612dc0525e74ee53f2e3a82445c8a7f34d,23,amp,main,2461,train
f0cc77264a7749e31c361dd1380f1908665406d5cb70c7a16ade60697d77c84a,30,amp,main,2462,train
85f264fe806855be63b8db5035ad59994fbd96e8f8a7b4d52c840c572c857a8d,30,amp,main,2463,train
49491e21a1585bd45488d32a53f4c454729eed07a1d9fb6e2122ac7f127135fa,14,amp,main,2464,train
f7591ff15f78b81480f29d3bb00a8292e7c3b2389ea552cb9ec11b098df69695,29,amp,main,2465,train
42aaa83934f8bb78099a10b096afa8fa6d2fcfde2e0924d93a2ee734326fd297,19,amp,main,2466,test
e2e4be2352012e0740db2704f454e7d363632d745378838302fc62cbcab6fb2b,24,amp,main,2467,train
2a54b548b5be006c408df18f7bff4d87f2319e3aab5dc9f06b0c24f2088489a8,30,amp,main,2468,validation
0432392c9fe1fd7c93db268649396a20df8663143f27f387870367835beae1a8,20,amp,main,1991,train
dd595934b679521267c012323a79c874a1ac08b0076cb947e0ecca2edd5521e2,28,amp,main,2469,train
c0e0225f8951ce873bb70c6c8f242edd95f48ccad9886a061ba49dfe58e902bf,24,amp,main,2146,train
7298773c5d2ec96dd25a18fcfafa17c68da695c341780a6dc9a70cf2c466f270,14,amp,main,2470,validation
259492864233dfa3e0bdbd9cbd2b7f9017fb2d2fc04bd4442fe235f7fc7485b8,14,amp,main,2471,train
a40811aeda39b50028c000b3a736c02b7c4d8a90bdc8b9f5e1b243709cd67575,14,amp,main,2471,train
0e74a3a543b27e0b48f31a1fe39c6f21ffb3795696458e70afd1523c1fd31463,17,amp,main,2472,train
b8f9269c427691416d1c665e423ebb92d185b9f3b19641f4c315e1f2a8e8ff1f,26,amp,main,1893,train
3dfc3bd98e1adc4dbe9f177039ecdde02af41cb9065621f83a04e966feb1c5a7,30,amp,main,2473,train
25d4f3889d93900c0102e55947b8597fffd771a30878948bb6d61f140a944946,30,amp,main,2473,train
e03b237fbfb59ead425feedf6675eda0720bbcffca2f7072e1ab6a1b719f3ba9,25,amp,main,2474,train
c86ce66b530a9f1516ff0b4c4ee2b39b62d36b8a9246503daeacafa01060c039,18,amp,main,2475,train
217d891f9895c882b98e699c427a2a10adda7c970f44c06cb13d7152a4383a5b,30,amp,main,238,train
1f9b0f67feabc7283448d8d67d5f320114cad833ced8f5cb33706c3fd4589233,30,amp,main,238,train
09049b1b6db4f43e83b78f0829cfd3834bf8a9463af904025a9e17a8b7cb768f,30,amp,main,238,train
94246bb4372730288c109282bfa3ca437f4cf8b826b7b8186bf0a00d433485e2,18,amp,main,669,train
4a0cfb8513ecb28c71a2b1b76d138aba54d6491f8d9e9cb43c2c68c67d1b5bce,18,amp,main,182,train
34bfa4c56f864f3973cb50791ff4882b38ceeb5d1e05e9512c5a8e2565207f36,18,amp,main,182,train
1a3bc35145e5c5d957935c3348ce403bc373339d742e251b0780ce186fb9fdb6,15,amp,main,2476,train
aa12c20849ece7606e003a5fef8917a007ad4b719860fdc80c837ed2401254d1,24,amp,main,2477,train
ce3173dff42dc4b7aa2a664b242f1c12b39f5853dc3866ae5fe775867432ddfa,29,amp,main,27,train
1091e7c66da63c302d5225ae1f55db1f928185631c356c54a4b032cc52a0092d,16,amp,main,2478,train
0eaadb421547a4e357f288e4ad4f2f33f8796bb0fbc30f87b97856487342a360,14,amp,main,2479,train
f2f4b7f22f30f73d35271e4fe987c7357b856dc2e23bbbe13093b762ae1bba20,24,amp,main,2480,train
06d264432e6829beb0e15cd0c5683105c54f2f6e4a4afd4beeccb7b451704c46,24,amp,main,2480,train
b66f8e273f61f7d7ab5d581be2478af808cf155051629f67b1d0e6d5841c848b,24,amp,main,2481,train
efdf8ab5225c07984ad4b7985b5f83bce799204bfeeb0a13427f066308bb6dbe,27,amp,main,2294,train
165957aa8db42e94ba9e70642c1b969a3944f8a2306ae5f0bce62bddbe665be9,27,amp,main,2294,train
e99118cd02708a61756da72a4086bed3b6fc057667cde65ea18e91b63f08cb74,25,amp,main,1117,test
78ec42f59975de34637bb66bb02264ce334499cdf73f7db53582153cf8160b42,27,amp,main,2294,train
bb705b3587484ebcd029ca21ff52cd11a56bc02df795c88e2a3bcb9c40ee9027,27,amp,main,2294,train
ce9d41d1072d09a0c192a1f2ab8816249d32b440125c42eb33ff2249d1016c8b,25,amp,main,1117,test
2e620baa042efe5325ded4f0e25aef05ba83822cbc5162e3876b2e5576cc58ac,27,amp,main,2294,train
f99866c7b04112147acc1e465da322e5b2b43eb49fd2e2049221dc5b00e3947e,27,amp,main,1116,test
6da72d551149c68c5e0bcd44ded5ccff624d806a6ba57d40530c9d5302cc1e50,27,amp,main,1116,test
3bed219da8b963c324dacd811432c52e95801a6310c2903dfc1c5057fa63fa71,22,amp,main,2482,train
7e93e0b9c40ba13a106fbebf9cd747cac3b0298f7e4dd71372f8ca4aa1e692c9,27,amp,main,2294,train
db7f667925eba66a2b8b961dec82f7e4446b1a2a36b9abc3da4e0ecf3ba1ecfd,25,amp,main,1117,test
c6e72b5f18a74cd2f5c0956c29d325f5278824bd4d917f27bf5ab2e0184ac5e8,16,amp,main,2483,train
f3a4db0fa0f1979f77d65ed7c181f65667a4d6c70bcbe671855de5bde2a30547,16,amp,main,2484,test
415ef9eff2e794638ad01c56c05e050408690128061be7424b9ff965aff9e976,29,amp,main,2370,validation
e9f07fa4c0b7c51aff2eb7fd6c08b43599420c315ba368098eaf4e570346afe5,29,amp,main,2485,validation
7e9439cb3d17e08db01c48af73b9949076e18b28dc91f4e98e589e790bd657bf,20,amp,main,2486,train
3046214efcf0930562eba11bd96697d0d29d2c666e9896e17e216a3f023e0ea7,17,amp,main,2487,train
41b4c08e9ad58b99012a0d7e3885fa72c64b080ec440cdc9c8b9c724a4da4fe6,17,amp,main,2488,train
341ae94c1a63f57082e47217b49d15dfdcdf8bc64eb5f0ec48c3650e90471df4,29,amp,main,27,train
f9ecc85de0c14f8da8ffb7aaae09a04f6261b8368a491e96ae4b379ce6283477,29,amp,main,27,train
513ca6fcd45e90a11a94ebd8adb1d879ed8a6565886d3a6780c9bd3e6c717006,29,amp,main,27,train
9ee8fc9898fb86a7127af554a37aa4870686893050b32d7f90aac1d7329cb68f,24,amp,main,2489,train
d313ffa94fd724aef51922fb4b4e5a65447dfeecb0ad085e98850315470eaec8,22,amp,main,2490,train
cbbc76e73aa2f0fa87fc01cf287468cea0bbcb3c9e658392e49cf52b02c1bbed,30,amp,main,2491,train
b768c57b4f1b0f296fd963e48f92171c09b16cd996b1a96e433757ace4ca6016,10,amp,main,2492,train
c299e09eaa7aa847193350e4f8a5b3f2955392ac9486016036e971f4e29a63be,24,amp,main,2442,train
507664eaa0187445e19b880e99520c04a923ecdb6282faf45b13cb1a9afb716e,18,amp,main,2493,train
6ab5215982b189576768fe54e4c9b78f73b583a037e931a20c9eec2b013b3eb1,24,amp,main,2494,train
06a17f1b114737f84dbf33debffaa39f722d03e14d632e1467f2e54d30c381c5,24,amp,main,2495,test
51de76cfd9059adf2331312a726d9177e26b007e556aaaf7ce66c5cc29a61348,15,amp,main,2496,train
60e700334cdce37d0d9e102ded205b52cf278d0b2320dd7a2708a8fac8949e65,13,amp,main,2497,train
4a715b2ca21f307fca712ac804b806a7cd26e1d2b046b3ad1858017b1df00229,17,amp,main,70,train
57760c63f76caf9c10cd01c7a83854ca79f2d37d19c4875efc0e4e04d0afc7c8,17,amp,main,70,train
7f7973ea2f94457431ae9c78dd9d6ab653f6019c02c18da1b1cd05d4cb3c11ae,29,amp,main,27,train
f11411bfe9e6d5e8af1cac5a215b7f6c8ec52736d24032ac077cc73c69697a80,21,amp,main,2357,train
8fd2595844285be8f2d8d19099506917f28ee3711682f1362616943eecf31ef0,21,amp,main,2498,train
01387a36d3cc98dfc88dd1e29edbe2fb4bd943365dae89c26dc87aa87a7b845b,29,amp,main,27,train
c7dc892fe9321d99c56831cc2be5d589943d552c3851514955c6c79d18074144,29,amp,main,27,train
77b740b557d58da8e1e118955171bc29c87147d45720d8ba2490a37cce7aba29,29,amp,main,27,train
eccecc0bffb6bd9b5e3a4097f42c037ea33dcb6c243076d7f21c2a7439e1879b,16,amp,main,2499,train
b612b78929e46fb1b7e8dfba1bf0cad73d7381ef8738d32ab0a73124239fd2bd,24,amp,main,2500,test
3f44b7ce3181aeeeb153a29fbf290d147d6a58f365ff2db65f7cb32a5fab1b6a,17,amp,main,2501,train
a26f06292b3e7da34ed9f51b5f711a5d730cc7098258abcd488eb58d0d152bd3,24,amp,main,25,test
9dd09522d99c469736a9d0c2c19b2bef37e42586fe1d5cf9277b25df11cfa5f8,24,amp,main,2502,validation
8b0ea1d5d976ea5894563ed4eb161d0092a5068cf454103978854a05c7457e4d,27,amp,main,2503,train
d7c0c247abc59e5c2c9a5be9bbc1102866dab7326af4dc127a88d811bc42172a,27,amp,main,80,train
9b2a27bd66ae4121989c988e9cb76c95a65134a409df84ffef53b00b13978bfc,20,amp,main,2353,test
730dad1639f00a343fb73c3245658ff280c15b11496f87a0f9352b5932481936,19,amp,main,2504,train
e7219465d07cf40eca7a2f045c49b5a9f8ba72547d2ace39fcf6f9ba913b0a50,19,amp,main,2504,train
d0d94447f52bd06a5cecfa6150e5138a9c633ef46cf91e667406c13b83c5ff02,20,amp,main,2505,train
66050395a7d2ac8850a5d3795dfdc03f79f8550620e676e45a2e1fca1b2d309c,19,amp,main,2504,train
c60f1c19854f4183b662724df032a0251275f624cc1f8501cb39c1db56e64fac,17,amp,main,2506,train
f6ac6d8959f80fed68add9f74cb17bec7225aa1cbb5a7adfde5ed3a8560bd778,30,amp,main,2507,train
0313b5213ab75565730b8227e82bb4c8d9c79bb0b1e47c2ef8612b4c9d59d0e4,12,amp,main,582,test
e5d0051b10e441d252593c45d0b8608c44f00bb8a0ddcbfb2c8ccf9d8d37f2e9,12,amp,main,578,train
d2d6fd14238dc8b56e180b76e418b29bd9fca785325abaa55fb83bbabcfcc997,19,amp,main,2508,train
c9637be2aa51e1f36868a083560fa9e92c1cb428bd2d7446bf5adc5662564038,19,amp,main,2509,train
78767c359586efbaae8ad59a8c5aa645313a57395197197c243346dd8f3b9a9b,24,amp,main,2510,train
4b1c481143eb61baf7884524e3e4f6331fa02cfdde63bb85b8a08d0ef5707a76,24,amp,main,2510,train
e0e030fc15c3e0b24d4a3958edb58ec1a004016035b3243497d38a1c8d3afc21,24,amp,main,2511,train
b3b721a67dc7ca9afd8ed79f7518d5aebc9e5447a31f7d4bcb2b79407c58cb4c,21,amp,main,2512,test
487c8d51614c476319efefb262d05364905d9e7baf2a557502f93a156c211476,21,amp,main,2512,test
a71a0fdf41a79f0a42692ec2b03ee9be2f46547b76c908bbeddab56427b880a5,13,amp,main,539,train
e4eec656c2acbcc8b3b4b68eb11c86b0a787db8eac1f18bfecc4eb062ce7e61e,17,amp,main,2513,test
f3e29b8778750ae9225a26b8168774695047a7658651868cd19fb0f1fe7b24f9,27,amp,main,590,train
f50ab16dfa6af39c9a05a724741593ca310dad296aff5ddf5a65613499133c1a,24,amp,main,25,test
7affc8cfb93a0950959342e3c22468173329f392a6304b4787cbb0d901278480,24,amp,main,25,test
87636b6685971fa80cebe6c7d0662ecf17ab0c59bfcdd5086997b8215d24e8e5,29,amp,main,1263,train
dcd229776c1a0a98efaa406f5d7120ed99e578395421c3407c60f6233e92ba18,29,amp,main,2514,train
b4d71c7a9c6dec90f976343da9d55935a078a2e64f15803849bdc5a0ade65e68,28,amp,main,2515,train
7cee1f3e4a5d2ca5b402faa70c0ed426776e04acf324d045286a339c22dca0c4,28,amp,main,2515,train
7fd40a7572c1556f8d3939db3633a075897266e78e4eab6e0d7f2ba6720f6952,28,amp,main,2516,train
96f18a79b1a0f10ef8ff7f427438da568ae9b67250b59d1f384ed8e84a984c35,27,amp,main,2517,train
0e447157c7a26355a3bfd489803d9aeea6df7ca401bc45b1c0fef9695ee40d15,27,amp,main,2341,test
fef2fbadd19046434c8f82a39e8e7af60382d3a7d8b2e2ee5498f71545c6e7b3,27,amp,main,2341,test
5201669b79c93e4b8ba14b6d940e4c94112120382fa7f39311e3235c572c4c69,22,amp,main,2518,train
5ec2ccde8f40de839fd0fe75fe071d0b40b4ca51ba2c63fc8defb6d52295723a,25,amp,main,2519,train
138fe03ea1e04736b413bddbeaf3812e3e1fdcab3807a38c6da529fcbfa85b7a,25,amp,main,2342,train
d56da0b419fb2c99ddf4c0368c67e7fef0bc82a9db26c00acb361e340c0cb2f6,24,amp,main,2520,train
b9a62ec40c50c8f32364dabe88623a31ba5c00219cfe1efc75599e654efdc3fc,17,amp,main,2521,train
9a389fae5c95b2008035244267c5960dd5b94ed08c27364a6a4a13ed2dd7ccae,24,amp,main,1498,validation
3f25f0e192daa2dec4f2301cc9d5b8938d87c228e12209a8d62d1d6a79da5e83,25,amp,main,2522,test
823e5289abea96fe408e67e811fc415285bb0c624f82ce4d6ab8df3cbf15d517,22,amp,main,2523,train
ae77cc8b4886510dee37f4d84b84230656e02c9c63ad19821424f44d1188493d,24,amp,main,2442,train
8afbe9598200449f7bff157ea67fca1a9a2c504f436776eec293ccc44a9c1076,24,amp,main,2442,train
d0323a963f47bc59b0b2b0ace6cbc57d242acd03262f39de8c14eb40eda2becb,21,amp,main,2357,train
cc637c3869f3ae6f03ddc95d4efc6315081dcb477a6fe1af8c5d4f654369b4ce,21,amp,main,2357,train
b3ffc3d7980181b834c7e52e84b413b634578da2f8c0ee5bd7ea15ad63811926,23,amp,main,2524,train
7495f3e7997959d4a477d8244ec1f74d9b12e66ffca60152e03234a9b69a1e12,23,amp,main,2524,train
29725ea7db0d619cdeeb92545b5fe6b97a0d848353e40113ccc7cf195555c236,24,amp,main,2520,train
ab7c9f113544dfe852e4ceef1211087fa95732fc8366dda87bd4d42dc1a91a40,24,amp,main,25,test
23f7bdde00127d080c3a08ad804bdb3249c63c57582ab72f5e61fc2a4bc6d577,24,amp,main,2520,train
4e997c20979b74a66ab9e1d4757acb091078052a2b67f23b7f6ddeb0406c4c48,24,amp,main,2520,train
d27ca2ee77ce9a9ec41289c0f4e4e3c3d4ff754d8ae4764a8b5532ab397bb8bf,24,amp,main,25,test
a07cd48592751f4a73cf7461630af7eb485d5bd06da77312922dfb26aaf6408b,29,amp,main,98,train
2c0fc008d7f924d73de62543436e8ad67cf1e4d398aee73130deba57be17dd20,24,amp,main,2510,train
2d9c0566c5df87be0aef96cc8ce75a374e435138db58dfd3692884e440c4de80,24,amp,main,2511,train
1477b22a1ee78ff642f1717d7aa58a66a19f5682e545f1ebe6882bb325342a75,28,amp,main,44,test
eb4c912509da8b05db115612d91ebf9ff7072570c4906a240af32c1058abc3f7,28,amp,main,44,test
2b05b76c69ead7738a740eaa95c7d182a98d7172e877cee56cb40aceb5df628d,24,amp,main,25,test
85adbc08e1d9874a1ffc3b707620404e8aea3026824b00fb810b5d685e81541a,24,amp,main,25,test
9e27017b3061da30f74c4dc47f401ed8339716f47640d026a68b0e98614f1366,19,amp,main,2525,test
aef1b5ce810bcfd07aea8b34ff3042f44697e645d3006bb8b13fcdc69f4d8737,19,amp,main,2526,train
92af8974fb0f5fa91a794b2b7ae723afa7c63d419d122b9bc7a0c5c505b2b43c,23,amp,main,2527,train
162332ecde966f7f12f5bab6e66817dc84e432d62c9c7d74ead968df813b650d,25,amp,main,2528,train
1d4fb9b889425454f4e0dac2dec96968bb3b3d8e7886c98d34ad229297d24dd4,22,amp,main,2529,train
73578f4554c252fe305dc2dc4a758d0a85927b185af666ef4deae604e0b873bd,23,amp,main,2527,train
f9be539da2617602daa4a75a34cecff4464d9365d39d610c084ffc12fae1cc22,13,amp,main,2530,validation
3a58d6591d165d7a4b530d52fd599ecfc88a2dd5285ede5c20ac816b972d02e8,22,amp,main,2531,train
e1d5981977716a1d35ae1316cd9687c6e7166ef9586e9840893708054426e236,22,amp,main,2532,validation
afafdf53c768f69b21cd62eff8217e3f2a8c6bb56e6dc027d3b143227a9e8715,20,amp,main,2533,train
fa8c1efde9641ae9a1819d8e241578d85de8ec098b7a86295b0c8686a5d64126,17,amp,main,2534,train
8e1dc15fc67624d08026fd369f5a21875a8d8ec1247d178bfe440e6d6b1ed16b,25,amp,main,2535,train
a6554baa82ca08005e25558809f3baeed6ee584d78b85f4c320e088385845f32,12,amp,main,618,train
2a26b46458dac1308fd9045f78115fe94c3f2f46ec2b312c691018016e73227d,25,amp,main,2536,train
43bc55ccdce362c05f0aaddb0e083d76e29f70ee86526dd9e14260df9b3d634c,25,amp,main,2536,train
40c9365ebced3e56ac17bbd8e220fa657f6c6b691e286f08102ea78e58a65d30,25,amp,main,2537,train
ab2951ebfb7387c92f5df0525862ff72cbc2187de597bc095c3262d7485fafc8,19,amp,main,2538,test
b17e7f34e6c3e07a6050db834d40b6f0a52d6e423c289b65611f41429ad2a451,19,amp,main,2538,test
7b14a2540a2738d2d914a8c0eef5a4d171aac46ba7ccd724175d9bfce0091d51,19,amp,main,2538,test
46f3198071ad105da9cf96e6b425c77cc7cab158a507955c11c4a5dd39c44782,9,amp,main,2539,validation
9023ae40d24d632f1b0d113c13b5f53fff6bacdeb7fcd2434fe0125a132e09d6,29,amp,main,2540,train
31fe6f48641a1e44c7e420c0e79fb3eef3eeb5740891c7e69edbe751f5d7f0d7,10,amp,main,195,train
9bd5e8fd2e5b9f211be306ca4ad8f1fc98e15bf04bca1e8d1f3dc5c8356b89c7,21,amp,main,2541,test
d1fcebef88ef480c147ec8188da6104914fd01b984f399971b2f1766fe42fb6b,30,amp,main,2542,test
966187182df401ac4e16834f79b4994ebbff1c030d46131cabe1551e67356cea,24,amp,main,2543,train
1401ef86c2e1253cd06240a0e4983f4616aaf0b9a9eba76f150bc3f9c65d2e13,18,amp,main,2544,train
899660acf119d67b29d7594d5fc2f60323a63c78efc31332800478d754ffe55b,26,amp,main,42,train
63e18c264366d8d4e998c6cd21e1c0d8c8bf0ce1f0b67bf399c2fb488ba5ea9a,21,amp,main,2545,train
c93df3af28e744b452c6af984ba1533b7cd20d5eef9f3906f3dd27aabe1310d2,30,amp,main,2546,train
d717dca81aee8ff2ebb3f31705a64bfde39a4ea34cf78ab7de839240a79c166f,26,amp,main,2547,train
91db4b0f4970dff99c1c92ecfc4827f51efa362bf99ffe93546d06864d3a8328,23,amp,main,1074,train
56ef37b60db49b337b0d092e36446edffbbf144d3a90ddc73bf85a7e8c1e8c33,26,amp,main,879,train
fe3ac508c4d8c8db18006ffa253a33315b38d2ef80117667436a4d18835f5749,26,amp,main,1013,train
3ec5adb5b651ca3381084878e527099cd2b6c7fd9eb942e9505cdc2fe12f0af0,23,amp,main,1074,train
34143f161367d57ca1b210090bc1983824800af0f000b112cd578d8d92e882c5,24,amp,main,2548,train
ec7401e0b86c5358c9ee6ae4c946b00243f494fa1463fe23dcf285ba6b2a03a8,24,amp,main,2436,train
04b41a12a90e7a321cca7a812ff13ed8faa63dddab5863ceaf8db4156c0b145c,30,amp,main,2473,train
e73caeb60aad06fe558cbaadf61f197a55a43f30bbf7a534b43f93b6c262b880,27,amp,main,2549,train
0cfff5196f8295cb77b7cb76120603ac995dea788120ea7c140bc632cc3648b4,27,amp,main,2549,train
004068b6d281220b372574cc23a1ed51c0f00b6de96e48ee313f6800914ecb45,24,amp,main,2550,test
89349650155f585d73a9be8e94ede0031425752924667f24d2ddd2ec688dfd81,23,amp,main,1156,train
56862959cb18bb705cdaec0ac3c5469607de788ca9a39553712b72ee417e648b,25,amp,main,2551,train
a310545238109c88b5dc58d8b2dbec18c99f1075528affb4cf61b7f24a982b93,24,amp,main,2552,train
620661b918f5c0da47069ef1545c34977400da4727cfdb9315e613e7e0bb5749,25,amp,main,2342,train
f74fc422854526f3c0474588729d6face8184d994abb2836d066cb6a0db60e3d,25,amp,main,2342,train
9e7e8737fce23d1115fe3ba30151cfcf182191e00a9cd687441597481510845f,25,amp,main,2553,train
5939a069bbda2a9f51e374410dc01b38e3907abdbc9024dbab5179231b74dc63,25,amp,main,2554,train
2feb4eaf4a42ce181f5d693d3670209ed22b40664fca8ec5c0c267830ba6e13a,16,amp,main,2555,train
c315c03ab3e2429a12c26a45195974e3b2cfb24905b35329781e2252b032f46e,22,amp,main,2518,train
657c02effdf73ca405fef1c49345a23fd952fa97f3c85789ea990e5eb78153ab,12,amp,main,2556,train
6367caf5d93abe7f4a94a74ecc1f574c52f346a8d3cc992c301a778a45d97c0d,12,amp,main,2557,train
06cb83f3461e7adfa6d909b81fb8892ba9a2b61b5c7dac1ad650456138649745,30,amp,main,2558,train
c7ac1a3333e1bcf0002a2c53ebbcd1162982f86bddaf1fcdc7a2240cb970a935,30,amp,main,2559,train
08a14982f47afce846ee763d05b4b3bda5b22aeb434181068c4012b7b46b2128,30,amp,main,2560,train
4f7ed3e50be86dbc2376396107dcf88fa9455e942165130dffc05a1734dc9765,24,amp,main,2561,test
86f2d44188c85085d073a7ebfb4f4d12ddc354c2ad81eb95492884d60f1bcc69,29,amp,main,1263,train
8e22da37698a7eb25be3284ca9a16efbd1e4be2cd44f240f282f8d62ecd0ca85,29,amp,main,1263,train
d81878021501fb7fcf0e0a48109385ce9c2e91ae1a80f3aa013a01e237544e83,27,amp,main,2562,train
556acdb9ef470b6cb90f3d0c445bcf967e82a8b0f9d2d3c890c642969cc0d5f3,25,amp,main,2563,train
0e8571f8a8c57256c70c574756c51c388bff0406989f18b722a89065c5979452,27,amp,main,2562,train
ce31ba6c889fca7889cd8d1e61c460117736873b4d29d0f8113d89a9db30d1c8,25,amp,main,2563,train
82ceba9ac67706c983e6912fc57b55441e886e2bdef1191259c51e158eafdde8,23,amp,main,2564,test
67ffef664b1fd6e7612568c0a35bda2ff562a7b96ad766d798a0ea85288efb5c,23,amp,main,2564,test
e9cc5b8c458e2cdc5eb47eedd7101e6c2c394e14c48c309e20f595204ac839ed,24,amp,main,2565,validation
0dc8e4404d129672027fdf3246066e0464457e121681e30ce20892ba2085e9d4,29,amp,main,2566,train
3ac04ab3cae3df80da777460d1ee0688a06b774889215c2ae9aed9a0282df824,27,amp,main,2567,train
d3c6565f4bf9bf7e0fe59665d46c3cc4d560c38bfc3cf0c7a9aa0c88b57735a0,22,amp,main,921,train
357b72dffc48bc0237bf0ba60fed8ba9c9eb305696fe4e2fdcbad4f66aa2abae,30,amp,main,180,train
547164f1c56206f7cfced42998e4a4f337f3a3d1c5030a22d2652daa8ba94baf,13,amp,main,2568,train
ba09efef7ae1e466b7be0045147e0587d4c22982d3e530f3dd52acef575e1d1f,13,amp,main,2569,train
b3f2be445ce329734eb685d5abc26538791efa601edecffe9ff5d3197e457c6f,14,amp,main,2311,validation
e034c17164231af8669c707fca56860652fb3e0894d870bc55653d94aa1b2118,13,amp,main,298,test
e4436aca8575bbf83a1f9878ddd3c116c85bd729d60e44389daf2bf96177de9b,14,amp,main,2311,validation
a7827351a317b641278e2ed78fa0fcc6fd7c1ba9b8f11667cbc0253dc5b48b17,14,amp,main,2311,validation
804cc23e6409d5ec7d291a639b24df8241f44c22ac56af956b758dce95839233,14,amp,main,2570,train
8cf2fbd02ceb09566cd7d85f095658659285833c84f3b8572ddeb27e316060e5,14,amp,main,2311,validation
60db27240c4def2b7be4d488886dfdce64a04f58efafb11d4ac1ce60d2df5d22,16,amp,main,2571,train
5e950875803d231cd7dfed878085754095c6637d083fa4283ebe3e44c3341439,29,amp,main,2572,validation
198b0e3c106c0267aa3f2c37b38212d953b06494ea510eabd88989597cafb3ea,21,amp,main,2573,train
f5d1e1836e3c27f5508c8d29b98da57886e2bc4a341d364356fdc85e6c9eadb8,19,amp,main,2574,train
30daa16e1356ea31a8779c595a827667b258feabaac0e891a933403855eb8de7,17,amp,main,2575,validation
64c6058e5375dba56c427d208c8fd1f0aeb4fddfc871d1f05ed4d7b1b768e039,18,amp,main,2576,train
124a1b331e8b0fd062010411a2ed77976f034feec4d27ee59eec8ba1ea9ffea9,19,amp,main,2577,train
396df60292a1a65c5a47ae76a606c5392796703e58beac9b080aa49fd456ba0d,14,amp,main,2578,train
b168ed9c80ef5d2ac3161aa63078fcd13d9ad57591baa23d25d5e6055bb42328,26,amp,main,2579,train
fbeced94dd8948e2696864fd60f727862666575e496b568d9e4a5206615042ea,26,amp,main,2580,train
197cfb04ce0f32f932872b7679cb70a0f3af1edcf3e82832db9af1ca9eaed2d9,20,amp,main,2581,train
c802c42fe17aefb772808d95a47a82dc466cf1b0f31c30276d0a32168c902724,10,amp,main,783,train
e5a6dfc1ba45efe28f4707b8ffdb788ab500b92380fba5eed332d921d8b699ef,25,amp,main,2582,train
f290ba0cf47c18f9e643a4400ed14855bd9225123815e15634a267ac04bd27a7,23,amp,main,1074,train
76f3ba2a94a5d39fbc63549f6ad057c0371e81195a7a5c932ce1b0996618b61b,23,amp,main,1074,train
a7c697fee23702460b6eab02718f6640724c1db3fdda215abac49ada24e4ba11,21,amp,main,2583,train
f86e17d1354826cffc071f59c7dc9e8618e5f82469f972607ed1477b750ec950,22,amp,main,2584,train
fb4ae7be1e65bc3a02f23a457d91b14fa9e2c288f97235d29eb0384c68090e32,13,amp,main,2585,train
d9dfc1bfec5ece883a117940bca048c19fb3da1523e89966192dc6c9ff79e090,27,amp,main,2586,train
268d55ce229783a45fa45e15278ee87aedcbc6cf7e737be260b70ee458dc1c97,22,amp,main,2587,train
f664a6b788b3241cb5080ba9c80906ff66eeab71f605a211620e6d8befc7f695,25,amp,main,2588,train
29b602951aa8f846a68ee5392b02cde14dcb00efffeb6c1a4e1ff9af2b618ca6,16,amp,main,869,test
58dc21895bc69a77e6e789b6f8502e556bcb12b87bac2007ae84197fe18c1fad,23,amp,main,3,train
f5e924d0b2b31be5110cec4fa4194479f6efefbfbf3586c4f2b4b5618a02cc09,28,amp,main,2589,validation
b85858d9b43e4580e0b34ebf6dc7a22f4a21e69ed8683c154eefc39738d0a07a,24,amp,main,2590,train
09f6d3b0012c052c6662fe82fed54c5311fdd218ae175d9f0d74f714930f9eba,24,amp,main,2590,train
7c4b1180612a01e391e29ef1b71c288da78cfbca4ea183d881f8fa3fd67a7387,24,amp,main,2590,train
f562eff8b89c1c25cd65c1cc8e4fe479dc5249c16dd7b09a3b35199653bd429c,24,amp,main,2590,train
363b250880c492ccb25a9de76d08e9274bd79ae14ec0c625fd872b9047498e1e,24,amp,main,25,test
0fe17d2273dc8f43b4f64886f1fc2c776df4a5579613245c57aad9c47e0143f5,24,amp,main,25,test
a2bf09616e91842e0b67ee4f1af69b7a8401c4d4cc7ef86011c98eb9d0216c44,29,amp,main,27,train
e40e89109381fb9593bc40ad2f17d0a5b644edce10581e0765d1aaefdf56dab7,29,amp,main,2591,train
65aaa1df6dd8d195b5644b8a9b59d2dc014cf1df46cfeeeeee2a1bd6b453633c,26,amp,main,1751,train
9afab5826f906926cb5830b340ba68af834a57449fc1d8078d2a2f311b40dd1d,22,amp,main,2592,train
970b49ded1c554bcfe5c3c2631684bc4d0570e0484783e29e81739b4ede8567e,23,amp,main,3,train
318682db2fb5975dfbca87aa4f2d334170e4804d102d853146071b7438e36b2a,28,amp,main,2469,train
419f72aa978b4cab2d61c7e5c755b03c074eb98513b7ad8a94e24316c32c0173,23,amp,main,3,train
d754624d1cf645b1326596eaa9e1d5d87f41b893b3dd4807c03e9848abcd4610,21,amp,main,28,train
69316b1108b691df478ba060a00a3096fb51353d414ec6098b7ec918727ea4ad,28,amp,main,2469,train
265459de199eba77220fe25b65109ad0556d81938c948f03b715ff5517056b06,28,amp,main,2469,train
160f2b10f03176e0248e5496d8f8a96d113cb1b79d5099f114b775e5544b7304,27,amp,main,2341,test
5a7b92508f845c8d09ed79100d9014adabdfbfe059b57d8744401fe85ad729d8,25,amp,main,2551,train
9dd4515ef4159ae331f61a57c37644248ea2df0d87f2e5a4dfa4689722729dd8,25,amp,main,50,train
422c3e0e94e6edeaf926c858452ac1ed175b78fbb2c23149e185c6867744fa06,21,amp,main,28,train
9c85924199df724c11942d5ecea084d1a2834035f683d1a7b7386be65c008e71,25,amp,main,2593,train
981f0a158402aa24173d0a0f3d85a49ff4536b0d377c210f7b8a9f902e764814,16,amp,main,2594,train
a96de74d2c9d29dd8e14e2b67d4108fb606b7b9518123160ccbb056dc13a312a,14,amp,main,639,train
0b5b60b5bb7f19587eced0d014537af7e00350b13422573682cdb59c2a8c4695,30,amp,main,2595,train
16face4494ffce7137c4ad8efb8fdc29388718bf1a618a3cfec57cdc553f9ddc,24,amp,main,113,train
927834f547127733a85b7d4f7eecc7ae1108bf6fd4b8581e8a379712a718716f,25,amp,main,2359,train
0dff72e5bc59d090ff73bee7d4dfa58ba07897bfbd027637747d98cc3b86dad0,19,amp,main,2596,train
11e4306c9360ed5e493bdf32422a75abce15365af32f34b6490cf15e99f6cba9,23,amp,main,2597,train
62f67ad8a0f92135b5642296f34d7e5f4472691e3df93a173bae9d99ce8a8ad1,22,amp,main,2598,train
f495266b28778cb0ea096467cbb7664446283c6b6979f653fc70b41cf583a048,23,amp,main,2599,train
bee1c6c79aae03f7cc0acfeb3fca6b96a0cec3117f6cddb6c149d419c885fa00,21,amp,main,2600,train
53ae57870f70557eff2e4d7bf1f227184a7f652e71626afe5560f87f23f80fef,30,amp,main,152,test
dcce58a96f43573d128d508bed15c1925458fb15ce40bff28f8900ed7dabe57b,13,amp,main,2601,train
948b5721cf0a2c1c312a39d3cd10d3d771a589578268612bea91635282e7dc06,25,amp,main,996,train
7f8459518ba0960c87cd6e969397103f293aac27183c06dfc84b8dfd998efb2c,25,amp,main,2602,test
a0abe6020ddf35ab83ad26399ca55aa97773170b1a99e459398aab85108cd9d1,25,amp,main,2603,train
e3874d198bcdb6a2ef9ad7c916ac63495b91aee74a9dcc6aa50719c0b3b7799a,24,amp,main,25,test
8b1e40531e65d24e699e82f274c2176b066b7627ae0d53cd6bab45e9d6e84673,24,amp,main,25,test
a8c45dee154cddbc1e56b3fdd02a60fd6ba5867f937c815149b14eb72e2c393f,24,amp,main,2604,train
3f9d81d5f651f40cb75ad54af854b1351931eb1880bc91059bc3291d8433eacb,20,amp,main,2605,train
772042206ab2cff1dd62e5366fb1521333adb94f5bc009fff1e8ddd133275e97,21,amp,main,2606,validation
9a03c833dd1a144e10799b0c368cfedf984431f257997d3221caf171e874b7b0,14,amp,main,2607,train
4eae0a8e2c8ba06f19c803e5bcc14b0ef29917510291f2922838897807ce59f3,18,amp,main,1783,validation
c86c5e4659ab98d97f46b54698b29412218b22136ea15ff8de1396dc29eca1db,18,amp,main,1783,validation
047f815cfc07c193a73cb8a26cc46eb17de0ae34474a197470b5b4c941eeb103,26,amp,main,1751,train
a01de42533055d43905e8a4f1ef6c3556ae73a0ff03f077b2ff6a9a3d05b3c51,26,amp,main,2608,train
d39eaa83e9ceb1b0b433d62b1dcaacc4a758c8df446b51e257e70b7fdb7617fa,9,amp,main,764,test
ba5bb4e363e34608444969e5ba82f9f595ff1aaf4a73b0545060f5eb0c9c9ea8,11,amp,main,199,train
2d30c76a665a66ab80ef160a998431dccc2d1c2f6a0f64348b35ff55e65a36ed,19,amp,main,2609,train
62bb2e113d3eb8fba7edfbe70e369fe8c1a6150f580a73a65f6c0f6a343c94a5,16,amp,main,1126,train
6d6c9d92c5949aa183843867f8ddce0ec0263365364847b50cff9445783ac4ba,30,amp,main,2610,test
59aac7ffcf8b0df18823cc2569f681e2463d5a78dfae7bead779c254ccfd0a2b,29,amp,main,2611,train
98d447566f688441751758a8c78d58d5e68efcc0f6957b7eeff7115ccb569079,30,amp,main,2612,train
4646276dade8f7dfe00fa9a712e7a4b2713b2d61f082e9c466f37904b555c02f,30,amp,main,180,train
08294c69570954f7c28ce3916daace011379e4703898e80dd908f1365163d721,18,amp,main,2613,train
df3ca6481d6706bfc720826984223446de069601e285f0b66c293924fc919e47,27,amp,main,2614,train
76f8793968f8613e5cfd6f0b304409c7dc348c44fd09caa665e5bda3ef9f1724,21,amp,main,2615,train
0a1a0247dde6ec09acf459f38aa05cf30a973d53c3e909bc8db644dde1cce03e,26,amp,main,2616,train
ea0cab5df8358a374ac17b77cf003bebe77b20bda0528020ff257b70813a78be,16,amp,main,2617,train
f99575b11420b7521afaabdfc4bcf10a3346d82eb9dbc59542b7c6e69a943663,26,amp,main,2618,test
5b7ee9fac6357585291ddd0f1822d1c539a33f83533312d9f978b5f77687186e,18,amp,main,2619,validation
f00c14fac4f5e9c25447ee16c0d2409ec7110632db9b5154d5ca9f7f74564478,15,amp,main,2620,train
9e47b5ef9e72cc4d650b91c368547a52ce367e78cd018d04abee38fb6be77932,13,amp,main,2621,train
19ed6e652138d59dfa31edd1fc276fd45cc58b963e33cff228504df5aef11146,18,amp,main,2622,train
14fa2e56768781446b184857cc4bb95f4cecf9c6bb2e9636cd790454cfccb42f,22,amp,main,2623,validation
865d2a927a89652460f13a067d5e83c02c67acca602d6835a1faa4fc12ec1827,11,amp,main,2624,train
ac868786ded69d63cb631be67781ae35420bea8da9c7711b561249ef9cf8da79,29,amp,main,2625,train
94ef7337b09f2997ef4ea1f6dabaa0656bcdce10945ce375b7304fbdb2056325,29,amp,main,493,train
7cb97d48e372c8806e5ae9b6e89111b7576fd75657b4cf2ed5ae743770bd6bf7,17,amp,main,68,train
e033f5ba18a9e1bdd92fa1b49145881ed3184bb3e83919ec44f748a05a4ba9be,17,amp,main,70,train
9f6146d91acda8259054cdbd32006ce6daf163a10a82920f83a9d8a7bc2874e3,25,amp,main,2626,train
ef721dd7a68d44087125c5701791cd3ad8cce3b1e3fbd2bdf5c7fdcbb0b31c28,26,amp,main,2627,train
47affd4d2bce593e7e9e375e8ed2fafffca8392f66b171402efe607efe01fbf9,27,amp,main,2628,train
463931dcfe8de9edf9608e7c1445c38fdad152ec2111349f2bf314eb8508ec11,24,amp,main,2629,train
a6be13eb3e4cd67f6ac64fdedc68b956b6988fb44b64110c43d4e2fd533eb7cf,19,amp,main,2630,train
65cf3411f55781b8e27d9edd7fad2a088f6dd716fc41bdfa652d316c40821cad,20,amp,main,2631,train
f7315cb35849d221a957b230eebf941452099d94f4f363ee0ac49d0f63b3b758,29,amp,main,2632,validation
2233d8fe407ed3c211dedacd0d4636ff0b5b3934043af8fbd9e7e8f1852d7b76,18,amp,main,2633,validation
24bb5f8a07d579f7e38001a2c631b9f730807318aa0919e8e9dc9dc1e9ef1623,26,amp,main,2634,train
11607f47f8258d510af21a2f09346dcb587f1158c544eaa40cd4c25850398edf,15,amp,main,2635,train
494656da8bd6b1c597894fda468959647572b1c74b2f91fad8eccec7cc9b5b32,12,amp,main,2636,train
10168f71669f4cecf6a0f8d5518efd7607ca3b69ff2257947dfaff14401275b9,22,amp,main,2637,train
a8873bd3cf09187ff7742dc632fa09ed7e6c6e99a1f6957053dd1deda1f8f549,24,amp,main,2638,train
6eb4739ae2b05933f8cfe5ed6dbd4c2c28328ac2902fe25ce2a6c1106794dd6a,17,amp,main,2639,train
80f91a2d5a4ba4140229d1c577f0b6ea5a7c1131cb2ce3d68a8e5bc03ec0e6de,17,amp,main,2640,train
8bb7dae95e53bf1ac5245e1eb474d11716f7eedd55b54102cf865580d6a379f1,22,amp,main,2641,train
907132a1056875b2e6dd8bcd4cfcb8cb49310813af3979d48d0c4abdda3ea077,21,amp,main,2642,train
f6e18f2a2f498aab98ee1f7c87f8b2ec46cc5b825c3d12472a1b2ac628c51aa5,18,amp,main,2643,test
9f9fd3f9252729ead359694917e0b7fe32869c5cab6c2d15f1f7002e8e693c4e,27,amp,main,2644,train
a9ee4b76adf4533f7f416d2f2aedd60513420aaeea8e48915f138262cc2a4bdc,20,amp,main,2645,train
b8807861140fa37d937b963d02e38b61f8de4b8366bcefa5df7ace19e9579eaf,14,amp,main,2646,train
a8917917b4c2559b686e3709eef33d633785f10f1d284cf36cfda7819bd6cc9c,29,amp,main,2647,train
9123f18b5850828cb52da5f330d08e904fbd7f379333b736d0333224021bfd04,30,amp,main,2648,train
f3cf8c1a452d8933d419b3f331eeaf6f0dd445abb763425b8c532538d9aaee2a,15,amp,main,2649,train
daa2ba1b84ab05d3da7cb7c04b0e55c7bed2474beefeda79880dca07fa272a83,15,amp,main,2649,train
45dd1f1c8379c616e7dd6512676bd5ddd4f3a08a911060e46364d5005a7d0e88,24,amp,main,2650,train
1a6831cbe967acfa98db9be72077342b2dca795b33233f468a36d82dd4cc52d1,13,amp,main,2651,train
ba6c680cdf8866625d6847fbf2c1d0005d21eb1e8efb227cb33e20387d207fd2,29,amp,main,2652,train
9b5e0eece6404139b7dcd05aa6c501677ac2867b6491035e57d0fd186a4d5143,24,amp,main,25,test
1062392a2b89cac42ea707b2b0d19d5ce184922a7b9c2295f0f76bea60fb7565,29,amp,main,2653,validation
4105995849c11b96e06cd1c02b35e9bd580c4e3129dd0f19a4e2107721a8b0f5,24,amp,main,2654,validation
16953cd3175bc36cf3fed90155d0c5dfd1150905d8345dfdde91e6dbfb785ef6,30,amp,main,2655,train
71a87181598c89d4a8ad5a4462e95fc6130b016b757199ab602f3c43acf49082,16,amp,main,2656,train
92f116689124fb69b494f9bf45fffe5a11dc292978fd604b1b492a38ffa94e80,20,amp,main,2657,train
4c4c6d1d879cf708558d3ad770df41c94b99f4165b174c623c21a41cc5f43846,21,amp,main,2658,train
e8b7f456b43eedd50b827dfa417371842904911fb3af1d01bac8ca44857d85c4,20,amp,main,1001,train
9784e50fe4475f73226c8025daf412393483e2c89aee4fa6994c48a352966870,23,amp,main,2659,train
0fc29110c58cd32bcb3c1e03f8e80dd1656ebe67b18f9576595087d8c1d528e4,22,amp,main,2660,train
52c801f8cdeb27dc3299dd3adc0c5944855c19357a759d799afe218e779f6566,25,amp,main,2661,train
0f442a7af2d95165639b15cf1a372e76ed2e2af5543d49cf936bf8f3a5276ce4,10,amp,main,2662,train
b458c57d166d14e93604e908cef1ce92300bd8b4685cc3de79f628e6aad06984,20,amp,main,2663,train
f656ac71c3a1c2cff364768afb5014359df083d09a26da157cb82f8cb672e62c,21,amp,main,2664,train
64d3d09a2d7b607bb99f534645f7f74cdd257d1d0d1097395d7262c4ded071db,20,amp,main,2185,train
a5a79fad8b5d3adb7fed3c77c5ce7bc97175b134bfd1cfee4acae5a8949c3ea4,29,amp,main,2665,train
bfd1713b789afa39d33d3ea0693f6f08ae37961407883ef4c331cb428c33a20a,12,amp,main,2666,train
119708491c20b6b7fd386d2660790458c1083171e9e45aa87e309ff1750643f0,12,amp,main,2667,test
44084cdd46e978b75e59c407c84136b862055967338477d442527707c3b640f5,13,amp,main,127,validation
0c4be9e33272d492e9ff9037427c4a139bfaefdcf7e40482e82a43ea2202c861,21,amp,main,2668,test
3417a642d0de97ab4dbd616c25483fbb706e1567d92d953d3d6225dde93c08a1,13,amp,main,2669,train
5d6cb54fc7848a8e9beed37fbcfe600347146cb1b155d577e01d00a61e94ba04,9,amp,main,2670,test
f141fb1c6a0c6bc3da4f534c7fd12db3804aa9d6f440d44e564be4255e0c732f,24,amp,main,2671,train
023c304328c63e47bb1131743c75836a8d2077a5608aa65c4a53d6c23de1a266,14,amp,main,2672,train
d6cac82c1677ca55d31ae330e2f1815765286eb12b38ddd0afa5d7f2972569b8,17,amp,main,2673,train
ff63e33cbd12ddc428c70b24702bb10fa30a41867438adfbf5bb0950b82395dc,17,amp,main,2673,train
def2dfbe93bd85a40d7594beac29fd176dc26f75a57e5fe350a731ed46b9e6f4,17,amp,main,2674,validation
57169b3ac2fc8c44db457e7be455eaa28692f95a16c021459fb28db266ca0b1f,18,amp,main,1174,train
13a6f8fa38ea4db5f2df4ed88efe17dbff179d7f5f84205941d6607f5f03ee04,14,amp,main,2311,validation
1251cdb27b27757aa5df62698938a77b2fcf617e651505cdba529a03ba8e770d,20,amp,main,2675,train
1a9da44e22e18385d542da1efee1974afcf8949bfd21996f385953033cdcd6db,22,amp,main,2676,train
d571f83656141a2efb18d0ba1f15e8d6ccebfa3255abae4751897faaeffe511a,26,amp,main,2677,test
c59146b893872845d7f11c25f3687009f294d3d4f70b169a7fd88df4c790f52a,29,amp,main,2678,train
82052997ccfc49b049d0a691d45b6ea089e379a1fc5e8fc29b3414245789559f,23,amp,main,2679,test
30bc178b4921a8bdcb1ae79c4d5f55bc237a98a6b2cf5c223fce24b28993385e,24,amp,main,2680,train
c6d1ce6d98afc791490f2f6988c48346dc71d16261d73771a9b4b143f7f2be8a,28,amp,main,2681,train
bd3394cf45c4b0706532ea0c2802f6f7006673ae73997db767f94bc7f9766f04,19,amp,main,1060,train
e0aec41a08dbce332182aa451b4874667a9b005fb2c23de8fd8dec4315ea80ff,25,amp,main,1117,test
7551ddd8f17a7ead8f9fc3467ab6697296139cfd68f0d01dfa5b8dd585aa5d62,10,amp,main,195,train
fc7b6ae359de69cffb251ec03a8a7aa353f26f7e264f7787f7642f63c495a123,19,amp,main,2682,validation
504b548f10b00f62b7bfffd39b28cc5ddae9e2248e0d8cf74aa16d27cf97688c,20,amp,main,2683,validation
88f0384b768dbc78e5afa4c305d7a9488e0f59fd7694466d7a6f9142928458e5,20,amp,main,2684,train
8b4f193791b2154b12736223a8907a063525c13e8d4f525f66d0f21b0baca0d5,20,amp,main,2685,train
b3d71cd8fa9b7aac7ca404ab6375b1345e01f68c1e60acec9e975f8fd6169094,12,amp,main,2686,train
4e86beaa0dd3feaa3c9e18edd3f4b5c6daaa22213b2b554c915eef291eff94b4,18,amp,main,2687,train
63bf4797820a50f1f8cdc17baa895b4f67cdd146c7af26096b1715cc702236d3,19,amp,main,2688,train
923e66ba729cdc5684b052fa330fcae041c5d09a696bfd0b17f14a33f48e893e,18,amp,main,2689,train
78b80dd7ce810ec58e00b7fe42667839c6ffdb6ead28d8c235a8eecda8070b84,17,amp,main,2690,train
ea242c93cb25790bade6bd54ba21f3f739d0bed666d03645a2bcde741156a4d9,12,amp,main,2691,train
c97ad83a4597314495a297f3f3dc5758954448edd5dead3820c8289a120fb5f2,20,amp,main,2692,train
79c60b09b759cef5b623b5b4e345cd7a4716e9c57db222f9dec57444d3e6d10f,15,amp,main,2693,train
b775875d27f35045d609f1b7f22b665b985a7d91245d15f859cca9c68f049b59,16,amp,main,2694,validation
94232b41b58a77f7523867c35924656308325e4477dd9eda13092f6edc001e57,19,amp,main,2695,validation
b9f5c1682f3c885124161fe9d55fd4390e86eabe43de8467f863d816d90c54e3,15,amp,main,2696,train
de1f708be5897a333601fe06686bf7c3b2a728b9868061796d3157f3c047a19b,17,amp,main,2697,train
513a072682ca0b11752ef50ce1affdd864aa7b90dbf3568e54fa8a404004144f,15,amp,main,2698,train
9f2cbd9d015d9e49f74f671bafc5a82329287e3803d60352cf5370da2b8d66a1,12,amp,main,2699,train
43c70d495515cedefc213aebd6f52a788ef7ee8e321d7d8a91bb1f1185ec9575,16,amp,main,2700,train
e0ecd0c18484c0e6c4cb5f3da03b4007e93bf0f158efc53e4f263049e5c17dd3,19,amp,main,2701,train
e2667deb92d86814a7fd444169b7bf3ed21967256e2601e751a88181f8c658ab,14,amp,main,2702,train
3e7d65eb7e1f15900d19571d31e99b74b62953b7b94acfaa9c696f46f2e589dd,15,amp,main,2703,train
5ab287671153ce95e05f760972a29e351259b3be97e9550d162b043f95969296,13,amp,main,2704,train
a1f064c6b7ef88f46ae006ef1e0acc79cc524f7f8b3c20d55a114da524670934,22,amp,main,2705,train
4b403dd7a48b9cd741255f9c8f3340f649e2e42a1e051e17a104617d1ed4a918,18,amp,main,2706,train
8604064d7b28e2da99c0b4795ec186651451abf16a8615f68cde2ce1431c86a9,29,amp,main,2707,train
8ea7e75bd70f2583febcd431022a7a6055d20261e941b523e68f753504b810d4,29,amp,main,2708,train
b34a2dd1aab5ddf9fbe6f39337db34ad4b3852090a409f6589957ce34f585205,22,amp,main,2709,train
f97f0bc351767b59ccb86759b08b281a6da75d527e5243924ab13cc5cda99d74,26,amp,main,2710,test
d1153aa962f47c38e30b4a716a40779ee2bf7e1c8bf26fde10096be8c68f995b,22,amp,main,2709,train
7acd6bc63a9c9fdfd127b6ef53707693cb886186d244848e479cd456a2427c23,22,amp,main,2711,train
1db570fdc8ac42d11ab14a07ebfb8945bb13278909d3c7f4221e603a33a43165,21,amp,main,2712,validation
2241c668e3a9d0d55149e43458f93eff5906f5f60b974b68fb72de7b248c12f2,15,amp,main,2022,validation
02c95935ce25a8215da6195b7ed6da34cb68d2fec6db196128be568b13bf9fe4,25,amp,main,2713,validation
fd0ed57845803c339cb5bffdd38459ae99956069d7e2bc3c08f690ac125cd29e,27,amp,main,2714,train
b0a53b34af43c3ef9141b1400d191f9f2e01422ed6626b947639adadf9642d2e,22,amp,main,2715,test
f80a00beb9b409808c585abb887aa77efb99a8ccf662d6cdad2d7d300e5a6303,20,amp,main,2716,train
41fda3eeacab44e38b5bcfe08d5a4a1954a1fe2a572e9ded35b580a2a3dbf72f,28,amp,main,2408,train
28b5aef8b855c1fc3139a17fa8cadcbc7a218c9ac7a3f542c6bf1d616e820d6c,28,amp,main,2408,train
245cb2339f7bed2ebf783d0e9ad4ed74e088229b5f3c20283c5d07497aabe038,22,amp,main,2717,train
de235970a147f4f92ee9de6556db7f72b85032e691708a12f3883f18ab300e68,20,amp,main,2718,train
77352273de3534d1598df870ca4aea6720c09439645a4f46dac6d6e5609cc0af,14,amp,main,2719,train
cf17fd312d4afbebb6f2529ebf3d85f59e295b2f49feedd81932fd82e3c33ecd,26,amp,main,2720,train
6051ce9180a172bed13aa8714e6ccab8d4fe239e03bd6b85cc1dec655c61fcca,28,amp,main,2721,train
59d134ab7fe021de09b10ffb0ee7ed6754cb38914ef8c550a485becd679d13c2,25,amp,main,2588,train
11d129a9531d827e4a8033d678e1c2a845e976e9c83e8074724a82de0a6fd740,20,amp,main,2722,train
29e73e3b075f4ac03db4444fdaea7520b5a36964b7d20e2354bd0be9319d9b41,22,amp,main,248,train
8e0920435a37cdfa44083c939e53d36a733f34bb70f8831bb98be48b4dd454ca,13,amp,main,2723,test
c848b29bef68fb217e7152faea270bd0e7cd48bd2667fcc1b77dd1fbffb3e068,26,amp,main,2724,train
5ff8a00b86d9f867056b1b326ce0adf0b56042ae17c0e58d4f9e7d658305cd86,30,amp,main,1325,train
8db0ae5660c5f10f645a021f7b1fc4a347ce94e97ffc2d4f33f2725808aa818b,12,amp,main,2725,validation
0abf55a26d7b81c900f04120266f55b8c72a439f287fa4d1afdadeff0af604d7,12,amp,main,2726,train
39c9974b203d90c49241599f4b8bf982212211c3b0736d48d4f814bca7413acb,11,amp,main,2727,train
4f7a1ff0194ba9ba95b92b88a18d9b18ab0425a44faabc703b1ab077fc51f2d2,13,amp,main,2728,train
f4220a9fb1b6c4ea915526dcb2e62a65cb5d2131cda2d7d7501fe5df527644c6,13,amp,main,2729,train
231e736842e901d383c9ce98574a9f8a5d74bf4e6ab3a4c7f1a52c48e1530d09,14,amp,main,2730,train
ed53bea5fad1a1efd514bef7c1e5e586a3e4f84c4811c0a121f1ef3372bdc20b,11,amp,main,2731,train
dd95eb83853a18a9019e627d51433e0725fc8ed24ba6bcbc06fe374e6191bf07,10,amp,main,2732,train
9ba2832a38b344b691c7eda0b30bebb3c301b67106bd9de667bb2390595aaf4a,14,amp,main,2733,train
c1305a50b6e91b021375192ae57a64ed0070e14171a408571e22529edffaf6e8,16,amp,main,2734,train
d4c99642e8809c244e46589f00bc3faa8784a3a558ee3d6b0f55c387e72b7b18,20,amp,main,2735,train
6f7ec5ec3bbffb4d7f8ab7f825f44691022cab5b97498c91ea9d2f5a966a865b,25,amp,main,2736,test
14daf057d3b594858391908bc9f9797f760d04ea86d27414f15e5ca2d1e9d1bb,26,amp,main,1751,train
2c66335f1059be3c6307cbdf4c31cb994b141264dd07c91b08cb945e3be1de41,28,amp,main,2737,train
750f0123a7d75a6f433ca0d0153bbafd0428128dd06f499c42ab652d4828a5d7,22,amp,main,2738,validation
77c2562a15e494e148aa9f620498d494a7e8cf55a5de2faba1edaa0abe16824c,22,amp,main,2739,train
fc7c963141447e3d1fca754caccdc05b42e352d8ef5bf84184abea71cc16a7e9,14,amp,main,2740,validation
52c87ea753ff4a60bd2314658e568e725f05c13fd9998f9b58e8070a6500024d,27,amp,main,2741,train
ef7e19ef67fe3334bb1289c3e913f84a1f2eb64e4f79348672c4eea7817b1b3f,20,amp,main,2742,test
5fff699a97d4c814ae53d8ac241d356709e97211de77f13883b095e3a27c0051,20,amp,main,2743,train
62582a08ee3c026ac9e484dff4a1eae86a71811aeb49e3d8883d72e89f6690be,25,amp,main,2744,test
15a8454b9d1aa89a19d6deb9108cddb4ae23bdf4244a7f9ae5d1f8f6a9e6e829,24,amp,main,2745,train
b4002e2db5ef34a2412157d3890d81b6dd5e88a5bc8dbf9f1357334b713b6069,24,amp,main,2746,validation
82299a482f6472b44a100957ac9bc63e216830c50b54ab65525fc886c4914f4e,26,amp,main,2747,train
bed4eac175d6e45425be87f9d8332e9f5d5b490b0d49165ac6757d26756466c5,23,amp,main,2748,test
e833680756bf198112f765fcffbd4bd003b216ffb348a60e839756fe2071a046,23,amp,main,584,train
ac6af95d7970ca309f8d0dfb8cc9d6b37a30f62ddb29083978527992da47969c,17,amp,main,2749,test
2f560c13d8fa9decdca5145c7ace187314e1b132fdff869a28e251bc69291fc8,19,amp,main,2750,train
a5b48e52b446cd5c73748b2a7a1daa347dc20795ffef93310e0d01ed3b367880,23,amp,main,45,test
fcb8ed75fd115d4a5e2e76ed0ecb4b91c8aaa168c098a9ef8f02c418109e5fcd,20,amp,main,159,train
64d430d2f67d82cefd77d03534363fd499b4644acecfafc86c3cfd18fb86ca4a,11,amp,main,2751,train
71e5398099ff86c8c2a069016b0c03f32ebd118d8fbc72205a13856d21073aba,21,amp,main,2432,train
c13c8df984b525572a33c25b8fda39179b172ace8a571a88ee289fb44a5aeb39,16,amp,main,84,train
c62ae9db751b3a1f7944e22a2b34f4de240c8fa86700013a9ab68d3ac8fcde11,14,amp,main,596,train
27f176f8a8165bfa0f52b09ce8adc4dae00b2d67cdd68b75b1357c03e9571622,16,amp,main,1755,train
af5c2d202e86b2f2ed5d79bfb60f4dbf9c9c9bb07197e0c7cadf1af31a56b449,24,amp,main,2752,train
3c5f3e72a45526bbdf5318b903980bfd95151e02dd9e2e081a4f568dc4051076,29,amp,main,2753,train
020f67fce45e42fccb620feb3880b5a55c5875256089ebcf724a540019d95560,30,amp,main,2754,train
3b8550ea5fb7178d69c714fd95c4879b6e28e658259100e53f99b9bea398a91a,23,amp,main,876,train
78268a493ae81d7f8c8a9ff50dc64d4c75842b09a1678df56ea791ab96afacf2,24,amp,main,25,test
e2409a52eebedb8d8106fafe030358678fd6ae0a60e2249e827442071dac72f3,24,amp,main,25,test
1fed77816949002545202c97f1e463ad7eb03324140995552f7e5350f9534051,24,amp,main,25,test
bbeaa3012bf8d963363c5d22bcb87e8e5693b0957e4e520ccac3fe0935ef36de,24,amp,main,25,test
394a88acf9d89a82ac7207eb9cb4f57b7639399a203ac507fb3ef1c1bdecf7d9,30,amp,main,2755,train
70a2c640ce283898286e6d0f0100d379b432df3baa0b7b43b96384d28b77dc07,20,amp,main,2756,train
1adaf008a91d9490569e962eb18a1071886bff222ff5fed04b40c4b2981fe76d,28,amp,main,2757,test
6f9522d3264818a1d087cc0f03c0fb2462666af5b28e5e7d76820b67bf92826a,21,amp,main,2758,train
e16a5b05e46f4b37ecc4ffc903cdc7908926f6b47737c153b6a1ec28a216f17d,22,amp,main,71,train
2738a2e75ee61bf4c84b680d16b346906fd48a2abd8ef02b51036cbe4682fc13,26,amp,main,2759,train
58b7ee3ee13c8cc0f185f292c1df39dda2abe54e8d17db7852dc6552a008a53a,26,amp,main,2759,train
cd7d6c355dd76a4f466efbd695f2fec5909ffa67aec5adf02a009e3474d7c876,23,amp,main,2393,validation
911187d1b6c9fb53d175badca4e92992527f10be1cab3717e30d0cc6004214aa,25,amp,main,2760,train
0acc220f541211d14b560322a4591387ff93fd3393de5085ccab5ee8af36fac9,28,amp,main,2761,train
00435c82f390229c3430dbdb0431dee735aab6be0793b42cf6bd3ebeca9a7b9f,26,amp,main,2762,train
5efbe3d7216a16b224516f0b64c916299d53f511f85629b0ee44dfa1000a93b8,26,amp,main,2763,train
608a5e6a69a011e34258b4f83eadbdcf2465db50518ada24fe6c54edbe235b60,15,amp,main,2764,train
03b6abbe16477a0778e13f375b18a95f61c81d56dea32eb4989fea6fed36b9a7,9,amp,main,874,train
7102443acde5ff504e64db91322f5a2ef8c252e64f2ab415196a8952c95a0922,23,amp,main,2765,train
cf146e7570fc5cf305d51cf66b7e19f2b856303aa85812efa1b1dd118691f5fe,28,amp,main,704,train
482e8c294c559f514da2e25bd28affb7da54c2713693b1b4a5832b498bc49857,13,amp,main,127,validation
9c6db947a64273ac8e3e805b2a2943fbb744f87f03af4b5c00e9f472900f370f,18,amp,main,2766,train
61d89a35159a7471ad571e1fa6cafdee26cbf2de44c1e2e9674e5b9eefabc483,18,amp,main,2767,train
277e7533acb1823152993bc80598e090ce3a1a68b074a517090da6e80700cd1d,27,amp,main,2768,train
47eccc61882c486fdac30c4f80b31c4fac4eb5e28595ad3c24f5e6da7a67cafa,14,amp,main,2769,train
364701cc9c3cd5541bbfd6753a1e050166094045d5825498711d348e50a8ae51,14,amp,main,2769,train
5d35af94a7fd51d0beb953c6a50f6a35374447c9b2fea7790147220279420e72,18,amp,main,2770,train
ab84ca753930d8a365260210e3a772a6ad5df8e5bc311a871397c64617e9f092,20,amp,main,2771,train
4a0ca1eebd400e3462785f75d6f7a62378ec249daafb28b74d2a5bfb7df3fec3,29,amp,main,27,train
dee99735b6f7ad2bd9f60abd311a07fcafd83e9d2582b33538efae7f22e0d638,21,amp,main,2357,train
43b9892775e1b65fc039990781bca2a2456583449c6da280b18e6214b31350b2,13,amp,main,382,train
d901c0383b542a53e3bdab53e67efc7a8c5ad317b5ffb848b5773d7557a745ec,15,amp,main,2772,train
b937e5f2e1b7182d073dbe88df1ed52588249f370ff21f299a84109181722107,14,amp,main,2311,validation
ee4bc7f83fc64924a2f13d6b7446908c868d420063032783bf6cb3a2ac357c51,15,amp,main,602,test
805eac725d1c64d986d4ce3abe63abee9a1731c14baa97da61f17251cab74505,15,amp,main,602,test
7f3f4d3792c5988e703253e3434dd786b06b403314911a3f38822ea6d6c3e47d,25,amp,main,2773,train
f9cc4f2d39879b74718ce4615fe9e61d4cd1042685bc6ea60236ea9ee168fc51,20,amp,main,2774,train
7c00a4a3e37df165bab34fe7bd56a6e4f97c5949fd39cca67e06d073fb2ce5dc,16,amp,main,2775,validation
f4647f908561ae0a8dfd7105288a0194dda85679cc2eab38865bbaab4cdfc2bd,25,amp,main,2776,train
c4b4dc41b3f1179770e55bc9a540c75449d994344853ae011a0d87b53a472fc3,23,amp,main,2777,train
be2f624aa490d0ae45a6dbb29502ca287cb734658f6b17bf89aec87f1bb6980a,23,amp,main,2777,train
4acdfe09d398f2027981994f5045479f7065eb7a5af9a4d73e196b74f0676b25,13,amp,main,912,train
665e3a15d204d733f7e4247d3f9ed598d557a4e13e29066b77257b8c7ef67a6e,9,amp,main,2778,train
c518ca0e6634eb616829e2175aabcd2be2029889a6bc38a4fe6c9e055298d405,16,amp,main,2779,train
3367785142ef078953a4ce5e6e7b3b17270f24bf5a655c19bf087e8cdcaa60a3,18,amp,main,491,train
94234ff78065d19487dc1575b69f7973e7c68987c05bb2b8c445693f0b87ff8c,18,amp,main,491,train
8b987c265710afff7ff34925ea3f4ac6c0d0a8b15bf5f0800c48d6253ab58c5a,18,amp,main,491,train
fc35ae591720424f4260f3980c7e8f30532088a3b194a9bcb3909730968cdea8,29,amp,main,48,train
5228815ec35405e71b52b470d68f61104e13c32f95bf0456ac57de0d7843747b,29,amp,main,48,train
2f00ce92b5177e2665c4b5e7f699d96c6435146c9dc91307d6a4f4e6f9364b38,29,amp,main,48,train
39a3161c98e25963904475bed4c1177cfeb6ef2ecf23064b0a1f017f51fbcdd9,29,amp,main,48,train
5b03f3995c6a2471ff6b419f393726a96cd094c83ed33b6c9fae4ac8483463b8,12,amp,main,312,validation
3edced189711e4a5e0d8f5f5ce9b48e6a3638b4212ee9ae0ac5a150703a137be,12,amp,main,312,validation
11f5b456a022e0329e36257a3d2b67961fafc1c857ac95f0f4ff9b05fb29fcd6,12,amp,main,312,validation
458edd7fb3cae692e1e96adcce344e0c2dcf60df09ba9a911612a4a4506aa8fa,12,amp,main,312,validation
fa6ab4c0f25c3593f1337249a7056eaa77052477482d17d4f6833c0aae4e1d3b,12,amp,main,312,validation
9c7f14f5a50a9f21b436878b3d65c8623d612bd0a9132377f337e3df2cff5ecd,12,amp,main,312,validation
65ef80242af3128cc2d2222b46d89a92fc2116d4e5d85effc235d990b28820dd,12,amp,main,312,validation
c1ba1f55627c219951a85336512344dd1c9305b52e11d6563585dd04eb75285c,12,amp,main,312,validation
8474bea5270f786995c3516fb34b2fe02b338b046ebe0f15edee75b965d9eccf,12,amp,main,312,validation
5e308cbaf9783ea4b31bb0f510026c37a78ad299b7403c42fd66aff8c9516ed2,12,amp,main,312,validation
13eace323aac537cc51d618a5ffc5ecac5b842ea89f6a645d37a4825e9a7d66d,12,amp,main,312,validation
dd44ce43dbc275de64d7a603b7c1a9fe8b5d3646c9512c8e472463ee9b6bce56,12,amp,main,312,validation
a9a4af17741d3b657fcd42e6f2be055c2e552a848922d59898dd3cf8127a15f3,12,amp,main,312,validation
05de33b757ab7d4c3d27e8023c157ba14aa40604abd5dbb496132f82d43ceaba,12,amp,main,2780,test
ba418eea8ffc42ef7dde07cb799a24bdd79e800ea67f47428ed5635555bbf40a,8,amp,main,2781,train
13890a4f524d7132ed458c240f16af789b8c968e8902f4fdbab49a95a7ee31ac,8,amp,main,2781,train
c4f440fa2b31509ad4c9cbb3d7154434c2aace9758d11e902e19371b1aea8cdd,8,amp,main,2782,train
bbf002d2e0cc43c97bbd84b0418315c41080e90a2ebeb8e3e1492d671bf08474,8,amp,main,2782,train
3d050a744f28c0707d7e0a9ab2068297cbaa30d4409cfb14e1b2f479912c50e3,12,amp,main,312,validation
8e4a3de66c0377129a1314e7c874632eab2498c9db79f8137c99a42278057682,10,amp,main,2783,train
8c05a97761b4803953dd0b41bb0433e2385ba553abc17972f2c42297abda01c3,10,amp,main,2784,train
7fff19e6e03be0f36942bdbd68002132cbc92554eb4ea954bba07b1d716f5b57,10,amp,main,2785,test
32496904581dc05c6c5b8bd1cbd48d85ac3968ee52fdc57482148a6821dc1e89,10,amp,main,2786,train
42ed79c432f85f6e59a80624534e1c3876677aa17fd238ff599da58446aa9f3b,10,amp,main,2785,test
4eed80b110b2ec7694607b50ecb5ac399a1367e813fdf491ed749485f26c3f33,10,amp,main,2787,validation
46e81a0bef8ca441d1d8dd00690a2c0ca79a2e429260e5499c62705e4ef867d0,10,amp,main,2788,validation
91dacc01704d686704ba05cd841eb3fe8adb19e15886a7f0ee2fc23c7363eab2,6,amp,main,453,train
52294d809c5920892adaa4a8416a906ef4d882c978e66e934dcb1bebda9d31b2,15,amp,main,2789,train
2a347b3a805a3d3278f0424099d07428e6cc01404147eb1f1dda44844659ce2c,15,amp,main,2790,train
69a5254268584ed4b89070a13c5546a1d5c41e40fd67e6e3992e5462385f7c50,15,amp,main,2789,train
b1b88b8b26bacd6c4e1a44faba5c98ef79ed327217fdec3254d6625d0a69dcf8,15,amp,main,2791,train
3b4bc96e87e8601e075e55b91bd44d660c90166e88979ce078c0d0eca6a5c821,15,amp,main,354,test
e63e84c52a57c5d21f2745ef6521793fb3bf700ce737839c9439cf9eeb960ddb,15,amp,main,354,test
4c0664c955698be30215aafcdadfe0fe861ca422059f10f365fcb92a73ac8904,15,amp,main,354,test
2af56b9b43f00ae852e42bbe731faf62313689aa234fb1af452853e942171f46,15,amp,main,354,test
34c07c5f2190eed8551a8c46090eef708cb014436431f24b50b8c74ae2570b52,15,amp,main,354,test
997a76fd4d4cda502c3ac00423fcad7a820808e9dece7a8e219a9b28eba2e561,15,amp,main,354,test
e5e65d67ea4d5de1552d79e23f6ca9694fa369b71a469d88192ceeb28d6fb706,15,amp,main,354,test
840e057782a315265a3c305878ebb00a9a52d98a50519aabb1820d7e19023f2c,15,amp,main,354,test
470527cdb3d15aa1eb33eb6cf02edce2e1055e05307a72ea829e6572486c946d,15,amp,main,354,test
48cb2e8953677025ecbbb71e534f84605c9b6ebcfd452ee7f42e8dac93ad3a6a,15,amp,main,354,test
001746e0c5fc7e50c5634debe6632e1419cec9b1d147555fd0add3787e08dda5,15,amp,main,354,test
57aeb6dec7e2bd9fdac659bb91f5dbed3777fb1e40aacf628e752ab7ee5f6dce,15,amp,main,354,test
987e33588a2229151504a088da3519dee00ee9612fda4a7647018bd11c03238b,15,amp,main,354,test
536fee5fb8a6532e5cc88e437159869236731f25e5e381f99fda3ca7c7fbfe5b,15,amp,main,2792,train
4c0859bf3d92c1945596f1bf0d3d3d36bd0ad50f715e72a2e5946ebb9b49e79f,15,amp,main,2792,train
b819ca9a368527e01e1c526d8ccaaca31927ca70d6af8bf27954bcc1aed8afb3,15,amp,main,2792,train
dadd2c7548de81097d176b75a94105a7b9223de0d282f24ddacd5671e51ea01f,15,amp,main,2792,train
a0a213a604494537f0cdd6eae79c84b4cabeb4f4fd1a009c33217bdfa647bf20,15,amp,main,2792,train
1bdad01e2686777993c63195dfd41963c7d05eba5226f339f92dc0efe2d2328a,15,amp,main,2792,train
66945f7f356775f5abf6a92467b89bcaf756defda8129a3bd9af2548a8dd7080,15,amp,main,2792,train
a56ddc12e8a1f8ab834565ef60b244c34d0c47ed2a6c7319ae96e88c044ca78c,15,amp,main,2792,train
97dc088d704198f4da01cf6a5a7bd7abc95b2a6a6d63272e88cb5c18dd582988,15,amp,main,2792,train
670bcbbaf5e45dadf55706d4bb7a6e4290f2722df057da308b9cba8e84fbc697,15,amp,main,2792,train
7b51593e040e4369765602df3a74d94d246b99b418a1f8d83642c763a3ab51e8,15,amp,main,2792,train
b8a998f036966bfc88a304bff6e68f412aaffdf0bb269a962a04712214d01365,15,amp,main,2792,train
7f20fe0f8ffb562b347159c6024bcbbe865084a8e2b80b388d03a383a17ab997,15,amp,main,2792,train
e003790101fe5864b7930762238d319b2b6b6f480207e93643a5d9ae086e1ded,15,amp,main,2792,train
121b867490edeb167f49a78e6287884697d3d93ec2b22175cc28dad1b51ec47e,26,amp,main,1536,test
1743a17a0975886ff9179890853c80892bdd28294dac04288a57f4fad3ed6b7b,26,amp,main,2793,train
ea0ff46042658aa92a07da6d4dc3efdccf336be259345aa97f764f07f88ae966,20,amp,main,283,train
6ab34029a8af68174f14b9590158e92ed126a1415163c48a06741c241274e1e6,18,amp,main,2794,train
4b1c61a61a5db50d11897c7d15109215a932f3afb3d9b0ee8ef29c3d7d4fa5a2,15,amp,main,2795,train
68486561a70f3845bfacfbfa306f2fccc534409473d36d9d23df71aa16048ce7,15,amp,main,2796,train
ce0e8433898d4b047baea8d8450335c9488fcd7e171c796324769cc541b6bd17,15,amp,main,2797,validation
6914a861530d95b21f6b9137bfb87125ecbea2e4cadfbaf0ec75327c72915672,15,amp,main,2798,train
334ba1296be9f6da8ad38439e47e3c887283608548b2e3495a42edd5e61f75ff,15,amp,main,2799,train
098c53dfd069e9d88bb4e0b7de07c52c6fa44394cc1c069bb3b0e203185183f2,14,amp,main,2800,train
0c248a35cb71e382cbb91cc6ce7e3ead624c3da3ffc1af8da5ff5d85aff1388e,12,amp,main,2801,train
7cc3bc3f3c1c399209351aaaa8cce7adc00eadc70b9d654b17e6057e58ee0597,16,amp,main,2802,train
5875d2b99c3fb93487a038103484e63bbbbc908c9249a5e50cdef0b9632e5257,18,amp,main,2803,train
6a0e6128a965d6cc18d150e8a542fbb5d617b897b33d9edd592cd70ef63b7721,18,amp,main,2804,test
7a02becded19c8539cce23166850f57a466b7c74c1b6dc06af5882a2cbec1816,19,amp,main,2805,validation
55d04f6efaa2ca481261c546c9aeb3a7278509a196521da0408c7dcaaed2a417,20,amp,main,2806,train
d391beb9a8bf6ede535c714f19cd03b1c04554f55fec8345f7db7f7d6893a3a3,16,amp,main,2807,train
3a19fa6a9996cb39a30715dd03de45151fa11686316d646aa54e1c21ad459a6d,18,amp,main,2808,train
be1b916e078cd137963ce479eb1922882b75288faa4d1427cba85c9391d45893,19,amp,main,2809,train
1e5e15df9f67eb9e4a6dc67b475c3948228c9795d361bb817663a145a3fb0636,19,amp,main,2810,train
1e70e41a598ee507fb6b0be39098fb1dee4d43c47dfe059a9218139c0976a4b6,18,amp,main,606,train
2784eecfa61b83fe068d737b338e76ed622407d36d6bb3f71fcec82560477a69,18,amp,main,606,train
32418a9a0bb698e479cb433a24bfbd76b186d377d1822485b8c846ed31e6f68d,17,amp,main,205,train
637880a072c1587054e9cd6b7449e5697f97baf5a5c4eea94ee1be1c200ebc5b,17,amp,main,205,train
650d8dfc3303fc8eec33f6294ee7f200ab7dd9262079ca970ee3b4d681c0d388,16,amp,main,2811,train
608ee3c3e9fd52b91d3b34241a1e83817f0a6f4a1944b68e6e4c96aa890abf08,15,amp,main,2812,train
3fa83cab314e8f0656830e5c8a0464a12d57eac2840177828c90f65877b73793,14,amp,main,2813,train
68a1dbc8a529fb556b973aebdf083781c05bc6c78e8bfb6ec4194ff1ad69de3a,16,amp,main,2811,train
d45c921a3a6759d0a2313b33cdda6b379de6981cf0bcb81ca6c5cc8bac1fb80c,15,amp,main,2812,train
31fd1d9abc9c8ecab4a82ad41470f527f9fec4b946b2aa33413c112720b21929,14,amp,main,2813,train
d29686088d3cbcc29aeea4358bdee2430854d13e32d88dc725a77b26772c6404,17,amp,main,205,train
eeaefcbdd722cae593fafc0e42904bac3c52202e8ae152eddb6738848dfbafc9,17,amp,main,2814,validation
dfcde43bc4d7f6ebc20b86a98c410c1cceb511d6d0e8ad725a72b7debd38e8c9,16,amp,main,2815,train
4aaad0b1a16502b43713a8510b990fed942a07d5048f8170610ad4875a7abc60,16,amp,main,2816,train
809816835d446b949dbd25282354421f7aa7eb10b698e66e84d914b50a5189f1,15,amp,main,2817,test
b8dde0316f15ae0f3c247b4e45171165a8654b20a671753aa6662e7ad9d94f3f,15,amp,main,2818,train
f6cc2688da711a0beaa5a004f5afb486d408ad67bc5798f35b6e6b638ba571d5,14,amp,main,2819,train
726edc4a27b4dba6e6d96fed628921f3d3a5e195e90acd4cddd9203a3d8765cd,14,amp,main,2820,train
95fa88e350cc248773164fc243122fb85c12e2bd7ea86149ab96aaa3114e9153,13,amp,main,2821,train
04eb8f687127449095cd7218f3c016a6e5764277b503fb2c46aeb4c31beed884,13,amp,main,2822,train
3ba41e991cd7443bd631d392e6d35be35548e7d879013b948087fdfb41a16597,7,amp,main,642,validation
9ea357d4516b400f0f42b5f08ddde2e784809523358a5fdaa125fdde021eb665,8,amp,main,2823,train
9b4e5d844a54911c20f7f9b83af49b5a942750ba7eb73474723cca84cc6d5313,8,amp,main,2824,train
830bf26f44570aa40bdf5eb1f626402ee731ec583b8df93a67cb70e0ae086720,9,amp,main,2825,train
c15274f94ea0f8012d221cb16d16eb79b337eee9bcc1e4ebf56bae2daf387fed,11,amp,main,199,train
f5eb82bebd169a5e663ccae5a74721b0c5a5d7c3c7932b3d69f90a1f8e23c04c,11,amp,main,199,train
dc1950ecfe19f534031ed3ec6fa7f20f2f3eee65c42ffc10e84912b4c003071f,13,amp,main,2826,validation
92bb65961e4f375b170a273be0c231651e7d397d5afd97886743956d71c89332,13,amp,main,2826,validation
a31cda2ae4c6ba0bea7f36d25a87147d420ddf157281d3b933bacc205bb60e3b,13,amp,main,1275,validation
6fe4d74680161242e3e5d33e13b45da51860d65879ba0ec6c85d8206ade7a7c2,13,amp,main,1275,validation
401038b4e4e84260e23cef46faef851c62b342b4694093c353ebabe4f7a77263,12,amp,main,2827,test
a291f22e8faf1e73a5e62d94216740dc65dba5ade9acdb11baab7da8320be0fd,23,amp,main,2375,train
2a19bcfdb35657f5106656a7d202f25f977fa6e1e9f760ceccae3ff8a6aff895,23,amp,main,2375,train
0cfafe61c3f74091cd2257ba70754873945b1345ce35590a9e1612d5c0c6fd04,12,amp,main,2828,train
24c7b33b079f73e574e81864a7e2fe0354e7ca3041a4e4bddce69e5ef66a2c4c,12,amp,main,2829,train
f5ffb0c0ce64d2860643b7e264a0c7c6fe077db42f2bcc56215ad48bd9c578e1,12,amp,main,64,train
236528438c275145515d622c8ca1b545b94d97642957b673c7728cf6d1583f2a,12,amp,main,64,train
bd4cec537e97f9023e2454868e444f3fb307172c3ea66ad52469c292f58130eb,12,amp,main,64,train
11de7daaa8d85efa04bb9a0520ebc8d3cb8ebecbf91484eab24fb03152cf2c74,12,amp,main,64,train
6eb881d79bfe05660af9d787881e482e2d8e77b66b6052b38d1d9ceb497b0f11,12,amp,main,64,train
e117a458e6ef2a5239a8aa4db85833650e9890ba0de2ba26a9b376ea9fc4fed1,12,amp,main,64,train
061406cba60daa7135d64dda4309dba37984e4bfca89bacae8a9a115c57a1ad9,12,amp,main,64,train
69e36478b99ebbf42c5eac4877730895758e212029512264927cb4326f8c4c05,12,amp,main,64,train
c672dbee8bd851c4a091bbb792fe8c4cb4c00e9be64582707ba648b3965927fa,12,amp,main,64,train
55ca1726ac078f86aef55894ab1c3b7f9c52af81ef1bfe902ecf5408a8337e01,12,amp,main,64,train
b45b071540cc6cd3e33dba456bf5b008e73f057489cdb223e97d16d3588f380c,12,amp,main,64,train
7df6118a1a7e64235e056e40f4c124db7f7f7a9a600ed13039089eaef75211c0,9,amp,main,2830,validation
0aa7a8db7d9047fd1975f25e4c9684f6f57f5a926cd4aed5b3514ea660595f4f,9,amp,main,2830,validation
88fd69d72560fae9bb1f00eb7a2be43ce79a87925e7398e468fd25a5e312bd04,9,amp,main,2830,validation
11d7813cb19a350f63047ffb024e0130bc6fbf826a430199e80403f911e47c65,9,amp,main,2830,validation
d88e0e1fd003310f734722a759ab8c1dd5671173e47c53a69dbe4f4036034404,9,amp,main,2830,validation
e72bd379de2a31de13dfeb2e8817c6b7ba215c6a7a39cc1bccef13e1a7c5b6cd,14,amp,main,2831,validation
9f31dee3ceef255678648f1fdb3706205ae520c011bc475736c8a1b81a6fa36d,14,amp,main,2831,validation
b2e9adf9704d103810d7f03c5c37cf8b681941149ec9b61accaccf44af1c0352,14,amp,main,2832,test
84d51a79d820d094d354649e20a3f48dd51c27dd75d76bacad4494990099681d,12,amp,main,2833,train
854b46f59e8bca116b6ee33182a068cc7ab1f0f018f91bb6611363d42136f2e2,12,amp,main,2834,train
fba8e9fae7db9e9a58edf052613d9bdb0862ab4999dc0844e2029427f5914a0b,13,amp,main,2835,train
eb00545b23476888c87dabc93abaff54253fc7bcf2a57faa47aa5fa06ab5a173,13,amp,main,2835,train
8306b982ed8fcc5fbafafe3d88f4b9e420deea93fad226f9f7a4167dc1011df9,15,amp,main,2836,train
5e55acab72fc6989d559d73d06412756c22ab4634cbaabe7e1062659322a4134,12,amp,main,312,validation
ad4235e93efa1bb729402b5fe1e8a0e51dcc07456ea0cd3afd9d1f37bc0f6fc3,12,amp,main,312,validation
6e1e672bba98cd6c116ef283f43d9735e6c7cfa01e6f7af55b40235138f440b1,19,amp,main,157,train
74b40f3ed44319cb9f79ce54b00575c9a587eb1ad5e45b90b6b3457d22af0887,19,amp,main,157,train
f5ea550065bcd2d8d496878eb3f3a2b4c15f1f64ca01d08cd1cac9e52d482a67,19,amp,main,157,train
f2ecb5fc56b4c6861e036c2b44f55aa02f776c770a6660843152d199189b5207,19,amp,main,157,train
2896b30968f8b9ed9246fb80f774a2c1c8e543d6e392b070dc5faad8a0919295,19,amp,main,2837,train
c29b35a380f76336e1c97cf8ff02768c39c5714559d5df44a8f54565dce48dc5,19,amp,main,2838,validation
3d42398f82f9cab6c1224c395214d2ecd19cb39b10a39abba24b0e6e538473ec,19,amp,main,2839,train
42bc7cb3b0d7ccd5767dc9787f39668838925d8a72cfc97f4e848dc6b9803e90,19,amp,main,695,test
52eab0f389afbc5095b702faf63ef9a386e899631e1d228fcdebda54e1ae4d46,19,amp,main,695,test
eb9cd2f6d41133768755398e418990a8b45013d126d2f9dca8056b06a226fe0d,19,amp,main,695,test
b2e7f374a38b2dddfb15c97cea56bf52c4e4902bba0e7f22bd5845d91edac52e,19,amp,main,695,test
3f9b99a83e45340c778a0eac8f5021f4d2d6711a7b957cce9880bee71818846f,19,amp,main,695,test
9692a45815b73e696dca96bdf2f056bff5ecfbbdbad4b9d1d1078224c4ef52c7,19,amp,main,695,test
78df56fc6e96273d0135f5b24d79c3c76c184f25110488cb2d451976b30d6836,19,amp,main,695,test
747b8e6bdac2099167b13616bb74f5e04533f177b038aea864861d871dea6604,22,amp,main,258,train
4a9b0bbff812f2e1890f5b23711b0f3ebf9a32d39ae425d2d477f7158a4505a6,23,amp,main,2840,train
b79da2cfa37e980338959d518452abcf36809913f675d2a7c6e03566f93bf110,23,amp,main,2841,train
a7d5d663adae392a69d055c6faadbae18855e44ef71b5df017eae8c2a8460d00,23,amp,main,2842,train
774ca50c6dfbc9a8cd221af202c1fecdb51542a6ba1f09af0bf227975dd484f2,23,amp,main,2843,train
6ef9ae5bfd60297fb39c893b37c04d96547eef3616226e16112f7546b64f4578,20,amp,main,2185,train
3f0f397a6135bef4ae885a1205eb1527529917406a6c787a10cd8af78533da20,20,amp,main,2185,train
1e236a39fae8b98cd719c8270b7ba6e87ceed1ac2d36f65a9d7d6aee171bcf72,20,amp,main,2185,train
0d329928031b66bce53eadf0da2a3a524237f6bc7b3733a60590482bd9e69f84,20,amp,main,2185,train
1c0e9ff06ccafd93e334701b51823825b1c39be5b7b8907c7116885469dd4152,20,amp,main,2185,train
50c48233daf3438c3f7c6c567d3a3eac3cc68e9252ceecc16fd11d43f6d16273,20,amp,main,2185,train
d47a5e8398f8a8878b58b6e13ca704f0b78afc10ecae46a3d1ff37ab9127803e,20,amp,main,2185,train
18e0010daf836786c11d0c76ba5fcde78725ab8f663ede9bc020b5f92d637ec7,20,amp,main,2185,train
c01c35fdb7e6d695164655fdc002c79aebef701c037f67d9d7193d900da06ce1,20,amp,main,2185,train
2a61eea6102860d07dca34021c241e9e6bbf15b220f523a55e35dd71c04a92b6,20,amp,main,2185,train
5f0ac7f3db2e7bfbba9c8e10b329081db54183c062978f7d92dd7eb4c0f2d1ce,20,amp,main,2185,train
07cd056883d8cd41d4665be891c3af8ebf1b48a963cda04211b3ea6f09670614,20,amp,main,2185,train
7c542de2307742fa8089f2da79dccd2cc62eb3c18922521fcbe6d78018d3066d,20,amp,main,2185,train
638ff8b3146b7641a143d410acf714be755a619a3d811358daaa2eb18ef2aa2b,20,amp,main,2185,train
22dc9e637431b37db34cbb8012a7588a466b9d6308f320922b2a47081bcc8edd,20,amp,main,2185,train
7aed422d0356317ffefc79b34f0b4099c0bb0a8bbdb161fa72091b10700545b2,20,amp,main,2185,train
939193168bfdc6127009a06957be35b8e72ace6a17906eb168830442c94a49b2,10,amp,main,2844,train
f4498448cc344ad70ca5bbbd4ff74430570a47d0c2ee9de7874f68afbd51071b,10,amp,main,2844,train
ac7c99f5abb376473429f5054975116660b37601247ff5686a5c0c18a26da714,10,amp,main,2844,train
632cbb016c7feec2bd2ca944f43f48f1218a267ce8ea8251c238699baaff7cb3,10,amp,main,2844,train
53da583032ac50bc422966197ecabfc788b8809c935584a63d4cded4acff8c0e,10,amp,main,2844,train
6e440a2271a39acc95a0026b19a32865f89e2574d91ca38585f744c015f60b38,10,amp,main,2844,train
f917bb270885e6e3b2df0eb4411a1313a2a6c61f695de7a3e0e1b701b04b2705,10,amp,main,2844,train
80122828c77d4fc0b19d0e2ebba40eb6be46a73404c12af4b716568e0409af65,11,amp,main,2845,train
4f9dc2eb685c304f2d929137197e3d46d826f00957595b80ea55583dedbd3f40,22,amp,main,2846,train
c4ac9fb1458162e8f78c4d8c0c318075d031c4457ea85a0aec3e9173a164838f,8,amp,main,2847,test
b4e5ed89b602283a9fce26b358821cfedd8f852a2c6fb22b2c495cd2a76b83f7,8,amp,main,2847,test
0cbedc1c1f02778ff09b3e4ecc64e69bf4708549ba027bba4bf9b67750e687b5,8,amp,main,2847,test
cc55402c2cb6ea8323e563c31e49703db97ca54a616c2643f4e66349efc6ac86,8,amp,main,2847,test
c7b6fe1a0c5f056b042c805126ec6731dd8ca13dae2820d630ab57876036ecc1,8,amp,main,2847,test
16876d6044b97bc0a1cd63eb7acab99c66ccc3511d92dea661c7fbfa6270df38,8,amp,main,2847,test
80adadf305db1e767ba4cdb6d8f0ddfc5311f164231e3661f19b38861ac818ca,8,amp,main,2847,test
3cdf911e6bd8b1e18c5a2183f2cd1a902aa9df4ea7c48d76a0cad4cc436875fd,8,amp,main,2847,test
a21f788556ec4d7028f6c74318679eba5fd03254e985a6849f5e5fd089d9175a,8,amp,main,2847,test
b6037268eb6a98af05f24b9f14062b21f51b5eeeb4195730d86b1275b0e45931,8,amp,main,2847,test
5f163e7f14d00f393fccd4452c125dd01641de81d008adc1828f7515349806b9,25,amp,main,2848,train
9b767ab5da60ed5b1640aa91e84f3899c4fbc5a8b12bd5e7452179f3e7aba4b5,24,amp,main,2849,train
af118bfe4602a791ff879cfb62c9825c159b5d2f70fb8a2205c4383ba22bbe35,23,amp,main,1895,train
5b016f8fe46266db775822f016ce34fd63920d99f97eef5b67e1216f686241a0,22,amp,main,2850,train
97236e6b01d868c242379d2fb9070e633e435b9a7911ddd63c73ef6d9b37385e,21,amp,main,2851,train
14487f7f83aa6718439f3f984b5f7119e324de2919ca269a03239ada0a40b98b,20,amp,main,2852,train
9c859199772a8eb0dcfeb2d2f383747b80a7e5b2ccf110efe1444373fa531be7,19,amp,main,2853,train
33419ce90d391d5d4c65f65d81e48097b7dbc2db9fe568536c2296911dad5016,18,amp,main,2854,train
44b23cfc0db1b006c57b04206e1fd64e3ed3947732bdd6533bf8026a126d2c4d,7,amp,main,2855,validation
7fddbd98a2c71aa917419e7fd8024d99f0f1e7a5ec7c64a8afb881c28cfabe41,9,amp,main,2856,train
63088268ade2ff9b184d5e6ebc5795c18c82fcb7731bbf692c4f53c6726bb4e4,9,amp,main,2856,train
02c20c974c4ebb2a10d9fb1e9f25f8dc364ee2ebe018bf1dad48bfcf0cb5f1c6,9,amp,main,2856,train
47f41b026e54038d8e406abfc69d33a30c704846961066a9440c18d75fb1b0b5,11,amp,main,426,train
798feec07bfcd52eb4236e483d4d67b55ff174e11745a53a982a1b70fd6526f3,11,amp,main,426,train
f531f21296c2ff5e34181752618df19ff2a5cc8098dd177c651c678958a52020,11,amp,main,426,train
905fb7bf2d518a3d09cb3193c1d3274663de0ab59943e21d50d32567af2ce117,11,amp,main,426,train
87b082100dc685fee013b1e4bee6c8eed5036ed6ebff5029f8136119c748716d,11,amp,main,1429,train
0c92abcc9a7e2022b2af4081053502b8c460e346dcdc4b10abcf0ed0ff3e36b9,11,amp,main,2857,train
d599b8cb87c1fd0618eb03f44226321ca75d45c906b50a9fb42f7769cf81cdd1,11,amp,main,2858,test
14bb3a0a458cf98bdbd27e76ab08de1f7ad2de4ffd56db83bccf52787bf9deef,11,amp,main,426,train
ce9e59a336259488cc8f59cf59f0d4e41fb62177977615ac16c80ba898f2dada,11,amp,main,2859,train
5cadffd5a40b22302752aba502fe8241c9d7f3dff0a9879779e4c27e8f3ed60b,11,amp,main,399,train
552c893c9f28c2371975d817e8e78712e25701e7f915f6bb3e60c0ada6fa0212,11,amp,main,426,train
955f3daff2a122c2b3697194d999363d64a71bec4eaf9038950f26eaf9c2d3aa,11,amp,main,2860,validation
624aba19e89eed6f829d93296758b79ea1411d7369eed7d3d3cc1141deee688d,11,amp,main,199,train
84ce4b7ceac1fce462d49ec2fb3747a2edaca17136c8fc1c3f7d120538054cf6,11,amp,main,399,train
bc00ad0be59bbd23933dd012418f8e7178378ca6771e7b2d812062c04b8ff4e3,20,amp,main,2861,test
8ba0f28dc6baae0cd358dc99d6bfe02064d172d53f7e6e217f22ead96a43fbe5,11,amp,main,1401,train
d87fba22c305e85554091ce500a0427547973bf9b131a599300382fd03a46aa4,11,amp,main,1401,train
4f20da5cf88240e094114e7414be3e3d4cb28f77b50cb56f0b1d9f6f83dd2e29,10,amp,main,1454,test
34090affba1c9a35842a8f2fa0a87d716920633550243266fa47740a36eb8c85,9,amp,main,2862,train
4e47e948f64782ffd9f8e1621c3f5fee8f37d65b501a6a7b3a7d851ac78ddbea,26,amp,main,634,validation
0f1c8377c26951028fb56915ed63d90362cea21504fdae782f8d26a5c527990f,26,amp,main,2863,validation
3832fbd40e8135819a5444f6c05ac832e5798b2b1f89d5a7f4a7901bfe7ce982,13,amp,main,2864,train
bebab6358a7b14162ff6abec7f131adedcb21fb3fa38e409fd2689a2c94f92ab,14,amp,main,2470,validation
26aaaa106c3b14d8b543dabdae5f699bb5078e14f39ee6616e34f2bc4c61fa46,14,amp,main,2470,validation
337251e73da983aadfde0a4ac6ffde864fecda68a08150f30337b282b87de591,14,amp,main,2471,train
9973fc699fcfa782589f12569074845f7c397dae4485e123a7f8785ea351d0f1,14,amp,main,2865,train
bed66e94ef9f537d9b4c63eb393d8f79b863154976b16c320d9889ab9e1ad931,14,amp,main,2471,train
ea1f89352d1cd4e92d5bb1bd365726c31750756136c0111a43b34c7dd5b38066,14,amp,main,2471,train
21c410c28f06ccc41477099c443785e6be28593f3eccdab32e29fe23f5be4ebf,14,amp,main,2471,train
89b53b2fc36cd67f78e8f2926267803fed02a6e0a9a0869e1c7eb79dcc2409f2,14,amp,main,2471,train
cc305cb44c902d600486597505403a790cfcefb0f76a307145ad10ef5017d23c,14,amp,main,2471,train
a06768887b1d432f376772a1d83fdef2ae40f56aa622dee6eb6e9e371959d992,14,amp,main,2471,train
0b8baaaf4c326ea689968a929427a4a62538853bae6b6d36b770351dcc9cd6f1,17,amp,main,2472,train
2be9b0f171086d21c580b8429b60e8416b364a3895e7fa2ebd0e018db7ef0991,16,amp,main,2866,train
ca261303dee6ede80f4f41a8d8123152e521e79c2eac99f2f0ee683bfa9315b1,15,amp,main,2867,train
55d835a0325087e1e5cb99941659228e0823bd76d572f1ff60f02af8b71d3204,14,amp,main,2868,test
5bc13f0d327176b64ba7f41496084647d640adb793b142f6130993f58d5e9cdc,16,amp,main,2869,train
c426cfd7369093f84f0dfa3107416d0370cdbbca0b77866c67a3bf1938f77384,15,amp,main,2870,train
0f112851938b68e231ac4f87831848f3916aff37839aaa31a9ae762b068ea9eb,17,amp,main,2871,train
c258213ea03ff7b1cc1510a6997c49760fa35f19dddde2669d37e6ad61031a3f,13,amp,main,2872,test
63b3a17a0791877c7154aa612f1f011ff746ab5a07572e481156ef3a20a42e00,17,amp,main,2472,train
c5c4d6f8e22928d3bdf224ef7228be80e3b3ece7cbc07725be2684aa950d7b04,17,amp,main,2472,train
d1fc9cc720ada663711c79b7eb6fd3b614421188871ab0602dc05239807cdf54,17,amp,main,2472,train
f4b1e0dc2bab87e82cae4daeb6dea97e80fb5b4f89e1537c4eb334deeac1458a,30,amp,main,2648,train
d5d67c30c916de0f0995c7d3d74f8b8e8c03a083f040d379e5b949481bf962d4,27,amp,main,2420,train
1e0459db62c4a2c62506f5a084add461a5aa594c8784e7a316dc4db4f59daf9e,22,amp,main,2873,train
92316358184c021ffc2888b87cfb75bef6cef00caec92cddbd1f51f51f0bd67e,24,amp,main,2874,train
06b535dcc0a5593d3793864dc10803fce238b6138f6f8d6a5f231edbff1f50dd,27,amp,main,2875,train
3fcd4d8eca40591610c912366aa4b88d34036edf316e3d0afbbc1b804c36c157,26,amp,main,2876,test
0c91d17bb0d96cc097af12103c00a59b6b59ea1ed9a68fb2e06e50749768344b,22,amp,main,2531,train
c4dee0e54fad564e3352a5d8c2de9fc71793d81b5b63489089f22d6834ba30a9,17,amp,main,1094,test
881e80238af331af25eb3cd76fb03e5273af8c1ca8734a718ff2c7973c765136,20,amp,main,2877,train
f951abf80819959af0d52a1675b078921529278f6bcfd276406e777d23488dcf,30,amp,main,340,train
c92163c0a4b7d24581e772e67ea682af2fec78dbb16a2c5d3f88cc8b875aa07b,23,amp,main,584,train
ca96a5274c7e2e5fb88886168a647b3466feb3784526ff53e89d547c5cfa54f6,27,amp,main,1116,test
ce64cc2b0bc07d25e35ad6776e1fb7c8ec8f0a3a859efaa3e46a31e0288ef0bb,27,amp,main,2294,train
021469ea7dff4a4e6fd5e1c1f3ab08a24328230e1e648e428c11d03ed8936e88,27,amp,main,2294,train
4fb5ee3cc96882a933e404ac50674c42a534ac5342f3fca990b0f0f1465b6159,27,amp,main,1116,test
2b46cebce6ea89df5017e63662799a1905f9fcf739dd3e662d013d78ae39ff0f,27,amp,main,2294,train
f58cc2708391d7f99490782475b2d5fbde90670f8579ffaf2edf5f6846cfb5ad,25,amp,main,1117,test
65f1b84cf9c9c79eccd11032823f15300209cbf03391c6abe86ba21b5223973c,25,amp,main,1117,test
0ec30affea82487e94d6327bd855bef7f9dfea80b88766eb6f2407585a62c6b2,27,amp,main,1116,test
e955870d888b27767ba0ba11235adf7181ba3737b5c3b6d2c77681a456a90dde,25,amp,main,930,validation
bfb9139cb54b7a9ac231918ac831c416de1d2dfe0a78a8e65a41aff77efc34ec,21,amp,main,2878,train
d367604a5f590bee3845099daa288261465d5707e1fb9216c9db372f1fe6a3c5,15,amp,main,2879,train
ff93a674bc8d1d6c52169fe202308021f65aa41b5ca032098a079de15eb999c9,26,amp,main,1931,train
bb96a4990fd710727e0e6d96fd37b3c498219f3d5104bfe16d648f12e0f09f30,26,amp,main,1931,train
07166076725c4eaa780f3099a5d8bf382e31b375a7162562d405859245d2970a,28,amp,main,2371,train
8470185ec3e981198219ff5e3fe321e30e0a6b13fa8b8108054cda53a39e50aa,18,amp,main,1922,train
3d6e89d3d8de8ad2cca865ad15062590f74ff7d5f86f3717cab08b6124eb41b8,12,amp,main,59,train
d574f0740c931e102b77b98de72d6f2ce159e0f9c84c201558c2500d9e827780,24,amp,main,25,test
7e3170fc34ba07f204e11f57bc9e9126a2241850e7840024f4e638d33fd12b93,24,amp,main,25,test
fb4afe8ca5c43c011f610dd4cc269f6b85d4799900d51fba76fb292ffad8e843,30,amp,main,2880,train
d4922317c528df2e8b15fa964e1a80e0c0142d228ddb02b08906bfec3e592a6d,25,amp,main,2881,train
0f760f57564986116a2f6ccc8330cb1d0358da90c2d1f964d55959b3efe1e59d,19,amp,main,2882,train
2f2991b911767138f21e4a927b6a382ffe8f2b157c2faa49bf2a943649264403,25,amp,main,2474,train
d8697b823764174d2ce8c31c6e6785294d3e4719e5a4b4e185985115bafb5d3b,25,amp,main,2474,train
d46e52d50647c8d895fdea0c13a518b029f4cc44710677b9b98a907e589c8497,22,amp,main,2883,train
d36d28c094234c1e84c3f8ff2a60f3389716c3bdee9b9584fa25699703444f80,23,amp,main,2884,train
62b77777c073f8b1a0448c3ffb140f0174d4e26bd84dc968b8566cb7d37d08fb,28,amp,main,2408,train
f0185a6f18e9a96e26300381b24a905ab65928b94df49fc1016455c3d63d0e8b,27,amp,main,2204,train
cdecc3c0a3858433af36aa8af02de25042b9523d511869f2a39f0bb8a5b56b48,29,amp,main,2885,train
82311a45fa9054a7cc522d70e49d3db0ea81d6d1fe8da776d6ce7be1a0e460eb,30,amp,main,2886,train
bb51c868bff9376aa944d5d37bbac099468404aab0b1071aa39f68eaa4500c4c,28,amp,main,2887,train
cbf0ac8e7e70b0e2b8b36558f93175cd6e59c52a61c31f0d595294c4e323469b,30,amp,main,2886,train
b3754daf1d340b9f758fcdbdc4d47c1103f95349d9175063f6e5ef8e45625260,25,amp,main,2888,train
b53ae79bf493bb428b483f7d75f929c19cd2048714def5ed1bfbaddff7746e8a,26,amp,main,69,train
783a6d5549a1185ba35fe003e13ebd58f12f8f10f034d5211b9fb2ddc6aa95e3,27,amp,main,2889,train
f56eca5fb22100369dcd967d21b0eb4b95900d5145620dad6e70853914c6a0bc,23,amp,main,2890,train
1cb5909ef467fb02ddfe23702e3cbffdd4165e585e52a66e9e72a3db6db21b02,23,amp,main,2214,train
f564232e19e4e340d7d7bd62ed43da021c6821ca80154706e29f4e0814412fd2,24,amp,main,2421,train
8d98284ea5b56b4978bae73be3075d3bd718c5d3ea0bd3009de29cc988e09546,24,amp,main,7,train
363c0e01c2bd1fc6d506b34943f70d1337a1084cd6a99584fe41e5cfe802ab4e,24,amp,main,7,train
36da59c475487f6b17cc5a48e94c9e1ef10af942f2187e6552f8547a68fb32e5,24,amp,main,7,train
5619995228a11aa1b592e196ce8b3013ca83d2a29c45e28f87552e2eec94a988,24,amp,main,2421,train
d4b9b6520f35b6a514d707bfae325e145d94666aa659456a0aef8500004a02fb,24,amp,main,7,train
227cdb4354734ea08c53b4c1b78710b869b6ad641dc4f873f414a827d8bbb766,24,amp,main,7,train
271b0d325df7225574e7e98416aa1b0c5f7d5d6ac2353a5f0275ce4576556dc7,24,amp,main,2891,train
ac5536941be9706b47eff7683b0c94a21f42cd6d7df32aabd96a4866f07d283a,29,amp,main,2892,validation
f50d553b72268353ce55a6b7c87805baa4998e740c42144e721450d664b8491c,29,amp,main,2893,train
c19b8ece617739889094b82f13bbb72d1bb7bb12ca43100b4c700487bd2af779,23,amp,main,2894,train
6a4aad3575c56789ca00ba3d3d67e811dbe77518e0959ea9b88993d2ec450cd8,30,amp,main,2895,train
1a1deb69a83cd2ab8d4a67f28e9d6f60b8a5856887a8ff2af21b4f13e5861e71,24,amp,main,2444,train
248a0c54bef0320c2a7bb64b0c43675ce5a098d97bc5bcb8e3517f67fae54749,25,amp,main,2582,train
af9896ae51149fe2b13d3703ed533c0fffdc2758999b8a59a184d0c5d3592a76,29,amp,main,48,train
0099f2a56808f5bd84a840483e0d8eee7d549277dc8c47ff3b5cf45c5932ce11,23,amp,main,2894,train
e9ffe3f7da1579eab4a4a29fad7c469a46ef3bf19528156bbb4286f6d318d3b3,24,amp,main,2896,train
5af8c80a4f4ef92a3b8eb8bdffaad614650b1419f907090131fedd3a222dedcb,24,amp,main,2604,train
3e114be19242c87ed963730f0f01fc81bae763be1ac61232bf1588df4f88bcb2,20,amp,main,1052,train
80265de38603df86dcb5302102c7581400b07df8c640497f7c2a5ab6b59b1dfd,23,amp,main,2897,train
2b11e5794693779231cb2fd4abc1e8bbb24ad4f50098d686c99f2f781d813038,24,amp,main,2502,validation
ef64cfb0265c042428309da5f1e3dda1dbd09793a46c34400b554751793684bb,29,amp,main,2572,validation
51f11e1cdf4eb9198cfabe86656f744c338cd85672667895ef5a0fc561cc1f2a,28,amp,main,2898,train
538c9a76c30236d6b3eb40fd9d67240723005fde476733d676d94d3c238c8bf3,29,amp,main,2572,validation
8cdd867e5d40e34fab39dee63040b45f09a815f9827f7843bcd9f8f17862731a,29,amp,main,2572,validation
22825f7928d8f2207ceedc41e5f7c3635a0355a13ea56e2786b356038382bf28,29,amp,main,2572,validation
1c15919fad8f248474d1d8e9345b437832c963ab3910a443a99a7835e82248c1,29,amp,main,2572,validation
f0525ec9ca5006bdf943b0b15370d868465aa92cccf1224dfc8ffb2d0b3fc479,29,amp,main,2572,validation
f79e91f1c980768bceab3e7462a3bba6de6fca67217ae5ee80c17f6c2c4e1d64,28,amp,main,2898,train
24afc6ea86ee5b3a6fd4f44ad059df3ff9e01af80f5e08fa7494acd7fb80e777,25,amp,main,2551,train
ab05620a980987d00f1c123c7a1fd5d765004b71420f87a5a5637c4a332fc8a8,18,amp,main,586,train
329a2eedf0a550d03b3d3817e3822bb9faf3f2dddea116faced1e0b6965e2d53,23,amp,main,2899,train
68c440f804c056d3d40c30a553beec4eea3ab6c950d0c94ee0bdd16d1871acb3,23,amp,main,2900,train
3b0ba28ab8a380b350c2867ad251fb31b91e291b2913b0d30570ce7b99492eb8,28,amp,main,2426,train
ab3a3a227edac9fd44a943da8da317dab9e5dc62277a6ad9e6d00f0a296cf97a,25,amp,main,1941,train
967571a0dc4336a930829fb214e29b666d5c989c3ef23f464d888f4e7c3ff97f,23,amp,main,2524,train
079562335b2ac8efd3d28c29cf471209c75c1e8d65e12d1185e695001afa778e,23,amp,main,2524,train
90891e9c34d4380b40caa0e835af0cfd1f4a390d36f0101f12772b22b0fc555d,23,amp,main,2524,train
deac6e02b1cb652776269d57edaa26c57bfa5f3b1652c7c14b94c67eb2de8369,23,amp,main,2524,train
52ec7234c131a3b44339da1c59a66dab75653ce6f5d444b2c28ff5cea54b2efa,22,amp,main,71,train
f2cba537f081e09f5e4c15ab71cbb3e070896aa2cc9b257b89162e2839729cea,30,amp,main,2901,train
836de6560d320495a53290d880a4f0608eccf75bb02e278e97e15ec5a4009c10,17,amp,main,2902,train
3106f937812227a0c395c1ffbf6a9fa76de48d2d3ee96d7258ac79a1e0c507af,30,amp,main,1325,train
c78288dae50439b485c92a73f7dd13e8c9bd5fc31b38475f99d7fbed84c05cdc,30,amp,main,1325,train
c58468f7d81bd35f535df0cc8dbe5a4232486e42bdf51168e6f91e560799da22,9,amp,main,2903,train
64f63dfed3e814813e871827fe64aea2b7c1dc6dcb263d26796f579119ae66f8,18,amp,main,669,train
63b00d6026a6e6dd0f4c3c6f578b19c371e9035cc322929cf204316e2615de22,18,amp,main,669,train
1f620b5656da2f2d262f4c060590d000b83991487cdbf9d58333c95f918b0bc7,30,amp,main,238,train
b1393ba40c2a1724378a387c19f857b90b3b0677b494bf64e5ea876964cec98d,30,amp,main,238,train
3fddd0b1cecfcc968f0c8fe26e41d7d7030df2e4c401259c4ddb831eb9cfcf40,23,amp,main,2904,train
cf7708b2863f9785b1925010ce8072517105dbbc3c006aedad0c62e86ec20f30,28,amp,main,175,test
881eb8d9c1d16eec8df0b15b3c56f4905f046ab89894601f1172406a9f4eb471,28,amp,main,175,test
6becb27c5494272c7d70a4189405eec1c9979574d320c54f3278d1a45fc3610f,24,amp,main,2905,train
b1f5608d221f0a761178b3accfc0b905d129768ee1c5f662ffe20ae94be84ca7,26,amp,main,2906,validation
876972c755061f81ed8b7ef4c7379510196fe2083bfbfbd4416148aaf9a5062e,22,amp,main,2907,train
3e2e5c96627593578d4b60a278d15a2580e17e53723d33d19eab779f98fe15a5,29,amp,main,2908,test
ce687b0e10a7fa7286d8bbf59eff9f770b7d675e7f9e86e3fb24868dc98be611,19,amp,main,2909,train
cca691cae02bdf392bc301eb463e0a481c22b328470642ad9dbaf6b417c00884,19,amp,main,2910,train
9e8a322a83164fdacf84b3a8ea44409805fd9952baba4c675da89503c7aacdab,19,amp,main,2910,train
03e7e76270c48779611dcd83fa32a4047dbea243a02575bcf85380829787095b,15,amp,main,2635,train
db7aac261a140fe8c1fa70b039be0cc95f9f5417d10e3f7ef80e32b53edad3e0,14,amp,main,2311,validation
ffa3426245008abd2a72e2099204797b38f290a139d2cd2dbb2ad0d91d1d4715,14,amp,main,1271,train
0585d3f23829a76f362dc004d9f958732965f360504530ceb7afff2f33cc8b22,9,amp,main,2903,train
a0a20d20e127bd024179542ab48a0eec96275e7526ca6775dae41d1b399270c5,9,amp,main,2903,train
fea70f2dac86eec2a5a0d4bd94b588de0f447bd59256b4074827d1c65b78f66e,26,amp,main,583,train
93a20e74fdaa9f36a3a54b7ef5c3d4503fc1548b432e30516c4e306309ef04ed,26,amp,main,2911,train
60d88d943c280e9ac0d40b815ce53b92857c0aeb81200379e09fda0e787f6764,21,amp,main,2912,train
cbe2755e9bd8654b5a948827324a79661e65488ea3116d6b6468b30452ae792d,19,amp,main,2913,test
2a24f36ab97ddc0012e05f28c6680930855e7ffd00609cfd64bfe67d4362edc2,20,amp,main,2914,train
6f89025d802895538ef772c14ba621b96424eee2ff0f369f008f44dc25407f74,20,amp,main,2915,train
4e6ecac755cfeeec601064840958d6515fc15d26144de2a2d2467a1c73ae1a9e,16,amp,main,2916,validation
77b357e2dccbd71315605717d2895a40dfa91d8d62c8798f228e326d2110a8ef,25,amp,main,2535,train
521dc5874618e3a966ab456d5625ba930b1821dc4829cda2fd913c2fd238b9b8,25,amp,main,2535,train
e5dde34ec0781b48078b6387f2796cc55a9ecc382377db756ad14c16ff9299a6,24,amp,main,2917,train
420ce989ff5bf4e1fd4cd96306281cd45f419fd0aed1825ae2b5081770373610,23,amp,main,2159,train
0a9260e055f68f269f51cb2525e73af3c1eb6dca6b1918eb682a8135e961dab0,15,amp,main,2918,validation
83e9935815eafed6b54fd37727bcf19f67f75299c729788042d3bd86b15f3fc2,15,amp,main,2919,train
5612908c8fbc1565c32253b18bc5b4dd53b2b6cd570f1541cab80b25210b26f9,17,amp,main,2920,train
53c8ab888dfef04f6b9a8e7442ad7ebe969d67639aeaeed7001f95c25050f293,20,amp,main,32,test
bc1c2a0462061083603d7188cc8ab63030717db345b75ee1a2f883e80645c4d7,17,amp,main,205,train
fb25b8d338570bc093b4841f5e665c721ee9eab13bbf8173f88455e541f50920,18,amp,main,606,train
e063f7ff5c85ad3a175fba273d511e70017bfaf4287292c9b829c66973b32f4b,20,amp,main,32,test
5cdedee7e86b1db5194e75a329814db45d2634da98f6626e3d6b0e6ec7540f72,20,amp,main,32,test
8229378522fed52ae5c642b8a71483a2c10db1953ca0f79a2c0a9043a15f449a,7,amp,main,1604,train
47d9ba2755aaf59a0e1a3a404647b3599b9f1291d865d4d3d39534b143af507c,14,amp,main,772,train
abac940d11117b8daeffe836b1ebfd4fe35bcc98a789928d32cc6ad639989e7e,16,amp,main,2921,test
3868f76151a579b59271586849ac04cb039348184f5efc7892ba2363a67c0682,17,amp,main,2922,train
fbf41302a218d4f7c90fd630357d30b75bf78a6055d968b4db5fe4ad67ce5da9,18,amp,main,2923,train
a32262ba3b3e3c551d83a4d6de4bdecb8a3700e96415086bd492cc20f78326ea,16,amp,main,2924,validation
8456898b14fe35839821a9220b6b4e8d2b34955a6c72547de920fc58557582b1,10,amp,main,1584,train
261db181ff9ce773eb48fb943caf2af0a0931aa3af5144de59f2bd1c7e32d272,12,amp,main,640,train
453a3ef2b36c48a5f006556089922569810471fdf0aa7b40cff3cf5ed4c9eece,14,amp,main,2925,train
875f7e3d924425054a7e6b5fdd47ffb2ca05057a37d604cd225ae7159e6ccc83,23,amp,main,2926,train
1471321734742134ce974b48f780f65e44c282a59515cb4a23e224cb64795917,17,amp,main,2927,train
825d6a1ba4277e12588ce9bbdc9a813c3441c5d660dd94296856dbc0cced820a,25,amp,main,2928,train
aa39f5f6439947a4cd504b6424abb5853bdc37198bbb53acd6cccc4f45e5636e,24,amp,main,2929,train
e029337d33c07867dae458638f3d69e8b30d9456024e7e794a84c716af77aee4,23,amp,main,2930,train
ad9f844d064fb5e1ad7247ede973c3c65e6fdbce2e55e81192d7e9d006639f6e,22,amp,main,2037,train
374e239aba92a191d5532eadbfbfbe30a858a6ca363cf1b4c8d3445786cffb5a,21,amp,main,2931,train
6588d09a70e3b63503cd3092f79e712151b374d3b7ee62e87883262ef4d6d2bd,20,amp,main,2932,validation
1a834a6d9f7db69b64a2a90b9238009a5ba2574b617799312323f340c81ce629,16,amp,main,2933,train
cc70d6cded6dec1d58ccf982369bbef8b20a82a2ce571c17fbd76f26f57683c8,16,amp,main,2934,train
c3dbd330592e1d515464a35032f8a6abd1ee321a923ab61a84a3d26dbe4a2912,16,amp,main,2933,train
810ce4703a6bd0db2c9ff00920458c9aa4ee31fb36793eff86b4139ab0cc575e,16,amp,main,2933,train
c63634c0b6865c9374f026cc80db8690985e509efca5e64536e01f4f2277ba99,13,amp,main,2935,test
223ed6fdb9f2f7f81ae570ec255df2cdcf09974c68dfefc47a990efe78bdab0a,13,amp,main,2936,train
87aaa609b23a230a45f380672642f7f144545e8c2da8f01ca32fb5e275558ffc,13,amp,main,2935,test
a49b7d7ed1dfdfa3e9821381a71ad93e1324785ff6559e14100839d40a6a0fc5,16,amp,main,2937,train
515b11ad3410ef4688980ca226e58c31fef83775a5fad163e19159d5492d0b70,16,amp,main,2937,train
35600142cbce83de69bf538ed483ab21b967b4e5a6403519669e93d757914862,16,amp,main,2937,train
189ebf68b67b3dd1b29de676920aaa75ae8e867f6d2c7294819fdc00e7fc26e5,16,amp,main,2938,validation
daf71a9e508dfd2564548b5dfff6cf72be776acd01bcb67d241b286061e4c84d,8,amp,main,681,train
c1011f2faaae8360d4fb61c367148f6ebaf0dce9d643c34b8df984c73b6d23a4,14,amp,main,2939,train
8dbe9fdbed553ea4b408805fcfe8420edf8f0281584d0db380d9a15d7fda884d,23,amp,main,2355,validation
16b6cf0f88a40180cb62f94e89da4078458201d3741227896dc423f0730d10ee,23,amp,main,2940,test
a0a4d4e715adb106b3c7be34083204b141ede640f5ab51a217c2323540d15c10,11,amp,main,2941,train
83fd156863e3f8e805299ed100fa69337e3cf55cb446e5541779010348c64d5f,11,amp,main,2941,train
11fcd52e263122145d8c1e153c0c460c806a89356c51d603631df47d6744abcd,17,amp,main,2942,train
630b5226c55fff7a5f96a9a5e8c3737a58e71118d6ccdf8e9da1daab7421aee7,13,amp,main,2943,validation
32650d30250b5b73962228d9efbd553501dacd1323a3bd0fbdfed7746103fdbc,19,amp,main,2944,test
f7a81d9ee6c2515d64e834c214d769345eef5d2eca6675fcc9ce1b0776e0a553,14,amp,main,2945,train
90c049048577b4ee92db3db8d3f84377026e02e966d8fd39632d5976e6bdaecd,10,amp,main,2189,train
4f0af602bb594bd74bff3ab9183aa9249c42c13f1de9b1250874fcb5da4dbd27,9,amp,main,2946,train
74d69385029b53c1547d78443d8e2706330ad653b9f036104af5aa489ede3b14,19,amp,main,769,train
062d59a64754d7a6a5abf1a8847eeb9ec70a5fbf99ccec8dc34b420a242d992c,17,amp,main,2947,train
37546a218f0d5145cdc6797c1d4257e0bda94fa0abd660b486251a79bb37960b,19,amp,main,1149,test
eea356c581d52af3f84a38c53fb8c27a46221087f16a2227d38c2b40bac97d67,19,amp,main,2948,train
26e6d54abe1c8e78fe51e5947ad8c7e8f02f8d0df4f807cd0ed1307317735640,18,amp,main,2949,validation
1802e06169033f30eeb6ed0a933e464d944c4d88cc4d51039d8e18c3c8317e77,19,amp,main,2950,train
9e972b1693703d56faa64d620c247d189ee464d9830836df93bcbf47877954ab,22,amp,main,2951,train
0ee7cd167d728e3e90c04797e79521199ad3efe4fb0df81d5551737607c9fc40,20,amp,main,2952,validation
72f058595cec978b79daf1ec848092a2366bef5bfd99c0c7db9441904aa5f7bb,20,amp,main,8,train
8d8a578c97893aeb38fd5d7ea3ac6f2e1ab5414054e6ca7e8d40b11a2edd745f,20,amp,main,8,train
97fb0637b3a101a34c558394ee997f51fb4822d812ac61f2917794fbc03f9579,14,amp,main,2953,train
995dc7734766658e8f273e7439e8dc109a6078a1f44bb3941ee73517933a9d1b,20,amp,main,2954,train
e4826c7a2a550b25082c76e4b6867f6be6431de514c3f7883cb6d39a815d75c4,18,amp,main,1356,validation
e76bde35dfd8fa7886701176a8f28114b9cf8cb6b4eb8ec2f26812211789ce89,21,amp,main,2955,train
403fbcd7e1723ea09414a3303013e0b1ab5c491be4ced3334a6d4d92730f665c,21,amp,main,1438,train
9216e49c8ae0b6b799acc5964523632a6565f80d600c00963aba29287bfbeeb3,15,amp,main,2956,validation
d6b79aca50fcfe36f2574bbedcd74242e34a32d5fdb9f0e455db288726f694e3,18,amp,main,2957,train
5c05ee7c5bd1391377133de3090b739645c29e72139c450955fcd6aa39e64eae,25,amp,main,2142,train
9cea8e929f17134a9ad2b83ed2e26ae965fff7bd22bed2d9335360229687fccc,30,amp,main,2256,train
312bd61da16faea31ae96223a646d4855291b535c542260fc21c10fc10595af2,23,amp,main,2958,train
148ea61db5aa8fb80c9986cb7aeda86609c959c92742f270e7c8e73a9633e634,26,amp,main,2959,validation
58458568ef6753220d158663b674071f297b11eca351656fa1946468be6cebbb,26,amp,main,2959,validation
f8d2771de1d7d529222c32a8714f2edbb174d2d1a83b5b883154028b39692ea9,26,amp,main,2863,validation
7e9a867ae0c0bc6258f949c15206744206717675eb88e3deb435333287b90700,23,amp,main,2960,train
9cbf2c91cd0c26291bdd204cc253115253901053e2a9b7e353d6de876343ec39,26,amp,main,634,validation
246c4c46773cea1c7e6e6c5f1184c3b38a15ae47dfe5dc3ead6d6a04b212f20e,26,amp,main,2961,validation
fa8151b445484ae4e04192b02892020151ad1ab29a040790a9b4b7fae36445f6,20,amp,main,2962,train
ccc7d3133df9e23cf800acc84a31d91d6974a684f6ebba4947c2d549cbf5f437,27,amp,main,2143,train
7df9780d45fb07ecce74d1c2a06725fa7c60d6eef9a37db06d0a0737097593f6,26,amp,main,2141,train
d16174a6f597fdc5cd01369639daddf6c95eed34c974cc15fa695e8023be1913,27,amp,main,2963,train
eeed8a2cdb1da454473d9fa62f4c7da7d330d15824117eb3dbd69c577f7f76ca,29,amp,main,2964,train
716ddbd779a458d29aeeb8af8ece5e0ec4a688b054a955dba808536c991bdf70,26,amp,main,2965,train
d3397465514a41159d1941919c9b4e212f26bf0aad2f34ddff61d8823c47c6ca,28,amp,main,2966,train
85713c5fac0e9650a1237fa130b3d63c85836d84d7af3682033ef58318eb7518,29,amp,main,2967,train
9412689a596080e6161bfdddb6d1447157fbe622e071331bfe32cb834546a262,19,amp,main,2968,train
4bd5ac18e3efaa0267986f5cda7f2da35f91babe0044f39ffb6271dc0b164b2d,16,amp,main,2969,train
2735c2c543ccf4d1c741df80534b3519d3a6ae9f2e6d42d7380046832f0a1cd6,16,amp,main,2970,test
3ac11514cfda79132ac999604bbeff4c893dddd8dc401cd82b844ffb6427bd8f,17,amp,main,2971,train
492d6e5105f2c0aad9b5c4cf2bf9748e53010750dd5b0da8e048efb979277b25,18,amp,main,2972,train
d3679154ffda9b14437599fb2e179643d411b0a839afb276a28ac554a9dd75f6,15,amp,main,57,train
99d5be01bef0f06e6731707438505caa626dd3e3a7b3f6c771659d8f1de17b81,15,amp,main,2973,test
d5c855c859cf7e766d0420d904bb508d176f83a05b3f12155834a7be6f1a279b,15,amp,main,2974,test
43a0ce84ca2903f645a67607c58c012569d6b8d6c6e1fc53eba5a74fecab0627,15,amp,main,57,train
a52ec330cea6efedda7d269b78832647d471533227442969d5109a9bfd041cc6,15,amp,main,2975,validation
de537ee6e682fe61d4a4dedcd5f567943783cc0ccde5f6570a467b3a314cebee,15,amp,main,2976,train
e740c2ec1d702b31003611e82b27bfd56030e05429570e8c014937a226f74ef4,16,amp,main,2977,train
781fb4f66998cd0f1a3a89676e12d10ee229611e56ef4bac77173736abf8fdc5,15,amp,main,2973,test
5fc33e978fc6bd34ff9aaad428e65a7082616e7df6e7a19b7f91c41481e8c7b6,19,amp,main,2978,test
216b40ae585b8ce0eb5cbbc1c6b4e7a8ed48508c6e827571f9dafd82f3ac96a7,18,amp,main,2979,validation
db5a4bbf2f9f6e567ca2b5898077c871212a5dec71c6387505e5d6058f1f32b5,18,amp,main,2980,train
7ca48ce24d73dee0a7f635636b074975c9bf8ae92cc30269b59da2619cae7d08,18,amp,main,2981,train
f6c9b505c35f4f2bd39fdba4c156f7ebaf67c83403789e6bfe998f2e4c2da680,18,amp,main,2982,train
a350064541f3e9ba385a22fcf26453c59d54b7a686631f32be57ba322b628e92,18,amp,main,2982,train
2f692574d64c59bb6438f480110d8afa56390c8be6f7ce8d56349d478b5a375f,18,amp,main,2983,validation
4cd100cfdbf0ce59727ad659584f1bc88b890c2861ee5bf057263d13e4c3b1e7,19,amp,main,2984,train
b5c78ac9802644929cf516055a8b14c8ea29259c39e2d170e0ae6710466d13b7,18,amp,main,2985,train
e5cf8c9daf969575b9a8a4b439629db2cded85fc79cd9c3b7811a1450d231213,18,amp,main,2986,train
4d7ff57d8079030bb9e77abf1216bd369ffcbe0945e226c37ec32dfb072da2e0,18,amp,main,2987,train
b28b5162d54102ca00773fb68d928270111b9e2a0bb5984fbe76e68d89c01cf7,13,amp,main,2988,train
10b1ddfff3d7a96cf4fcb55ebc4227cd51e93c392ffe7f1cf1690a734d22292b,14,amp,main,2989,test
9d857e28cd1c3f799a5cb15e377deb0ff86352760db001d15db9a50d9f6f4817,9,amp,main,2830,validation
4c00a0a4df24176cd9c29c18ff355019dc52ac435ecaac9e2a79e2478d3f6b2a,9,amp,main,2830,validation
a649c1184a357ed75ef740bfc66558fa28491ec90cbc69708dc20a2ec3d1ea6e,9,amp,main,2830,validation
0e145bc2878858e4b3f8107f7787e6bef59f2cc625041798bfd5d8544ac65df8,9,amp,main,2830,validation
973a8a2b32974c8809fc0c9eac557aa1c398677dbde0b84217da2aa9c0d6ca86,9,amp,main,2830,validation
a186aa921c92d39e93925df953b3c5ac43cafe4d06b4351a9d4282b351ca63b2,12,amp,main,2990,train
a53bbb07b40483881f09d16d4113397a6aa144f1fba751475b0c7b8f6014ebce,12,amp,main,2990,train
1937b1350a07e06ffbc6daf7a77590aa9c48a8114bbc4b0e8c779cee56c2aadb,12,amp,main,2990,train
1939708d0787b6a4b4c35c65aff181dd049bbe305aec12f887e7f50290fb5574,12,amp,main,2990,train
d8f5c33bc8a60804564ec91730ae9adfa414dbda73260eab6b7a4ea46472ec40,12,amp,main,2990,train
174a2e7953b19327f43af5b274062cb9a92938fb3f319aad4e07a35f70754a4f,12,amp,main,2990,train
c65d6e4fe6d2673ebd0accf748aa62a386935ddbac14f4eabdcf55e4cd047c60,10,amp,main,854,train
5ad549649d61d18c62972712d1921af5b43287204d7d3228254b5b4c3dc36ca1,9,amp,main,874,train
bcd3f757f22ef94d22e336d2519478786ffe26f52041603800a02bfc66db9f77,8,amp,main,2991,train
3ae176c67ec8f92fa26e35ad440e40b85639faf7a21a36dc8d8317d6614ea0ad,19,amp,main,2992,validation
22f003ffa37b241e42e9bb9505133a81bc4c6f5c2d8381985c650a975eae38a7,19,amp,main,2992,validation
5edab9b1933209ced0cc30b9b6579e457eeb56feb261876c50702c131fc01072,19,amp,main,2992,validation
bb41d06dd82da947732392b72d4c73e144111734151431a3efe8a3ad5f3eded7,19,amp,main,2992,validation
b80f4fcb1509badb996603fa8a7c509545b05aa9b0c04e1054a428ab8e757c82,19,amp,main,2992,validation
c9bb98a57cf710bfc9173f5aab5a78a475febc550182f7828e78b3762ab30fb7,19,amp,main,2992,validation
77498b2931bccb74218ef8a691be3feee3bf9d5480cbcbe87bc96f91fe45ba62,19,amp,main,2992,validation
d9d283d08522101cb88dfe24e0a1ab9aa0d155bc8fe2d5fee989a8e66878ebe4,19,amp,main,2992,validation
becd0c4c6a3cc191c12e80987be7c648934736be4329435fe0b0d14a7f505fe5,19,amp,main,2992,validation
102187f6ef5cdf77f829f3d85122c9a383d92d61617954c7545aaab2e95c51db,19,amp,main,2992,validation
e905459e66101d055c6fc8f00e20d13348acb24f8aad4c6e8a9d54de545d804b,19,amp,main,2992,validation
ca24482091809029b0b2d6d0c3476ef066c795eb0888942d0e1db3126c722c94,21,amp,main,2993,train
ec3d49364d7339e1bcc2e05da6c8d37e3cb92c4ae9d61447e727b51d42543a23,21,amp,main,2993,train
f4a33fd73611e15d613a8f788e0781d14756d0ef98568e6bd1e5a14a8ab5a142,21,amp,main,2994,train
221a2c7ec929ca41f3964142c50d02bb2d344bd722e8354eee1e1a9402ed7504,21,amp,main,2995,train
90a36706e064807f0668d7e0c06e9a3b121f06fa45e163709cec1385ee76973e,21,amp,main,2996,validation
81829725b46bed5f0539a6a2c1206c69377e0c00ea51aaae898040d046d54d7c,14,amp,main,2997,train
7e9d365c349695c11169390ad8b26a583691dcf1bc5b562c04ff61996af5f64a,20,amp,main,2998,validation
7d5cb09a4e171d8848967e35e22891ae44dffcea729953328265b77e6074ebb4,20,amp,main,2998,validation
5915dbde8b59576d1ded4837527ccae32044e1fcb5b7bfde7312d7c5bb782963,26,amp,main,2793,train
4aba96355ffe2058918b96dcf2403fc88c56c9abbf48771a680258da32b53c77,28,amp,main,501,train
62bfb49f70245c945bc508b702692b78a97f5b9a4bf55d507d52221a07495a08,14,amp,main,2471,train
890a13fb2f8d73d9d40530d1798cdec551b38bc39865fa847fbf778fa3fff184,30,amp,main,2655,train
324854cd28417730f38bea08eaf1a7011e144f2eb1b4bcf662894ff3ad62ba32,30,amp,main,2655,train
133f867e3e89842dce47ff8c7b09feebf8228708cefed7deeb17e472fe96f1e8,26,amp,main,2999,train
541f8230a152a214104e8a950f21d6b76307abea4a892677bd72609b9fcbd98b,10,amp,main,3000,train
d241ecf4a201def8f2eb6c371773448922ffb65a339b6988483f642fde3d700f,25,amp,main,3001,train
9aafe95b661e3d60cb2b69fb0892ce8ac5155955769b5efdab7a1505ec3dfe28,25,amp,main,3001,train
080a790bab620290901e224929427279cfb493878d7a580f2c6e24e74cf55021,25,amp,main,3001,train
a15840099d6306ed929ee00d1754c7f5388f4a1a4d048864478b604520bce612,25,amp,main,3001,train
cd666ebb1e801fb74ce6d1fe0332da341de3fcda964e1527e824ffa5e99e49a6,25,amp,main,3001,train
be860fcd3c9b1465b96ebf71a8a743e66c660097ae04edacea6e51880fc2488f,24,amp,main,3002,train
e22efac5143488f5687cbd551ef8cd30de01485c396cd4d59ab4bce1cb951493,24,amp,main,3002,train
cbb8512d3e1cd258b87855a787e1d9036cffcb9a53ca3c41a670d21c7404be4d,24,amp,main,3002,train
1f0c78e252a803c5eb28525098cec9d4479f35061cd017c8daee1d23fa1c2be7,24,amp,main,3002,train
da6461954b3d41c02b54c0b06c379fa8cd69ec5f3402e112c72bd76a3b1d7860,24,amp,main,3002,train
274a104ed220523f568a05130a566cfd154044496d9b12d84dbbb51a8ec95f55,24,amp,main,3002,train
0a99d19eddfd4ef868e9c4ccbb47516377fe206fdc86a1fcb414018b77b3c900,24,amp,main,3002,train
5b088c3ddf559daa22f058f8897f3dcc333925857974a05978e6b08fa3a532fc,24,amp,main,3002,train
3dd8a7e882fb9dc9c8271160c508ec3fc53f3836f699106f12912837c59ce42d,24,amp,main,3002,train
c1ab0b79f2a3fddcfe4849aed6983165b211a5cc116c44bc75994d2ab2abdebb,24,amp,main,3002,train
78e3f9db1c5f944b5a52a74c4d78b3671503f2466d1efa3e27150eca8c7ff8d7,24,amp,main,3002,train
5d2892e46e4e2a27651d2708280c4f77f657f30aa7b6c4334e0df41b41b2a449,24,amp,main,3002,train
95073bb2d9f06f648342d004461a8a0f7acc0ff0532ffa54db777162ae5117ef,23,amp,main,2527,train
9024a1b1b484a4f3b6cbfcdb52bc5815fb64a2dbdec9dbb9ce1ed39ba8fd4f1f,13,amp,main,3003,train
1557261768ae73135b301d8dc8cc69dd4504905f368cb278b80fce2710b8270b,27,amp,main,3004,train
dc1948beb3a6465461382091bbf8aff11483b9ba9de401dbab8ca6300d714ed8,12,amp,main,1150,train
d8d445b72d25cb6a3ae6628fe1d7939f9d6cea042ce6aaa5a16aef0187084f34,12,amp,main,1150,train
3add6c71740f9118ac7e8f267e23326f5fe46bead56b7659e044bf88aaa5d306,11,amp,main,3005,train
4a6f19e212f570619a2fbb87f7e577b55d46c0a5b1e81108c5a3ce5b67d3c50c,11,amp,main,3005,train
a2775a5fea982213141f4b24e3a5912f7acbad433162ec07408581804b40550e,10,amp,main,616,train
5c7911aa1414e91d11e92b94df5eae489a8d19bc90fb7675db55259a0dbe8536,9,amp,main,3006,test
69eac96d504dea7e6804b0ab5614d36242b9619c96d2af4395ab513c6121ed83,8,amp,main,3007,train
8c90d92f9d98a56e880a4a4fb96959a043a8d7176ca2764371964daf5448caea,21,amp,main,3008,train
33c9a4db151d42d29bc5bb0db0d2935974c96b776b0c6f073495e53cd9d56ab7,19,amp,main,3009,train
1065cfda6b54d3f88cff76a6f717fda3fdbd3ff94822cfac5c829d3460f2ab07,25,amp,main,3001,train
0d13b39d9d796c2ff71c5f785e6406697a92b14eba55500ded84802cc5272b46,25,amp,main,3001,train
90033df153d278bea7f86b1d11a82fa902b591b28469e90f82e46ac30057bc6f,25,amp,main,3010,train
a5c95acaed9bf09cf2fd2f6d5b6eb6f8d7abb19a416ca9779ca7fa7621d164ea,25,amp,main,3010,train
9d59e960784e09a787586566510455707b18a83a486b068f99ccf0b41547346e,25,amp,main,3001,train
f7643628d083334fb3b6a399d002dcadfb7b06b8ed7059abdd05ecf7f3408edb,26,amp,main,54,validation
5013cf71d445e2697c162db30db8d6aae139920bfa22411b5fb0639c84ec53c1,26,amp,main,54,validation
43cc9319a118fa55f8fb6c1161052227fe6f3fa4bbd317d300817701b4aa7776,26,amp,main,54,validation
5504a41095e88354bf50db679855badc765600802f7ed240c69ea5ec599e3ff6,26,amp,main,54,validation
10cd249fe1cc3b4533e83ac4d64d6a3dbaffdd5da9cb1389d94c1f599b7dfdba,26,amp,main,54,validation
904ee478085c5b8fbad14752d8d2fb090f404724adde502a4d75d49e58be6f2a,26,amp,main,54,validation
bae25202e647e79f9820c69e6de95fc9115e98ecc2c437dac959065c132fdf6a,26,amp,main,54,validation
4d96321c7fa612970c8c4dd996f8ffaf1ce71e84843327a8b73f49057ae93644,26,amp,main,54,validation
166ba8f0960236490625cf5f3d890ed7ed78ef2f1d49b9679b8322126873d169,26,amp,main,54,validation
b8bffe974122ac78957d92391e5550bf276dc01fe5fd639cfbc4766b54766bac,26,amp,main,54,validation
f29e2d0088dfb2f8366d5b8bb0379322db42110b72e3534677abf9e41fa7e902,26,amp,main,54,validation
bc9afd30320386b1531399cfc1ac03e3209b88988d1a7a1191820682c9f9eb02,26,amp,main,54,validation
9e5ebd2cb40fb56e2a4fe538ff377f116f616feb691efa907aeb223ea01de316,26,amp,main,54,validation
68e2f5cd8f45906f5cedb653d1bf6eeac19c61b97eb517ff3f5577f6c60f52bd,26,amp,main,54,validation
206f0f44e2cf9c541c0d75dd57eacb5e690187b91a621e4c95de71e3f32c053e,26,amp,main,54,validation
9337cc93457955acaed943cdcdde7de32afe0a1164ab5d04b02901e429b36574,26,amp,main,54,validation
c34e42bf50e00915a74bb02905dba581822213b63611b458c89ed44a88abe0d1,13,amp,main,3011,train
e34b6de4de464227c1646d213acde82514c10bc42160ec14a2956121c4b661db,9,amp,main,3012,train
ef7cb115570667141c9c093c8b61b4f80cf8431a8405f5645e9fe60ef0e00bb4,12,amp,main,3013,train
f6678be72b1c80919339090a91752b7e7b98812812693a625ecc9a1944709796,15,amp,main,3014,train
187340d5f2cec230d715198c27cdad91ec41bcfc636a14d55ad5021d9234df90,11,amp,main,1502,test
ac0e7c8ffa544968d5e56ccf824185edd02d206ba442e29294b38bc1b43ce817,11,amp,main,1540,train
fcba1c0639447959ff79c8e2fd042ca950605408e522ce30bfb58dd222a24b02,11,amp,main,1540,train
c05c9816f2695c1f8394472ec84dbe8d5e753442dc95eae1d0f505e0daeafb27,11,amp,main,1540,train
d050eab8f5f9e51d484eb088f842209107ca8dfab1fec90a4bb8ae57baf8dbe3,15,amp,main,2449,train
d49ad86640ee68d23f9c26e6ee674049858285796265e0daf3a9a48978b56eae,15,amp,main,2449,train
21233c02bed0f7ce33c9914d770a9d9ad9307a5d92b6130e25cb9a8995ea70dd,15,amp,main,2449,train
e5481da093e4d25c14c7dbb00975da9166f08d3ae5ccfdd1550d7caa7d4c6f00,15,amp,main,2449,train
0a1727afc0c20f1b29e9a0a055d6b6bbdf7c183ae42df4a458f18951017bb694,15,amp,main,2449,train
5545a709c8292509e410eeab0d795cf2d0ecfcb0f53be5072e027cb6ae430293,15,amp,main,2449,train
3b2c36f865ea668bcd39c506259e567d235511744ef5f1b2d4861b09193b93f1,13,amp,main,3015,train
fe4c0f7a518a9df334a64458ff594133648f0c0fb3212c1ac1c01ef00f27b1bd,18,amp,main,3016,train
5b2ef70113647817ad95daac5ff3d564ec56a3452b06815a9e73c35e01af8621,18,amp,main,3016,train
63146d494155796a8d4463ed065317d2d56b0e364a7164d40b403233185578f0,18,amp,main,3016,train
91b036090b7b9fef2c0236c645781773a3a888e7e5b4b54e36344d92b67f8270,18,amp,main,3016,train
4e29280f1b0e999acbff31f84150f80654d0183606218838bd79c8796b3972c0,18,amp,main,3016,train
170405f3c522d6db4173d4c672412aa6815390938c3e0aa4406023c0808027f8,18,amp,main,182,train
3bb81d485583e3a083524fc9d886e19cd2ecdc5079e918e4d410e4af88856519,21,amp,main,3017,train
29382061c273b5d539d99907dcaae8a7308eaff5fcb9ff22ec2c237127831a9c,21,amp,main,3017,train
427fc453509b1ecbcba7ed6122902bd6731b34dc1a52865ca277a28acad3c392,15,amp,main,2449,train
6c7ea99f85a461f8a9ad55e696044db8babdfc3f5e3ed0380f8506f3a7e8df85,15,amp,main,2449,train
e182cc85ec818900f3a4422baa1b46ed8b74471bcff2ba9be950d8dc3afa3008,15,amp,main,2449,train
8c8cfddee2ea81c6f04f59003e9f225eedf39a93596d0cd8f362456afadd2b09,15,amp,main,2449,train
1d22610f8eb68adefef2c6d8de9372c893255901772a7a8bae3d0ed3c9855eaf,15,amp,main,2449,train
a72d787e8b674b6e5dd01fd4a6abc6e86bb4e976761ff0481d3102a8019977f0,15,amp,main,2449,train
8b8790bf65623910bff29cbb966898e265d5d24befb198111d3d77bc7f22cab0,15,amp,main,2449,train
ec1f191cf6777e097facf12924f60b0fe5b6e4aaa60762add62509f581d89721,15,amp,main,2449,train
df3e8314f6b86d88c8ace8e6fc7d2634e9330eab713ec913b2b89c2e9da7f4d0,15,amp,main,2449,train
17a533f26c24458079ec96a99618ba7bd380035aeaf2fc2a7b91df382a4c01eb,15,amp,main,2449,train
36b9a2bc2e30338badb83a238a5733fe4a70c4372d48d778b4cca529d2e52b21,15,amp,main,2449,train
9d5fc5657a05c7ec6b92818904c2a82b36c08452453ce912a928768835e607a2,15,amp,main,2449,train
49f8e4dd6bae02ec2a35024441a780d1979ab485588da7b9ee8802ae6ac38873,10,amp,main,3018,train
e8068806ede44ac0e1e5fe8f66264fd8d6afd168d3beb613c4875c23bab512d5,10,amp,main,3019,train
e9fc2b2b4ad2487db334f2b868fd97d3effb69521452ac095ceebd71e7323c2a,7,amp,main,3020,test
a084c280ccd75343a38c60a2ec9e2d10efa74f23d460d2d9824d196daa450b3c,13,amp,main,692,train
4a8cad49d3443ea33c244411b90942097f9fa8760439b952c145b7d967da930f,18,amp,main,629,train
e646d810df9b56395d845afcce3da8bdb53213b7d6e5faabadc4e48d83b2be47,17,amp,main,1075,train
b31f8f4aee6ae452474982f3de81c3cccbacd53446621853254570af75533262,13,amp,main,692,train
a786021c59c68bcd3ba82499fe51b9ed0eac86a1059f4c1ece6100e37a5b6a1d,13,amp,main,3021,train
6aa3346a4385fd01619b3943c200d78631315713095e157e8d2807cbccf18d23,28,amp,main,424,train
07038bb02fb03a9fece06226965345e7c26a655007324562eeb15b32dfdd3f06,28,amp,main,424,train
1bda22b3f226d9a77c62ac6286280bfba43f76dfb8a40deda66383867d309596,17,amp,main,3022,train
f39cdd5bc415d798be4e2d7272044fceedc1fe09d4aa0246a28765bb27e848d3,17,amp,main,3022,train
8123a6f7647bf88016440db97ff12112b8e0b31ba9aa59056b5b22bad2a768ca,21,amp,main,3023,train
261711b77a5c06f187063d91ebeda9551a98529899985175c35112d5f4281177,23,amp,main,3024,validation
a964912b40aa673cc41408d8cc75289cc18755c600d4c4d8ee933d4074e0a40c,14,amp,main,2311,validation
52ff0805e124a8c537be8a0090dbe7e1f52c25c039005e178360e8562b054b67,30,amp,main,3025,train
e3fd850497f47db6e163e48d961c5ee15fbb93987e0a0016e2282f915a565731,20,amp,main,3026,train
f99072c9cce2ea80000a0007419365bf06102b494d7e315c060d10a3b811640a,20,amp,main,1444,train
3c3cf0d76e7a0db738bfa3fa36f9f4eface5e0e677688eefc5b17dbbdb7ae543,20,amp,main,1444,train
bb72ed2fba1569bb57867faee25805ecb4720b9727f23b9edc702dd14bd559a1,20,amp,main,1444,train
b1ff7d40ee75daa11833140bb7b02b7a51e0d755774a66051827413ea8bbd82f,18,amp,main,3027,train
1357bf675ef4b876873676ea310714cfc972b06dddf781aed9d5467374023fdc,19,amp,main,3028,train
c16423a86d6a94d2429bbefe6d7fbf6ff90ed2e1e44f6547123009ec45500b2a,11,amp,main,3029,test
b582ca032c0db9b20980c83379de1ac272fd148ed045dba4504bff3f2335df0a,11,amp,main,3029,test
92f89ce1cd1094202c5f153d825c2b162fe0b09b0914a8c5ba32672d38132c37,21,amp,main,3017,train
004ac10e14ff6511cce8ff4149dee5eb79094e9b04013a9c0ab2845ff7b88e5b,21,amp,main,2600,train
098401b4a81824aa223e387fc207c9a79c13cf2e60695fd5750f324088c7a873,18,amp,main,3030,train
328a10fecd2ca7e3183fc348ff7202ce04c7a9a8e77d06c6fea5ae5f56792065,15,amp,main,3031,train
e7c533d1da1f3b15918abb859d4e052615a96f2b57e3d796863f78e3a31f2110,20,amp,main,4,train
2299ed93d2f6f76b8419792d7bdd7410c0df59e1271e1320556ffa3ea21576b3,21,amp,main,3023,train
9a60435919da90569278adc65eff84d427e03706ff3e1b0ac33518734c043fdb,17,amp,main,3032,test
40f04110d168989ec3a5bfddc025446d6a87dbd52dc959f58c480c1f18a9d2b3,16,amp,main,3033,train
af7399743a56da8b72e073c8621df835cb1e70a408a05de2746504381b142261,8,amp,main,3034,train
febb94655cdbe0016e4eaaabafc72fee27544991039317d58d17de4b2775b9c5,12,amp,main,3035,train
0dc9dda7fe6c31de4dc1175e03ee8ad41857760fbd49bba61c9ade2c43d956ca,20,amp,main,351,train
8a0216c091c1831eb0325eb1addc1c513a3989e2b55838087e69f0ba9b0497b7,15,amp,main,3036,train
a30d80697cd65beb749aeb446be6d5b1b908aef30a89a8dea9ad2cfce67c0695,12,amp,main,3035,train
a1cd8336b977d3d60fbeec33617112b020887d3c7c3da79b43ca520d8570369e,12,amp,main,3037,train
1e3865e77a0429a26d706545e9884a3f6777a7fcdca6364c09f00e24ff4ec2c7,12,amp,main,3035,train
df3e0b20c37d6bc7e500c1544308fea01f1bb99bd63f44433dbc07b8ed334274,12,amp,main,3035,train
ce0e3e809c010a7a7e7ab7168c133517eaedaa87727cca2bf73fd5f1b4d388b5,12,amp,main,3035,train
a314238aa8d05187dd6e008724b756efa45c1270ffedb81566bb30da8e786276,12,amp,main,3035,train
013cce73129f8e098bc5e99cb88c3aeb668bcac1094e435e4a1b906f087020e5,12,amp,main,3035,train
17660d88d5916bcea1e300e4b50c25e6f84bd69944448789e94baf54dc5cc2c0,12,amp,main,3035,train
20c62705b5302f2b10fb72f7435bc3cc14a25beede0b684f3a51326b679465e2,12,amp,main,3035,train
d7ce4c786570a1993493b1fd3af08ecb72ae70d748849e2913c281acffa99156,12,amp,main,3035,train
b4c75db4ff9ef21ef660e5c58e9771189ab0a5430ae0b541626c38990c370623,12,amp,main,3035,train
c9a8a059f2b6c663ac509a23fb55ea0e054a721d094af86db58ea7eeed72fb1a,12,amp,main,3035,train
b5ef7f59b7005dc17e177dfd584e201086b9d5b23d510ffb225421b208d335d8,12,amp,main,3035,train
e5d6f4556fb5dd6dfa0ee00f3a64929f7f316ae36805443b7045a47cbbff092e,12,amp,main,3035,train
cccda7f2717463df08205e4701c9ee466c674795763a7013ecf285287a725246,12,amp,main,3035,train
cb8a0dd229fa72646b92201bb4d83b6360cf56b4d227dec928e294d23c3f4e8c,12,amp,main,3035,train
f24a03eb6e1ea92a9a235c4f1757fe1179134aee13b429d14ce4b11942351dae,12,amp,main,3035,train
ab0f5aeed0e766c71397805c9e6c5065bdf1821ec89b29f0f25c31cd2626f8c7,12,amp,main,3035,train
5ca7a62df4d890514cef7be6b082fdb06ddc08e9759f41e31977d4a28fd94d7a,12,amp,main,3035,train
a42fdb6d821f1274163a0e6ce7bb123b6eaa18c37db215aec510eaac3ef8b8a8,19,amp,main,3038,train
b4edbf5261afbbfed560bbfa315e9330679e243c9f8f47e4891288d045718514,12,amp,main,3035,train
85546ea97a633db5dd2306b78e088a460d91b665393084faca3685ffb2ede3b4,12,amp,main,3035,train
7b43f47835e123391fcc3184c79ee0f904d70c71fe020a864dd553d7faa8076a,13,amp,main,956,train
8d4d28cc6d145d5667420eada60a32cbd93ae68fbf1d9555cb6424c2cd8e8c53,19,amp,main,3039,train
0fb3beb3e34f9a8b4b296230d1b00d983ab8085ed4697e4cbb456f6a31e51c67,21,amp,main,3040,train
8ee3102864009f8a8225fbea6ea073df0e32dd73c22cc95d73db72d7539be9af,20,amp,main,982,train
ea2dcf123c2c485eef749d4b33554fe8d76bdb5fd29786dc0937c3a3293dcd6f,25,amp,main,3041,train
a6dd732de54e0aa4a8ad51315d2dcd78e42a2c6048acc3e849235bc28e31efd1,25,amp,main,3041,train
c54687c61be98ae4b554d5328cc354154dae896feefe0bc4814ba3bd8327f857,25,amp,main,3041,train
865b0ea7272559d015e99361b9d5f38b46ff034de563251fa3945f97e7afb6eb,16,amp,main,3042,test
77b41b16ec245d10e9247417959e425feaff2a437a0bf09be5cda1bd2645fbaf,25,amp,main,3041,train
3fcb808ccbc106086e55732cb369055583b16f7c5f112a23105423404b98180e,15,amp,main,2792,train
3db287d036870cdf8b2e92fabed004b38d5d6067e7f8dc55295fd7057b02a103,15,amp,main,2792,train
fec361e22477bf12034ea0b6f8bdc8ac09c1b7e66a2fa7d6b0e1e43355db7d50,11,amp,main,3043,train
debeffacb41f36e786ff755b96c13a8a3f917b2d954d3f7c1f6cd86d24c2b1f4,15,amp,main,354,test
ae2cdd5790d5da01679446971e8b1695c2040c7a74e4c8e9727668ed0ffd455d,15,amp,main,354,test
993b90182763bdcec1fe0f715f5167a966a69b5520201d7131bcab93b591b3ed,15,amp,main,354,test
30e3a41281c2ad3aa4ca1728463b45919eb1ebaa7b2eb6bcd7454e1c06368c63,15,amp,main,354,test
c001f6466c95f3cd14602da2fc53168cf6b5d7d640152f78ded2fe8a3a72ed5a,15,amp,main,354,test
5d576d93f9c323cef586af57d97eeec7b51ce33291cd56dd95937ce957a9efc2,15,amp,main,354,test
b80a7e3f1100f6fc9eb3d6d93db0d5aeae47d204a48d157976ea4de033508180,11,amp,main,3043,train
e662600090cb5783ffbf2c7ed703ac5c676c2f22ec0f7c05898c4f2bd724642c,12,amp,main,1022,train
c3ecbb68ec94d394ebefdf737ec4806e342ada20173e0617d5ff8ecf24405790,14,amp,main,3044,train
d800d45dce8eb5c41245574c20fc3dd1a74ca7080443a1e0292aa3fec7f5feff,25,amp,main,2289,train
d23b05a713b15b37c8b84ec4d90dba9eec397495b8042d2f0bffc801892b01f6,26,amp,main,3045,train
9bb4532dcf172c9e578202a707bdbbcae9bbe5394b2f7e871a161feffe2aa138,27,amp,main,3046,train
2aa81930af50d720022f13fcb89b5d3caa470472d12b66d262368e033d4fcbb0,15,amp,main,354,test
15c965df43e9b062004c96fab328b29c77856af9a5a05c5b7b2c01e82f84a13e,15,amp,main,354,test
232684eb928194a0cad5d51bf6aa4bdaf2922e4fd388008479903ba93d8339a9,15,amp,main,354,test
ff1fdd6edd553fe40a06a3a6af4fa4da867f7674884e85ad75a6c035d61a5d99,25,amp,main,2289,train
c1648c04a773f72fe1f554409783654eb76fcbfd6abd7af21d1e52b7d4b88946,15,amp,main,354,test
14a0ade1f46ab2dc455484984a79ceb7e8167a086cc6df9212563facf8d47a82,15,amp,main,354,test
1d176514aed8bd143b190df459b67a3789db8c3e8fd4ad6a6177f3ae84def9f6,15,amp,main,354,test
d16eab734ac70caac88423436841c1ef3e7b32a910063d54785428c8e71b4c62,11,amp,main,3029,test
7e7ab6fcde05d3b602f5d0ebc8bad5ececb71a79cf7ebf7f090a6c5934283ce2,9,amp,main,3047,train
f413ebfb3f623c71eed637f71318a2c9792530decfd4a3b4d09f8d727cb1e5da,6,amp,main,3048,train
2d29a8cae7a5cb93c7d5864f58271e808a09b066945eb29ff25e23c363bf5306,9,amp,main,3049,train
4e03d756394d9ecf4845074842ca68e858461ddec0adaf4ac55dfbc25b3c2be4,12,amp,main,3050,train
fb620a807a8bd5cb8ab1a7304e41d4f8669bb7a227856a1997980ec1c3fd9780,13,amp,main,3051,train
f7f4cd9d5c27c0e715d8c1d6a8abe392dffb2ea917be26c49ef7fe1a471406d2,20,amp,main,3052,train
781b8ae1808ff0d8ed406bd0871683fb551a124e091e3c0d236a97ff31c565cd,20,amp,main,1316,train
81a7f118e69062f4ea6298a843e7e36ec30d966db50601edf27e48a6f924287a,14,amp,main,3053,train
9148b8ff24e6d8663dd7fbed11b59f09ef1df9ccfbedab93c430b45f832583ad,20,amp,main,3054,train
63e35f0fb82549df0659dff03563afd289fadd571d61b9930189a283fffcc1af,15,amp,main,354,test
b4e6338b6398555744794a678cfad8ed0fd7579849f174588b73b4354cfdb3d1,15,amp,main,354,test
9c72700f925df67272a5d909292e8ff9e18e140bfab4836aa43dac9f11c125e2,24,amp,main,3055,train
c036358eb7e61dd3c490717d39f9ab2f7bfa1880a063922caf5f213625a42c97,11,amp,main,3056,train
ffe478794d29e975e1ecb211a81d1d2d33b25a66a420fb81bcf9750121562bf0,11,amp,main,3056,train
5b406a087afcf4f3280837516d2925e44fb9e10651d9b142856a6c0b8c92899c,20,amp,main,3057,train
a08f203828806f83e738785cfeda4b260e9344d76a3c505a07d356008a262e3f,27,amp,main,3058,train
e1026c8204baf5a5d7aeb6a23f1dc9afcc23b513c811dace44e00ab18e01ab79,16,amp,main,3059,train
da8aaca418f397561adfd70276b2ee73dbc1e331266ab7c622c722bdc8a65237,18,amp,main,3060,train
6bb070b8ffb283dc067efb7dc80db957b33eadae6ae40086c256870767be7300,28,amp,main,3061,train
e5190dc928c732b0aaf00ff7be1a1e1da8cd5b83ed291a91866cb0e83c2780a0,18,amp,main,3062,train
dcce037fe3428321f3d16abd9a1294fbc6cab506d3434751a2761609d6a4dd2d,11,amp,main,3063,train
1e174eb02bcb74bda196a454bd9cf8237fa395b4976b8b27663bf16bc214a511,23,amp,main,1708,train
d90a9f9ac11f1c2a1594d91e3f925124e81045eb85fbd5a0fe21e3a45825e40d,17,amp,main,3064,train
314487e49c187a230259d4b665de12a4e04c5eaa40fa0c386af4d17a5bef79f3,18,amp,main,3065,train
1a6dfba696e1f5057581100a63a992741a323a908dc2931022823e3f7fd0cdfd,29,amp,main,3066,train
39b57c536243743d21ec777240bde6c7ebc1ff503cd6c04d7763e2737bea2a9e,18,amp,main,3067,train
abe52ff802d9a8eacaa5de36d333bd6b594fab6cfc3add635aaa42b712a2eeef,5,amp,main,3068,train
e8b0a2edf598c0ee6e2c8e2cfb705b6e13884fe45db6ca5584f17c61def836aa,13,amp,main,3069,train
03c54443f2dba2d0700a6735ed8ef7c4377ec720334a5a9268fbd7ad5c721882,9,amp,main,3070,test
47c42b0890f287b53812c2f80ab83058dc6877aed5868e021ac1b89d87a982c6,10,amp,main,3071,train
dc6f5752b62121a224d5947e843ba2e055ce806d021a556fdcb862e8281bc08a,9,amp,main,3072,train
346dacb22a6645e64c815686a4377e9ed300ea2e09f9547c7f83099721013e97,11,amp,main,3056,train
4108b656ede327c5a4f53d27784da69664f7808c94c9883de64a3a978b013cc6,6,amp,main,453,train
6168862515048756869a8e26595681b58d68de340b14e9e7597d83bba3c59c79,9,amp,main,3073,train
f72294d2d879f351dd5e1a3ee8b26e0d676685863ac482e96ba5b1480a56f06f,11,amp,main,3056,train
55aab95e7c6e4ffaf63b4343abaddcc9efdcffcc4b339c4091a5f162fd57a09a,12,amp,main,3074,train
60a0b5c58d70a51e43bad04f10837aa09afc4a45f71fc3f327e6bb47fc78717a,11,amp,main,3056,train
505e5a26e0e0302aece1ec3dc79aaafe906180e76e53bad65ab699cfefb80e99,11,amp,main,3075,train
3a7e9ba42c24b9d3f8fdd9cc9947ef7073f78a58570eb6b1449d32e88350f231,11,amp,main,3076,test
55a6632e5fe0cb31a26bef241f74a69bba01e903ac4215f4d83c70a76179ba86,15,amp,main,2791,train
5ba526fdd1d56af0046b13a6381db362c77c37c192a8eb6f548732bd67ca7840,25,amp,main,2776,train
968707661b48bafe6dc15021393b49764eff386924ff0d6cae33e147fe11fa5f,26,amp,main,3077,train
fe23e8802c47eb9bb40b806b31da18fe10e718d72c1db365cc4a916da109dff1,14,amp,main,3078,test
87d8c855abaf5d645a3e3df02733d758a44090e84d7c87aa4f01bdaf940ffe8e,23,amp,main,3079,train
1808f38b1e05924d1b725a0c757d3fe0ae9495690062838a8a406ba8d18f79f1,25,amp,main,3080,train
925f9b66e488ca344104f9910c3ac470b112b3a3fb68d47ed2111a06fc2d62c0,15,amp,main,2790,train
829a932743adefb6711ec48796d1a8bf0f3fad2341f71d5de0311b02ed773b17,25,amp,main,3081,train
5fdba41dccfaa324a32c05ab8a99a431f0e5efe922146e2817c067e392aac8dc,25,amp,main,3081,train
fc161bb3129bf42c34f49783bc296001bac18c6f376f432795c3afd13bbe16e8,17,amp,main,3082,train
49df6ca5367a124f13f1a07e696831be8ec70259f702424f05bd0aec70d565c9,15,amp,main,3083,test
ab40987f2f4e4aaa4a04542ce94c37a6987f869c8b6370f83b2d0a53d130df05,14,amp,main,3084,train
a2ac98687300cafce75850b23280a66448525eeff65f1bc3a5a9ca7de6c5985d,11,amp,main,3043,train
fb4492bfbdc8c4327433dc86ef00f94901ebf6b107f96780ed98095198e79839,11,amp,main,3043,train
0c758f42ab70b95eba15762c3c57450ac4fa383325eba6c3ce9722cf93b68aa3,11,amp,main,3043,train
b3e94ce40bb4a0a4aef44040e80b50f2a64d57e5d4e45d62de01e812846467ce,16,amp,main,3085,train
24efa817b18f44bb8991733cfb0f59c74d72747b85c03f887b8757c7d5e19d58,15,amp,main,3086,train
ca0d17afcdc70a7f2806a75175213cbb161b8c38d08131d33659ecea91294180,11,amp,main,3043,train
068dbff624e9b87316411f375816976194d5337e8580042fceb51ba41c583297,11,amp,main,3043,train
521f2ac39b7b76822ab5f5f41291d27b0790c808b4ee8523fc52b89f3642a375,11,amp,main,3043,train
